id,city,room_type,log_price,pred
5708593,LA,Private room,4.31749,4.49543
14483613,NYC,Private room,4.00733,4.05400
10412649,DC,Entire home/apt,7.09008,6.54827
17954362,NYC,Private room,3.55535,4.29825
9969781,SF,Entire home/apt,5.48064,5.37160
13113872,NYC,Private room,6.21461,5.27889
12032987,NYC,Private room,4.49981,4.71677
12112830,NYC,Entire home/apt,4.39445,4.44685
16738953,LA,Private room,4.02535,4.36335
94477,NYC,Entire home/apt,5.52146,5.57877
13642074,DC,Entire home/apt,6.32436,6.13528
587205,LA,Entire home/apt,4.36945,5.06591
16333868,SF,Private room,4.86753,4.77488
4717034,NYC,Private room,5.29832,5.07025
12838957,Chicago,Private room,4.29046,4.22244
4889948,Boston,Private room,4.55388,4.25729
4984951,LA,Private room,4.31749,4.13999
17735336,NYC,Private room,4.23411,4.36504
15607852,LA,Entire home/apt,5.52146,5.50257
9844161,LA,Entire home/apt,5.98896,5.67006
12231443,NYC,Entire home/apt,5.51745,5.59867
17512445,LA,Entire home/apt,5.99146,5.68858
15888375,LA,Private room,4.07754,4.09602
20730943,NYC,Private room,4.36945,4.75686
14649625,NYC,Entire home/apt,4.74493,4.90112
15958726,LA,Entire home/apt,4.74493,4.74299
6587722,NYC,Entire home/apt,4.90527,4.93436
1721109,SF,Entire home/apt,5.59842,5.64771
239834,NYC,Entire home/apt,4.44265,4.63809
11745981,LA,Shared room,3.91202,3.77431
17025789,Chicago,Entire home/apt,4.77912,5.18183
856064,NYC,Private room,4.17439,4.31549
20094293,NYC,Entire home/apt,5.12396,5.60684
20481814,NYC,Private room,4.17439,4.56369
1393654,Chicago,Entire home/apt,5.52146,5.07162
17714457,LA,Entire home/apt,6.55108,6.14898
13734253,DC,Entire home/apt,4.93447,4.90068
664206,NYC,Private room,4.49981,4.18115
13752672,NYC,Private room,3.91202,4.22209
20713511,NYC,Private room,4.59512,4.27922
14898753,NYC,Private room,4.38203,4.64950
14670800,NYC,Entire home/apt,5.01064,5.29179
14104613,NYC,Entire home/apt,5.22036,4.95856
9299515,NYC,Entire home/apt,4.70048,4.70275
15889115,NYC,Entire home/apt,5.43808,5.19942
17763283,LA,Private room,4.17439,4.18043
238746,NYC,Shared room,4.00733,4.07012
16437907,NYC,Private room,4.86753,4.56334
13074357,LA,Entire home/apt,5.79909,5.84561
15896468,NYC,Private room,4.60517,4.83635
20618317,NYC,Entire home/apt,5.29832,5.69813
9362788,NYC,Private room,4.60517,4.46766
9973134,LA,Entire home/apt,4.92725,4.96546
6329973,NYC,Entire home/apt,5.41610,5.33326
548765,SF,Entire home/apt,5.52146,5.70402
9507100,LA,Private room,4.07754,3.93426
840391,LA,Private room,4.38203,4.30264
18520172,NYC,Private room,4.60517,4.42751
16486129,LA,Private room,4.44265,4.58913
17222350,NYC,Private room,3.91202,3.80234
16123943,LA,Entire home/apt,4.36945,4.54144
5317981,NYC,Private room,4.02535,4.07259
16402087,NYC,Private room,4.47734,4.32751
13137300,LA,Entire home/apt,5.29330,5.33096
10901291,SF,Entire home/apt,6.21461,5.86430
10432397,NYC,Private room,3.91202,4.80751
15769369,NYC,Entire home/apt,5.19296,5.14327
7281375,LA,Entire home/apt,5.48894,5.65992
12984787,NYC,Entire home/apt,5.99146,5.85052
15666309,NYC,Private room,4.17439,4.19671
14480430,LA,Entire home/apt,5.01064,4.84043
1174537,NYC,Entire home/apt,4.41884,4.46945
18841034,SF,Entire home/apt,5.85507,5.58877
13764901,LA,Entire home/apt,5.29832,4.87779
21137287,SF,Entire home/apt,6.39693,5.73264
18463633,Chicago,Entire home/apt,5.01064,5.09888
6066505,LA,Entire home/apt,5.49306,5.44303
18009055,NYC,Private room,4.59512,4.43820
1892476,NYC,Entire home/apt,4.31749,4.57034
19716328,NYC,Entire home/apt,5.41610,5.18402
9905783,NYC,Entire home/apt,4.74493,5.56251
20780877,NYC,Entire home/apt,5.39363,5.22213
4025329,NYC,Private room,4.00733,3.93790
13039122,NYC,Private room,4.23411,4.04471
11476512,NYC,Private room,4.74493,4.94402
11992914,NYC,Entire home/apt,5.07517,5.02266
18675083,NYC,Private room,3.80666,4.02190
19134850,LA,Private room,4.36945,4.23057
12004744,NYC,Entire home/apt,4.97673,5.01580
8195318,NYC,Private room,4.14313,4.13124
19087867,NYC,Entire home/apt,5.52146,5.37103
14796238,NYC,Private room,4.65396,4.69063
12308959,NYC,Entire home/apt,5.45959,5.42114
3615796,Boston,Entire home/apt,5.70044,5.29884
15798828,LA,Entire home/apt,4.65396,4.53483
19694463,DC,Private room,4.09434,4.31868
18275681,DC,Entire home/apt,4.86753,4.46186
2936449,NYC,Entire home/apt,5.01064,5.56363
9496337,NYC,Private room,4.12713,4.23706
19031723,NYC,Entire home/apt,4.24850,4.40514
9506602,NYC,Entire home/apt,5.01064,5.13989
16321223,NYC,Private room,4.24850,4.24696
19694346,NYC,Private room,4.49981,4.38081
9684262,NYC,Entire home/apt,4.53260,4.97660
5146173,LA,Entire home/apt,4.49981,4.66565
9563787,DC,Entire home/apt,4.24850,4.88570
20424773,LA,Entire home/apt,5.00395,4.95470
14407767,LA,Entire home/apt,5.43372,5.13834
19100241,NYC,Entire home/apt,4.78749,5.01423
16807128,DC,Entire home/apt,4.24850,4.79515
18199361,NYC,Private room,4.78749,4.04235
16847403,LA,Entire home/apt,4.48864,4.32722
1841832,LA,Shared room,4.24850,3.57514
4620262,NYC,Entire home/apt,5.85793,5.42135
16965094,NYC,Entire home/apt,5.01064,5.07973
1789715,DC,Private room,3.73767,4.81956
21134436,LA,Private room,4.91998,4.38166
16916679,NYC,Private room,3.91202,3.93668
13298137,LA,Private room,4.52179,4.15467
1530386,NYC,Entire home/apt,5.68698,5.48748
18156135,DC,Private room,4.90527,4.53749
12131116,DC,Entire home/apt,6.90776,6.28625
4836986,NYC,Entire home/apt,5.01064,5.25061
13563608,DC,Private room,2.30259,5.09562
4287926,LA,Private room,3.87120,4.26166
19596066,NYC,Entire home/apt,4.09434,4.55180
2934692,Boston,Entire home/apt,5.85793,5.97274
18877699,NYC,Entire home/apt,4.46591,5.03569
17206947,LA,Entire home/apt,4.48864,4.51105
18226182,NYC,Private room,4.49981,4.29766
17793303,LA,Entire home/apt,5.76519,5.73869
2546015,LA,Entire home/apt,5.04343,4.72984
13686205,NYC,Entire home/apt,6.21461,5.71846
13167484,LA,Entire home/apt,4.74493,4.71557
19056046,DC,Private room,3.80666,4.20558
18180752,NYC,Entire home/apt,5.29330,5.37133
441901,LA,Entire home/apt,4.64439,4.66454
1217318,NYC,Private room,4.21951,4.30158
18288828,Chicago,Entire home/apt,5.06890,4.60530
20637981,NYC,Entire home/apt,5.27300,4.75544
17907114,SF,Entire home/apt,5.01064,5.29497
9712126,NYC,Private room,4.17439,4.00689
533625,DC,Private room,3.80666,4.17792
12476212,LA,Entire home/apt,4.55388,4.57540
3869319,NYC,Private room,4.47734,4.42571
3582797,DC,Entire home/apt,4.65396,4.69903
4794766,Chicago,Entire home/apt,5.82008,5.40709
19714620,LA,Entire home/apt,5.29330,5.25687
11419179,NYC,Private room,5.24702,4.98950
17590525,NYC,Private room,3.78419,4.01881
13344433,NYC,Entire home/apt,5.51745,5.32996
14405126,NYC,Entire home/apt,4.17439,4.76398
7902556,NYC,Entire home/apt,5.14166,5.03787
2995701,NYC,Private room,4.21951,4.48095
15673954,LA,Entire home/apt,5.16479,4.93527
9782,NYC,Entire home/apt,4.71850,4.86647
12367709,SF,Private room,5.07517,4.81437
16259005,LA,Private room,3.43399,3.80445
9853959,NYC,Private room,5.07517,4.68190
17764860,LA,Private room,4.00733,4.14074
16658801,NYC,Entire home/apt,5.01064,5.09229
4730172,SF,Private room,4.48864,4.43422
6561427,LA,Private room,4.31749,4.15399
7731797,LA,Entire home/apt,4.17439,4.34485
8473501,SF,Entire home/apt,5.63121,5.50725
12315897,NYC,Entire home/apt,4.90527,4.53775
4098078,DC,Entire home/apt,5.61677,5.81881
6646805,NYC,Private room,4.09434,4.16614
4880542,NYC,Private room,4.07754,4.60629
13192336,NYC,Entire home/apt,5.01064,4.71477
7807561,NYC,Entire home/apt,5.39363,5.24697
11825039,NYC,Entire home/apt,5.29832,5.00360
19023209,NYC,Entire home/apt,4.58497,4.67334
9550480,NYC,Entire home/apt,5.43808,5.00051
20695394,LA,Entire home/apt,4.94164,5.03556
17263207,NYC,Entire home/apt,6.35437,6.25189
17905019,LA,Entire home/apt,4.78749,4.46281
2272467,NYC,Private room,4.55388,4.38875
13624011,SF,Entire home/apt,5.52146,6.41311
6170738,LA,Entire home/apt,5.31321,5.67487
4661760,NYC,Entire home/apt,6.26340,5.69354
17909443,DC,Entire home/apt,3.68888,4.48482
13906636,NYC,Entire home/apt,5.07517,4.86962
16443208,LA,Entire home/apt,4.74493,4.64051
20439522,NYC,Shared room,4.82831,4.73016
14650833,NYC,Private room,4.23411,4.62796
1755844,Boston,Entire home/apt,5.00395,5.32035
1102942,NYC,Shared room,4.60517,4.16358
3654480,LA,Private room,4.09434,4.06236
18257671,LA,Private room,5.13580,4.90225
6719207,NYC,Entire home/apt,5.00395,5.23359
16337846,DC,Entire home/apt,4.86753,5.18705
16908226,NYC,Entire home/apt,5.29832,5.73658
15983174,SF,Entire home/apt,6.90776,6.25826
15968539,LA,Entire home/apt,4.97673,5.08529
13348000,LA,Entire home/apt,4.74493,4.65202
14237397,SF,Entire home/apt,5.68698,5.58770
231154,NYC,Entire home/apt,5.48064,5.70599
879035,LA,Entire home/apt,5.56068,5.36019
12592117,Boston,Entire home/apt,4.24850,4.48294
8770382,LA,Entire home/apt,4.97673,4.79218
4190935,NYC,Entire home/apt,4.97673,4.83660
17780548,NYC,Private room,4.45435,4.38963
7423809,NYC,Entire home/apt,6.68336,6.12334
10230866,NYC,Private room,3.91202,4.17163
7404255,NYC,Entire home/apt,5.85793,5.92526
18005988,SF,Private room,5.04343,4.85850
7370580,Boston,Private room,4.23411,4.38887
1646789,SF,Entire home/apt,4.70953,5.46776
9714323,NYC,Private room,4.60517,4.02163
1330775,NYC,Entire home/apt,5.70378,5.34775
19801605,NYC,Entire home/apt,4.85981,5.58640
16396399,NYC,Entire home/apt,5.16479,5.30687
13671981,LA,Private room,4.31749,4.56354
14624902,NYC,Private room,4.36945,4.24789
14538224,NYC,Entire home/apt,5.00395,5.20078
8849758,NYC,Private room,4.46591,4.85198
9651123,Boston,Private room,4.59512,4.40330
16288853,NYC,Entire home/apt,4.61512,4.83796
13709910,Boston,Entire home/apt,4.76217,4.98423
9435315,NYC,Private room,4.65396,4.70182
12604187,LA,Entire home/apt,4.94164,5.29562
17482805,NYC,Private room,5.16479,3.98456
7694552,Chicago,Private room,3.80666,4.09206
17171025,NYC,Entire home/apt,4.86753,5.24892
14618874,NYC,Private room,3.80666,4.27290
256134,LA,Entire home/apt,4.24850,4.49359
568304,NYC,Entire home/apt,4.82831,4.80701
18188738,NYC,Entire home/apt,5.01064,5.54805
16664148,SF,Private room,5.01064,5.03297
18506084,DC,Entire home/apt,5.51745,5.51492
14802672,Boston,Private room,4.39445,4.84644
17889452,NYC,Private room,4.24850,4.18899
11676806,LA,Private room,3.66356,3.95381
5221073,LA,Entire home/apt,5.15906,4.74964
18490915,NYC,Private room,4.09434,4.39228
14011916,SF,Entire home/apt,5.29832,5.26519
20235591,LA,Entire home/apt,4.90527,4.62081
660008,SF,Entire home/apt,4.17439,5.45397
4365053,DC,Entire home/apt,4.59512,5.35846
16414226,NYC,Entire home/apt,4.86753,4.73101
13121821,LA,Private room,3.91202,4.05524
12519645,NYC,Entire home/apt,5.93754,5.83243
15579482,NYC,Private room,4.70953,4.64091
17487806,NYC,Private room,3.91202,3.86799
11728836,NYC,Private room,4.24850,4.01813
4296177,NYC,Shared room,3.17805,3.55046
13238211,NYC,Entire home/apt,4.70048,4.62709
14842043,NYC,Entire home/apt,5.29832,5.23813
14551017,LA,Entire home/apt,4.82831,4.90824
18275502,LA,Entire home/apt,4.99043,4.77755
14303653,NYC,Entire home/apt,5.52146,5.32228
6670272,NYC,Entire home/apt,5.47646,5.27562
18746866,NYC,Private room,4.09434,4.25764
16160027,LA,Private room,4.09434,3.91144
16534157,Chicago,Entire home/apt,6.16331,5.62666
14637667,NYC,Entire home/apt,5.52146,4.72689
15028251,LA,Private room,4.52179,4.38523
576426,NYC,Entire home/apt,4.69135,5.03088
20995454,NYC,Private room,3.80666,3.90182
3120957,NYC,Private room,5.04343,4.57178
1774077,NYC,Private room,4.48864,4.31712
20499306,NYC,Entire home/apt,4.74493,4.80856
19142557,LA,Entire home/apt,4.87520,4.68510
3737847,LA,Entire home/apt,5.85793,5.79740
18488416,SF,Entire home/apt,5.01064,5.11970
7573221,SF,Entire home/apt,5.07517,5.00200
8285534,NYC,Private room,3.33220,4.17530
8846877,NYC,Entire home/apt,5.99146,5.66849
16792949,NYC,Private room,3.98898,4.09170
2061930,NYC,Private room,4.38203,3.92514
14841969,NYC,Entire home/apt,4.90527,5.01667
15852221,NYC,Private room,4.82831,4.59835
4829779,NYC,Private room,4.74493,4.57565
21070301,SF,Entire home/apt,4.59512,4.95196
10381814,DC,Entire home/apt,6.01372,6.00881
13624184,DC,Private room,4.17439,4.43948
9694072,Chicago,Entire home/apt,5.49306,4.79016
16481424,NYC,Private room,4.31749,4.41240
17024638,NYC,Private room,3.40120,3.68449
2430258,NYC,Entire home/apt,4.70048,4.74788
16195143,LA,Entire home/apt,5.42935,5.03764
20739147,Boston,Private room,5.18739,4.95747
6515263,LA,Entire home/apt,5.29330,5.41897
15336527,DC,Entire home/apt,4.26268,4.92951
13971471,LA,Entire home/apt,5.81413,5.84271
16726738,DC,Entire home/apt,4.38203,4.61007
3125138,NYC,Private room,3.91202,4.03359
10836399,DC,Entire home/apt,6.21461,5.31143
568933,LA,Private room,3.91202,4.39534
11169799,LA,Shared room,3.68888,3.79109
3317591,NYC,Entire home/apt,4.90527,4.86641
17810173,Chicago,Private room,4.65396,4.61037
14227598,NYC,Entire home/apt,5.52146,5.21792
10883385,LA,Shared room,3.89182,4.02898
14148710,LA,Entire home/apt,4.74493,4.95916
4916889,NYC,Entire home/apt,5.41610,5.33182
2400073,Chicago,Entire home/apt,5.96615,5.55086
15028070,DC,Entire home/apt,4.82831,4.78040
10280848,SF,Entire home/apt,4.90527,5.08128
7239575,SF,Private room,4.86753,4.66031
4819087,Chicago,Entire home/apt,4.78749,5.19814
14072071,NYC,Entire home/apt,4.82831,4.56605
9872904,NYC,Private room,4.44265,4.27652
440106,NYC,Private room,4.44265,4.12839
2296209,NYC,Private room,4.55388,4.46732
6184140,NYC,Private room,3.80666,4.38625
17184804,NYC,Entire home/apt,4.86753,5.22640
16291030,LA,Entire home/apt,5.55683,5.40936
1547166,Chicago,Entire home/apt,4.49981,5.39277
14799100,NYC,Entire home/apt,5.01064,5.29512
20086201,LA,Private room,4.31749,4.00694
7035579,LA,Private room,4.82831,4.19445
6390085,LA,Entire home/apt,4.78749,5.09520
12208792,LA,Entire home/apt,4.59512,4.63927
7226841,NYC,Private room,4.24850,4.28770
19691179,Boston,Entire home/apt,5.12990,5.31156
15785733,NYC,Private room,5.01064,4.72767
9885174,Boston,Entire home/apt,5.85793,6.09914
7405299,SF,Private room,4.78749,4.88503
4815028,LA,Entire home/apt,4.44265,4.70982
9789170,NYC,Entire home/apt,4.09434,4.63452
14389845,NYC,Private room,4.24850,4.07026
14141674,LA,Entire home/apt,4.44265,4.57836
13844204,LA,Entire home/apt,4.93447,5.38334
4511418,Chicago,Private room,3.82864,4.23864
16781461,NYC,Private room,4.06044,4.33111
4483906,LA,Private room,3.66356,3.92309
148242,Chicago,Private room,4.55388,3.89038
16690607,NYC,Private room,3.36730,4.04547
10352280,NYC,Private room,4.49981,4.29274
4585979,LA,Private room,3.73767,4.59090
16239598,NYC,Private room,5.29832,5.72781
12871815,NYC,Entire home/apt,4.60517,4.88918
9279146,NYC,Private room,4.38203,4.21383
14886731,NYC,Entire home/apt,5.01064,5.14721
13495586,Boston,Entire home/apt,4.97673,4.99032
2923352,Chicago,Private room,3.89182,3.84135
7692701,NYC,Private room,4.04305,4.39218
17951911,SF,Entire home/apt,5.16479,4.91209
15430782,SF,Entire home/apt,6.17379,5.82403
7546944,LA,Private room,4.24850,4.30436
2532873,Chicago,Private room,3.21888,3.73750
9080582,SF,Entire home/apt,5.01064,5.85144
6791047,NYC,Entire home/apt,4.82831,4.55850
9887763,LA,Entire home/apt,5.99146,6.13761
9108196,NYC,Entire home/apt,4.55388,4.89484
13444138,NYC,Entire home/apt,5.29832,5.44351
11374834,LA,Private room,3.66356,3.88910
5628773,DC,Private room,4.36945,4.29937
16482463,DC,Shared room,3.66356,3.99560
14341121,NYC,Entire home/apt,4.49981,4.68077
14453434,NYC,Private room,4.24850,4.60546
18003619,Boston,Private room,4.94164,4.51594
11942373,SF,Private room,4.60517,4.77915
15462998,NYC,Private room,4.60517,4.16609
5104950,LA,Entire home/apt,5.52146,5.52345
6029332,NYC,Entire home/apt,4.78749,4.94272
17209549,NYC,Entire home/apt,5.19296,4.93924
6806165,LA,Private room,3.80666,4.03005
6464216,NYC,Private room,3.89182,4.24024
2465333,LA,Entire home/apt,5.29832,5.09727
16160575,LA,Private room,3.71357,3.96708
6450131,LA,Private room,3.73767,4.86195
13545646,Boston,Entire home/apt,5.15906,5.07543
11912097,Boston,Entire home/apt,5.52146,5.27021
226594,Boston,Entire home/apt,5.70378,5.38801
5081487,NYC,Private room,3.80666,4.10081
333175,NYC,Shared room,4.38203,4.63604
17909593,LA,Shared room,3.80666,3.67654
9684188,LA,Entire home/apt,4.97673,4.79549
339619,LA,Entire home/apt,4.70048,4.72504
9219530,NYC,Private room,4.63473,4.38165
7053805,NYC,Entire home/apt,5.00395,4.77831
20124293,LA,Entire home/apt,4.24850,4.31881
15492820,SF,Entire home/apt,5.30827,5.21418
15359473,NYC,Entire home/apt,5.52146,5.30880
7619056,LA,Private room,4.45435,4.39479
9780260,LA,Entire home/apt,5.85793,6.04065
281721,NYC,Private room,4.59512,4.48397
12538158,LA,Entire home/apt,4.30407,4.64333
12744068,NYC,Entire home/apt,4.82831,4.77081
16467855,LA,Entire home/apt,5.51343,5.73983
6688617,DC,Entire home/apt,4.73620,4.52473
20554526,SF,Entire home/apt,4.59512,5.04401
5703943,NYC,Entire home/apt,4.17439,4.45878
3694643,NYC,Private room,4.49981,4.33225
15501051,NYC,Private room,4.70048,4.54690
5004088,LA,Entire home/apt,5.70378,5.30346
9904223,NYC,Private room,4.47734,4.23639
14466638,NYC,Private room,4.74493,4.77091
16812387,NYC,Private room,3.97029,4.01022
3930560,NYC,Private room,4.31749,4.25924
6646782,LA,Entire home/apt,4.61512,5.10678
16268350,SF,Private room,4.12713,4.60938
7871441,LA,Entire home/apt,4.48864,4.53095
13157142,NYC,Entire home/apt,4.65396,4.81814
10131101,SF,Private room,4.38203,4.44050
287839,DC,Entire home/apt,5.57973,5.40001
10697785,DC,Private room,3.40120,3.91648
17587897,NYC,Private room,4.00733,4.05420
7775926,NYC,Entire home/apt,5.16479,5.30551
19290046,NYC,Entire home/apt,4.59512,5.06512
10104449,NYC,Private room,4.38203,4.28210
7342489,DC,Private room,6.80239,4.21466
15498606,NYC,Entire home/apt,5.08760,5.00878
15206909,Chicago,Entire home/apt,5.07517,4.75636
14266097,LA,Private room,4.43082,3.68031
11863257,NYC,Entire home/apt,4.59512,4.59215
13058423,SF,Private room,4.55388,4.61110
12543903,Chicago,Entire home/apt,4.90527,5.68031
7966929,SF,Entire home/apt,5.24702,5.08198
17943126,LA,Private room,4.17439,4.10657
7547631,LA,Entire home/apt,5.52146,5.51725
2258461,LA,Private room,3.97029,4.28422
17526126,DC,Shared room,3.21888,4.37760
16376456,NYC,Entire home/apt,5.24175,5.52032
12220661,DC,Entire home/apt,5.52146,5.84692
19038815,LA,Shared room,3.40120,3.67487
7855702,LA,Private room,4.00733,4.14152
8408530,Boston,Private room,4.70048,4.61635
9716652,DC,Private room,4.38203,4.09468
17492023,LA,Entire home/apt,4.55388,4.85429
8014383,NYC,Entire home/apt,5.70378,5.25552
14967050,DC,Private room,5.01064,4.28225
20679565,NYC,Private room,5.01064,4.88818
4099619,LA,Entire home/apt,5.85793,5.19865
18059617,NYC,Entire home/apt,5.29832,5.49387
19177269,Boston,Private room,4.82831,4.72762
11281779,LA,Private room,3.89182,3.79077
14073773,LA,Entire home/apt,5.04343,5.04633
3434683,DC,Private room,3.49651,3.81640
9713626,LA,Private room,4.49981,4.29781
16230640,LA,Private room,4.24850,4.35561
1260277,Chicago,Entire home/apt,4.82831,4.89518
10548699,LA,Private room,4.44265,4.87437
17721232,DC,Entire home/apt,4.60517,4.63169
16719891,NYC,Entire home/apt,4.65396,4.64381
10783028,NYC,Private room,3.80666,3.98340
15792652,NYC,Entire home/apt,4.60517,4.85743
11285505,LA,Entire home/apt,5.06890,4.75277
18067,NYC,Private room,5.29832,4.95881
15996670,NYC,Entire home/apt,5.13580,4.80578
21149563,LA,Entire home/apt,5.51745,5.40204
646391,NYC,Private room,3.68888,4.33636
11659008,NYC,Private room,3.91202,4.16950
834813,NYC,Entire home/apt,5.70378,5.61426
9050149,SF,Private room,4.17439,4.60088
7809701,NYC,Private room,5.01064,4.85088
2784096,NYC,Private room,4.20469,4.20144
6117387,LA,Private room,4.65396,4.48930
6852145,NYC,Entire home/apt,5.52146,5.10155
14715026,DC,Private room,5.16479,4.93223
15099149,NYC,Private room,3.91202,3.98357
16331351,SF,Private room,5.00395,4.65026
11714323,NYC,Private room,4.31749,4.27934
16652963,SF,Entire home/apt,5.57973,5.57507
8115730,NYC,Entire home/apt,4.73620,4.97886
322037,LA,Entire home/apt,4.85981,4.71543
16324410,NYC,Entire home/apt,5.52146,5.39372
8273569,Chicago,Entire home/apt,4.31749,4.92911
15104367,DC,Entire home/apt,4.59512,5.35246
5672335,NYC,Entire home/apt,5.03044,5.15403
16160578,LA,Private room,3.89182,4.13168
2319863,DC,Entire home/apt,4.78749,4.62191
13530049,NYC,Private room,4.60517,4.34884
9621849,NYC,Entire home/apt,4.82831,5.21388
4823910,NYC,Entire home/apt,5.52146,5.28944
8764277,NYC,Private room,4.89035,4.85622
16176888,LA,Private room,3.80666,3.94663
20589362,LA,Entire home/apt,5.85793,5.73567
19390119,SF,Private room,4.14313,4.15390
1365536,NYC,Entire home/apt,5.19296,5.19221
16464604,NYC,Entire home/apt,5.19296,5.52546
16568106,NYC,Entire home/apt,4.94164,4.98795
13558825,LA,Entire home/apt,4.86753,4.82364
249907,NYC,Entire home/apt,5.76832,5.34449
12507128,NYC,Private room,3.91202,4.02954
206518,NYC,Private room,4.15888,4.46628
15234653,SF,Entire home/apt,5.51745,5.41230
16336687,LA,Entire home/apt,6.21461,5.44770
13319038,LA,Entire home/apt,5.29832,4.78473
7622568,NYC,Shared room,3.91202,4.01978
18077803,LA,Entire home/apt,4.44265,4.41113
3549398,NYC,Private room,3.95124,4.12128
2345266,NYC,Entire home/apt,5.52146,5.38794
14611960,NYC,Private room,4.86753,4.72956
13711911,SF,Private room,4.59512,4.51065
837016,Chicago,Entire home/apt,5.24175,4.71468
4588369,NYC,Private room,4.59512,4.39369
4156921,NYC,Entire home/apt,5.70378,6.07496
14946214,Chicago,Shared room,2.99573,3.01882
13786784,LA,Entire home/apt,4.65396,4.67430
8490307,LA,Entire home/apt,6.68461,6.49357
18482148,NYC,Entire home/apt,5.13580,5.15235
45417,Chicago,Entire home/apt,5.29330,5.35079
6729778,LA,Entire home/apt,5.01064,5.52995
4217123,LA,Private room,4.85981,4.50910
20746708,LA,Private room,4.00733,4.17279
19830687,DC,Private room,3.91202,4.44649
9732612,SF,Private room,4.44265,4.55609
55857,LA,Entire home/apt,5.04343,4.98237
8444298,LA,Entire home/apt,5.85793,6.00031
17257473,LA,Entire home/apt,6.90776,6.37704
8286494,Chicago,Private room,4.31749,3.74073
18035212,NYC,Private room,4.17439,4.15185
5298450,LA,Entire home/apt,4.15888,4.43580
8226965,Chicago,Entire home/apt,5.29832,5.01302
18327502,LA,Private room,4.24850,3.86186
17692152,LA,Entire home/apt,5.01064,5.07492
18107750,DC,Private room,4.59512,4.71397
4227799,Chicago,Entire home/apt,4.80402,4.93079
13857415,Boston,Private room,4.09434,4.10494
18460051,NYC,Private room,3.68888,4.07138
16383490,LA,Private room,3.49651,3.85602
20287301,LA,Shared room,3.40120,3.65832
15134876,LA,Entire home/apt,5.41610,5.30352
17878759,NYC,Private room,4.53260,4.83258
14491416,LA,Entire home/apt,5.22036,5.07543
20330142,SF,Entire home/apt,5.99146,5.63472
9636013,NYC,Entire home/apt,4.38203,5.18183
6425405,NYC,Entire home/apt,5.19296,5.26463
13803420,NYC,Entire home/apt,5.01064,4.94962
7731018,LA,Private room,3.66356,4.34767
7529255,LA,Private room,4.00733,4.04989
15394942,NYC,Entire home/apt,5.85507,5.82493
15938515,NYC,Private room,4.00733,4.02189
6476426,DC,Entire home/apt,4.82831,4.87610
13168677,NYC,Private room,4.34381,4.16454
13157600,NYC,Entire home/apt,5.37064,5.20382
10755640,LA,Entire home/apt,4.87520,4.56612
15870976,NYC,Private room,5.01064,4.57321
8524788,NYC,Shared room,5.29832,5.14910
9596736,NYC,Entire home/apt,5.52146,5.68431
1970017,NYC,Entire home/apt,5.73657,5.44581
12266335,LA,Entire home/apt,4.70048,4.66257
14014118,SF,Entire home/apt,6.21261,5.96204
11801738,NYC,Shared room,3.21888,3.72346
11352494,NYC,Private room,3.91202,4.29159
4199123,NYC,Entire home/apt,6.10925,6.41327
8845805,Chicago,Entire home/apt,6.10925,5.83929
12675052,NYC,Entire home/apt,4.59512,4.42151
18438438,DC,Entire home/apt,4.47734,5.38591
20587853,LA,Entire home/apt,4.93447,5.26383
1167730,LA,Entire home/apt,4.44265,4.83546
15989608,NYC,Private room,4.31749,4.03979
12436149,NYC,Shared room,3.68888,3.94626
3945880,NYC,Entire home/apt,4.78749,4.51702
2747654,NYC,Private room,4.38203,4.58973
14944663,Chicago,Entire home/apt,4.94164,5.12603
11370047,NYC,Entire home/apt,4.94164,4.87211
15326614,Chicago,Private room,4.00733,4.13916
61482,NYC,Private room,4.59512,4.63939
11157369,LA,Private room,3.68888,3.67141
8572941,NYC,Entire home/apt,4.70048,4.73447
16982938,LA,Entire home/apt,4.09434,4.46950
8183217,NYC,Entire home/apt,5.27300,5.19140
5386580,LA,Entire home/apt,3.95124,4.52962
9508780,NYC,Entire home/apt,5.07517,4.78269
18571066,NYC,Entire home/apt,5.01064,5.05709
15099686,Chicago,Private room,4.38203,4.56536
16359644,NYC,Entire home/apt,4.09434,4.77019
18823930,NYC,Entire home/apt,6.10925,5.45787
1101097,Chicago,Entire home/apt,3.93183,4.56295
6591087,LA,Entire home/apt,7.14992,7.01668
5568799,NYC,Entire home/apt,5.52146,5.54268
13241517,LA,Private room,5.01064,4.34536
9841588,NYC,Entire home/apt,5.60580,5.39428
6343837,NYC,Entire home/apt,5.41610,5.23979
4637258,NYC,Entire home/apt,4.78749,4.93671
4772459,NYC,Private room,5.01064,4.64518
4387491,SF,Private room,5.47646,4.57259
11798000,LA,Private room,4.15888,4.02380
12872454,LA,Entire home/apt,4.00733,4.35837
643989,NYC,Private room,4.36945,4.28060
16734513,LA,Entire home/apt,4.38203,4.56382
16064430,DC,Private room,3.91202,4.32223
16841857,NYC,Entire home/apt,5.29832,4.91956
18520479,NYC,Private room,3.80666,4.19926
11599813,LA,Entire home/apt,5.48064,4.64304
15132407,NYC,Entire home/apt,5.13580,4.92815
2089745,LA,Entire home/apt,4.85981,4.91542
15410480,LA,Entire home/apt,4.58497,4.66122
10246816,LA,Entire home/apt,4.73620,4.87793
18895387,Chicago,Entire home/apt,5.29832,5.58663
21151290,LA,Entire home/apt,5.51343,5.70602
8248034,NYC,Entire home/apt,6.61338,6.38355
17476391,NYC,Shared room,3.91202,3.79575
16003867,NYC,Entire home/apt,5.01064,5.50170
6799722,Chicago,Entire home/apt,4.31749,4.37573
11082727,LA,Entire home/apt,5.01064,4.74070
297611,LA,Entire home/apt,6.39693,6.29082
1784523,NYC,Entire home/apt,5.55683,5.48482
13809209,NYC,Entire home/apt,4.60517,4.74310
12273305,NYC,Entire home/apt,5.85793,5.46216
9321738,LA,Private room,3.58352,4.01828
18314587,NYC,Private room,4.02535,4.42335
15646617,SF,Entire home/apt,6.55108,6.19301
18431597,SF,Entire home/apt,5.41610,5.20185
20730892,LA,Shared room,3.40120,3.23590
15437077,LA,Private room,4.60517,4.47422
11496607,NYC,Entire home/apt,4.70048,5.01261
1867881,SF,Private room,4.24850,4.52667
9323705,LA,Entire home/apt,5.70378,5.45291
16194836,NYC,Entire home/apt,5.39363,5.07996
12569788,LA,Shared room,2.77259,3.32404
20728100,Chicago,Entire home/apt,5.55683,5.19835
14489025,NYC,Private room,3.91202,3.98634
2216767,Chicago,Private room,3.40120,3.90963
15074185,NYC,Private room,4.09434,4.03874
15573201,LA,Entire home/apt,4.74493,5.13722
14650864,LA,Private room,4.36945,4.26379
5991556,NYC,Private room,4.74493,4.87069
4987370,LA,Shared room,3.55535,3.95837
14120620,LA,Private room,3.89182,3.87555
14039090,NYC,Entire home/apt,5.41610,5.28835
9475176,LA,Entire home/apt,4.77068,4.95541
10847705,DC,Entire home/apt,5.70044,6.09269
11637944,NYC,Private room,4.09434,4.31624
8161733,NYC,Entire home/apt,5.43808,5.39756
6783213,NYC,Private room,3.91202,4.27072
15456004,LA,Entire home/apt,6.39693,5.30553
16993079,NYC,Entire home/apt,5.29832,5.86150
18370699,LA,Private room,4.60517,4.41165
20983319,NYC,Private room,4.60517,4.15764
15997880,NYC,Private room,4.17439,4.03970
16576705,Boston,Entire home/apt,5.76832,5.88592
19504570,Boston,Private room,4.09434,4.00021
1198049,NYC,Private room,4.17439,4.27660
9797243,LA,Private room,4.36945,4.17773
18051877,LA,Private room,4.00733,4.44248
17383770,NYC,Entire home/apt,5.45959,5.37544
18159711,NYC,Private room,3.91202,4.25702
2932425,LA,Private room,4.70048,4.55359
2951108,Chicago,Private room,5.66296,5.34900
10908616,NYC,Entire home/apt,5.98896,5.71465
6425238,NYC,Private room,3.91202,4.23821
15408333,NYC,Private room,3.91202,4.02369
11548744,LA,Entire home/apt,5.13580,4.97433
872314,NYC,Entire home/apt,5.29832,5.08040
18262583,NYC,Private room,4.29046,4.37912
13141933,DC,Entire home/apt,5.14749,5.13823
1549929,Chicago,Entire home/apt,5.07517,4.88550
16569362,DC,Entire home/apt,7.31322,5.96129
10971163,LA,Entire home/apt,5.56068,5.30669
12489916,NYC,Entire home/apt,5.07517,5.26716
18408506,NYC,Entire home/apt,5.01064,5.88778
9589373,LA,Entire home/apt,4.97673,4.86030
17919491,NYC,Entire home/apt,4.60517,4.80008
3767679,Boston,Private room,3.91202,4.53781
7919372,NYC,Private room,4.38203,4.37602
19983061,SF,Private room,4.70048,4.76252
240314,SF,Private room,5.78383,4.81713
10920346,NYC,Entire home/apt,5.95324,5.16577
1562024,Chicago,Entire home/apt,5.41610,5.63563
15472688,Chicago,Private room,4.60517,4.53363
17983667,SF,Entire home/apt,5.07517,4.90704
13693433,NYC,Entire home/apt,5.61677,5.55419
10138872,LA,Entire home/apt,5.98896,5.97379
19891880,Boston,Private room,4.82831,4.67176
18208955,SF,Entire home/apt,5.36598,5.86151
13028376,Chicago,Private room,4.09434,4.51169
10517359,Chicago,Entire home/apt,4.59512,4.77294
12309410,DC,Entire home/apt,4.44265,4.43999
6084064,NYC,Entire home/apt,5.07517,5.16601
8866801,Chicago,Private room,4.09434,4.20237
15988387,NYC,Private room,3.91202,4.11370
13114050,LA,Entire home/apt,5.41610,5.58361
13376741,LA,Entire home/apt,4.36945,4.30694
3257886,LA,Shared room,4.55388,4.20941
6093919,LA,Private room,3.73767,3.83137
18044635,LA,Private room,4.36945,4.26728
71507,DC,Private room,4.07754,4.06288
19473410,NYC,Entire home/apt,4.06044,4.52208
13020290,NYC,Private room,4.43082,4.12343
3663178,NYC,Entire home/apt,5.52146,5.34312
11334091,NYC,Private room,3.91202,4.08868
17620415,NYC,Entire home/apt,4.60517,4.74238
12854724,NYC,Entire home/apt,4.60517,4.94911
7638293,NYC,Entire home/apt,5.01064,5.04038
5881570,NYC,Entire home/apt,4.82028,4.77600
13766679,SF,Private room,4.35671,4.51921
20057317,NYC,Private room,4.07754,4.32133
11497384,LA,Entire home/apt,4.58497,4.48577
18959626,LA,Private room,4.24850,4.15070
16537224,NYC,Entire home/apt,4.70048,4.75240
16068014,LA,Entire home/apt,7.04752,6.82359
14300095,NYC,Entire home/apt,5.72031,5.61204
20645591,DC,Shared room,4.24850,4.37430
4589167,Boston,Entire home/apt,5.52146,5.33460
20503640,SF,Entire home/apt,6.21461,5.54217
15658271,LA,Private room,4.47734,4.49771
7884277,NYC,Private room,4.71850,4.78709
11547596,NYC,Private room,5.19296,4.96412
1203526,NYC,Entire home/apt,5.01064,4.83678
14319534,SF,Private room,5.29330,4.92595
4333204,Chicago,Private room,3.46574,4.15185
5343821,NYC,Private room,4.31749,4.23817
7637088,SF,Private room,5.01064,5.01125
1461030,Chicago,Private room,4.00733,4.32722
3093616,NYC,Shared room,4.23411,4.13242
9345054,NYC,Entire home/apt,6.30992,6.31706
12563738,LA,Private room,4.00733,4.19359
9548788,LA,Private room,4.60517,4.77418
8335652,NYC,Entire home/apt,4.51086,5.10704
4477980,DC,Entire home/apt,4.36945,4.85655
5187499,SF,Entire home/apt,7.31322,5.46075
7482792,NYC,Private room,4.24850,4.51591
6749145,NYC,Private room,4.70048,4.61315
14387880,NYC,Private room,3.97029,3.96087
4968471,Boston,Private room,4.55388,4.69855
9450734,NYC,Entire home/apt,5.51745,5.62126
18429435,NYC,Private room,3.98898,3.94268
13543793,NYC,Private room,4.64439,4.73391
13478101,LA,Entire home/apt,5.54126,5.01900
16704142,NYC,Entire home/apt,4.78749,5.01656
8827402,NYC,Entire home/apt,5.41610,5.50874
14854256,SF,Entire home/apt,4.55388,5.02970
4842628,LA,Private room,3.91202,4.14504
2305039,LA,Private room,4.78749,4.89473
8277136,NYC,Private room,4.17439,4.58444
18908051,LA,Entire home/apt,3.91202,4.50297
7734995,LA,Entire home/apt,5.27300,5.67344
19207818,NYC,Entire home/apt,5.01064,4.53386
18484797,NYC,Entire home/apt,6.68461,6.22869
12990133,LA,Private room,4.11087,4.48127
2460367,NYC,Private room,4.54329,4.58228
15679361,LA,Entire home/apt,5.70378,5.93449
9448117,DC,Entire home/apt,4.82831,4.79611
1183249,LA,Entire home/apt,4.23411,4.35328
7734079,SF,Private room,3.91202,4.47231
15003628,LA,Private room,4.48864,4.48321
13318433,LA,Private room,4.00733,4.43235
7117301,DC,Private room,4.00733,4.26544
14854013,NYC,Entire home/apt,4.75359,4.87015
15250785,NYC,Private room,4.04305,4.14575
20467141,SF,Entire home/apt,5.01064,5.13940
17656957,SF,Entire home/apt,4.93447,5.48960
20385338,NYC,Entire home/apt,5.01064,5.26001
7454585,Boston,Entire home/apt,5.70044,5.34433
8532464,NYC,Entire home/apt,4.77912,4.80835
11744730,SF,Private room,5.85507,5.50121
10144140,NYC,Entire home/apt,5.19850,5.36416
6654081,NYC,Private room,4.31749,4.13163
18716795,NYC,Private room,3.91202,4.29025
18080545,LA,Private room,3.68888,3.73681
15707090,NYC,Private room,5.01064,4.59963
13838098,LA,Private room,4.31749,4.33759
13494895,DC,Entire home/apt,6.39693,6.13618
19639687,NYC,Entire home/apt,4.38203,4.54671
12173205,SF,Private room,5.01064,5.70966
17722117,SF,Entire home/apt,6.10925,6.20489
8286687,NYC,Entire home/apt,4.02535,4.30843
13972708,LA,Entire home/apt,5.39363,5.75526
9465562,NYC,Private room,4.44265,4.17850
16360010,NYC,Entire home/apt,4.81218,5.08379
266437,NYC,Private room,4.49981,4.26710
2487851,LA,Entire home/apt,5.01064,4.90727
6587414,LA,Private room,4.44265,4.38976
3354004,LA,Entire home/apt,5.01064,4.85737
12941015,SF,Entire home/apt,5.01728,5.53122
9150111,LA,Entire home/apt,5.43372,5.54868
15088955,LA,Private room,5.01064,4.70864
19766095,DC,Entire home/apt,6.21461,6.41110
18500698,DC,Entire home/apt,5.52146,4.98265
18162696,LA,Private room,4.55388,4.47951
13130657,DC,Entire home/apt,5.10595,5.10791
16585301,LA,Entire home/apt,5.10595,5.09755
4343926,Chicago,Entire home/apt,4.24850,4.32182
9826822,Chicago,Entire home/apt,4.38203,4.57875
19751053,Chicago,Private room,4.09434,4.12341
924888,Chicago,Entire home/apt,4.94164,5.17300
10414395,LA,Entire home/apt,5.16479,4.98016
10773269,NYC,Entire home/apt,5.13580,4.83756
6524647,SF,Entire home/apt,5.87212,5.66082
2309988,NYC,Private room,3.68888,4.06949
9740116,NYC,Private room,4.55388,4.56225
8937240,LA,Shared room,3.21888,3.29453
8393022,NYC,Entire home/apt,4.24850,4.97869
19114715,SF,Entire home/apt,5.66988,5.59383
17779879,LA,Private room,4.57471,4.70594
1225110,NYC,Private room,4.17439,4.08878
5006783,NYC,Private room,4.09434,4.31284
16806319,LA,Entire home/apt,4.47734,4.86884
912376,NYC,Entire home/apt,5.96615,5.50880
11011770,NYC,Private room,3.91202,4.09030
19948159,NYC,Entire home/apt,4.69135,5.01420
8605531,LA,Private room,5.00395,4.68630
2322189,DC,Entire home/apt,4.96981,4.84972
7550217,NYC,Entire home/apt,5.01064,5.24250
281308,NYC,Entire home/apt,4.70048,4.98817
2801402,LA,Private room,4.09434,4.19637
13028935,DC,Private room,5.29832,4.43588
17497455,LA,Entire home/apt,5.70378,5.03226
6911687,NYC,Private room,3.91202,3.98428
20947045,DC,Private room,4.38203,4.71301
6135557,Chicago,Private room,3.36730,3.83835
13902743,SF,Entire home/apt,5.12990,5.26074
1896951,NYC,Private room,3.91202,3.91188
12871617,SF,Entire home/apt,6.10925,5.69793
64898,NYC,Private room,4.31749,4.36665
15042435,LA,Entire home/apt,6.47697,6.78815
17244719,NYC,Private room,4.21951,3.82710
2322258,DC,Entire home/apt,5.70378,5.56482
11021659,NYC,Entire home/apt,5.85793,5.73221
14518174,NYC,Entire home/apt,6.62007,5.79402
5390738,NYC,Entire home/apt,5.01064,5.40685
1332728,NYC,Private room,4.07754,4.29654
18855750,NYC,Private room,4.39445,4.39682
23925,LA,Entire home/apt,4.65396,4.62349
20193495,SF,Entire home/apt,5.85793,5.31192
14989532,DC,Private room,4.59512,4.42511
18373950,LA,Shared room,3.17805,3.10122
19554701,DC,Shared room,2.70805,3.24039
12543843,NYC,Private room,4.60517,4.36070
6463650,DC,Entire home/apt,6.10925,5.89609
10830815,LA,Entire home/apt,4.59512,4.83075
16663163,DC,Entire home/apt,5.52146,5.49183
11207179,DC,Entire home/apt,4.51086,4.74231
20679666,LA,Entire home/apt,5.06890,5.00204
17157517,LA,Entire home/apt,4.86753,4.95282
8691711,LA,Private room,4.47734,4.59010
8114639,SF,Private room,3.58352,4.44413
3667516,SF,Entire home/apt,5.01064,4.98197
14879790,NYC,Private room,4.04305,4.35904
2925007,LA,Entire home/apt,4.44265,4.61280
11638464,DC,Entire home/apt,4.60517,5.23968
11609114,DC,Private room,5.16479,4.72913
14206969,NYC,Entire home/apt,7.34601,6.57039
5262509,LA,Entire home/apt,4.78749,4.92450
8633953,NYC,Private room,4.09434,4.30311
16670882,LA,Private room,4.09434,3.97534
6543573,Chicago,Entire home/apt,4.58497,4.62026
16497081,DC,Entire home/apt,5.01064,5.24723
16984190,NYC,Entire home/apt,4.69135,4.61307
7611983,NYC,Entire home/apt,5.55683,5.29475
10144398,Chicago,Entire home/apt,5.04343,5.20747
1268175,DC,Private room,4.55388,4.72038
16338,LA,Private room,4.44265,4.01050
443908,SF,Entire home/apt,5.29832,5.31477
1229238,LA,Entire home/apt,4.49981,4.81245
7073476,NYC,Entire home/apt,5.01064,5.07744
16347867,NYC,Private room,5.01064,4.27861
6186330,LA,Entire home/apt,5.54126,5.69587
15985873,NYC,Shared room,4.17439,3.88213
11974148,LA,Entire home/apt,5.24702,5.17227
15316210,LA,Entire home/apt,5.51745,5.07905
2083025,LA,Entire home/apt,4.93447,4.99667
7563487,LA,Private room,4.31749,4.47920
19486860,NYC,Private room,4.31749,4.40761
15470678,NYC,Entire home/apt,5.07517,4.86854
16810552,NYC,Private room,3.80666,4.10919
8990622,NYC,Private room,5.16479,4.57771
6335541,NYC,Entire home/apt,5.29832,5.05047
21044271,NYC,Entire home/apt,5.29832,5.15217
7674541,LA,Entire home/apt,5.70044,5.19613
9793897,NYC,Entire home/apt,5.29832,4.91006
4738489,SF,Private room,4.55388,4.53434
17349615,NYC,Entire home/apt,5.38907,5.28231
8518051,LA,Entire home/apt,4.90527,4.92263
8565548,NYC,Private room,4.49981,4.34828
18094255,LA,Private room,3.89182,4.09891
8760949,NYC,Entire home/apt,4.58497,4.58107
8993195,NYC,Entire home/apt,5.16479,5.16808
6091186,LA,Entire home/apt,4.24850,4.57636
13390103,LA,Entire home/apt,4.49981,4.68408
13078154,NYC,Private room,4.59512,4.47962
12810743,NYC,Entire home/apt,5.01064,5.19634
16274972,NYC,Entire home/apt,4.38203,4.36564
3171480,NYC,Shared room,5.52146,4.84763
14576746,SF,Entire home/apt,5.24175,5.40689
1914941,NYC,Entire home/apt,6.90776,5.72986
16722017,NYC,Private room,4.82831,4.60760
18887372,NYC,Entire home/apt,4.41884,5.00900
16543394,Boston,Entire home/apt,6.62007,6.01481
17462442,LA,Entire home/apt,5.22036,4.95512
18178600,DC,Shared room,4.44265,3.27765
2089226,LA,Private room,4.82831,4.56190
12854734,LA,Entire home/apt,4.44265,4.61525
16544088,NYC,Private room,4.14313,4.31406
16372802,DC,Entire home/apt,5.22575,5.40986
21013257,Chicago,Entire home/apt,6.80128,5.82179
14316198,NYC,Shared room,3.91202,4.20270
8066789,NYC,Entire home/apt,5.29832,5.50039
9049505,NYC,Private room,4.38203,4.39488
739930,NYC,Entire home/apt,5.24702,5.95318
9591431,LA,Entire home/apt,5.19296,4.92241
17233231,LA,Private room,3.68888,3.83586
5654751,LA,Entire home/apt,6.27099,6.16322
17135591,DC,Entire home/apt,7.31322,6.39064
9508202,DC,Entire home/apt,5.01064,4.91972
1239017,LA,Private room,3.87120,3.78957
1589615,Chicago,Entire home/apt,5.00395,4.92319
9187501,NYC,Private room,3.80666,3.98745
11033476,LA,Entire home/apt,4.44265,4.32018
21006224,LA,Private room,3.87120,3.80827
19414211,NYC,Entire home/apt,4.63473,4.77949
12108140,NYC,Entire home/apt,4.82831,4.84443
8916716,SF,Entire home/apt,5.42935,5.35658
4371584,NYC,Private room,4.31749,4.05049
1028263,NYC,Private room,3.40120,4.13705
7735577,NYC,Private room,4.09434,4.18930
18038444,LA,Entire home/apt,4.77068,4.71602
11548179,LA,Private room,5.01064,4.26347
14611058,DC,Entire home/apt,5.24175,5.29930
6594136,LA,Entire home/apt,4.36945,4.83821
8429035,NYC,Entire home/apt,4.82831,4.67410
11047353,NYC,Private room,3.91202,4.24548
470498,SF,Entire home/apt,5.07517,5.06858
18041397,NYC,Entire home/apt,4.60517,4.82775
9998783,NYC,Private room,4.31749,4.86909
2017517,NYC,Entire home/apt,4.74493,4.71042
18206718,SF,Entire home/apt,5.16479,5.31676
20321276,DC,Entire home/apt,4.85981,5.72305
3716504,LA,Entire home/apt,4.90527,4.68305
17589638,DC,Entire home/apt,6.99393,6.03757
1494738,NYC,Entire home/apt,4.24850,4.54589
20889066,NYC,Private room,4.12713,4.20088
16132114,LA,Private room,3.91202,4.34482
16441883,NYC,Private room,5.01064,4.80806
11893621,NYC,Private room,3.91202,3.96663
14667587,LA,Entire home/apt,4.82831,5.10541
7584199,DC,Entire home/apt,5.70044,5.70348
3095010,NYC,Entire home/apt,5.61677,5.58315
15267276,LA,Private room,3.91202,4.11750
10020335,DC,Entire home/apt,4.65396,4.70256
18297633,NYC,Entire home/apt,5.99146,5.41569
1700255,NYC,Private room,4.31749,4.40288
6644640,NYC,Entire home/apt,4.78749,4.82025
20689563,NYC,Entire home/apt,4.44265,4.26935
17695731,NYC,Private room,4.60517,4.35425
4236071,LA,Entire home/apt,5.29330,5.06940
3779249,NYC,Entire home/apt,5.85793,6.47437
11618854,LA,Entire home/apt,7.30988,7.21669
11458521,NYC,Entire home/apt,5.21494,5.02886
3999576,LA,Private room,3.80666,4.36538
348580,SF,Entire home/apt,6.90274,6.29500
13042902,NYC,Entire home/apt,4.48864,4.67193
4641291,LA,Private room,3.87120,3.97934
4480958,NYC,Private room,3.80666,4.10232
2296136,NYC,Private room,4.24850,4.09966
13058496,LA,Entire home/apt,5.01064,4.90076
8829421,LA,Entire home/apt,5.16479,5.08158
12796588,NYC,Entire home/apt,5.22036,5.13516
671264,Chicago,Entire home/apt,4.64439,4.61464
3434136,NYC,Entire home/apt,4.68213,5.07088
17432700,Chicago,Entire home/apt,4.60517,4.62426
10930694,LA,Entire home/apt,5.65249,5.10680
14485051,LA,Entire home/apt,4.93447,5.50124
1391492,DC,Entire home/apt,5.41610,5.50905
14539375,NYC,Private room,5.00395,4.38212
15854570,NYC,Entire home/apt,4.78749,4.97051
15520060,LA,Entire home/apt,5.29832,5.04406
4427562,NYC,Entire home/apt,5.29330,5.47827
15979778,DC,Entire home/apt,5.25227,5.41842
14595623,Boston,Entire home/apt,5.29330,5.22127
16337598,DC,Entire home/apt,4.49981,4.48567
16634642,DC,Entire home/apt,4.12713,4.58239
8422756,NYC,Entire home/apt,5.13580,5.11715
20321592,LA,Private room,3.91202,4.06129
11213024,LA,Private room,3.91202,3.77399
2268865,Chicago,Shared room,5.29832,4.07200
17875020,LA,Private room,3.80666,4.18904
4527553,SF,Private room,4.58497,4.63944
10155273,LA,Private room,3.89182,4.10526
8248882,LA,Private room,5.01064,4.85992
16228569,Boston,Entire home/apt,5.29832,5.31559
18472354,NYC,Shared room,3.80666,4.28778
7545891,NYC,Private room,4.17439,4.13866
4849217,NYC,Private room,4.17439,4.31592
3840541,NYC,Private room,3.91202,4.16506
11321473,Boston,Entire home/apt,6.30992,6.04429
3032367,NYC,Entire home/apt,5.26269,5.26233
17240936,Chicago,Entire home/apt,5.52146,5.26099
10311094,LA,Entire home/apt,4.90527,4.46400
2752583,LA,Shared room,3.71357,3.75978
11821598,NYC,Private room,4.31749,4.42641
10861166,NYC,Entire home/apt,4.97673,5.13338
767247,NYC,Private room,3.80666,4.03037
7035513,LA,Entire home/apt,4.74493,4.77828
6628042,NYC,Entire home/apt,6.09807,5.66618
16185167,LA,Private room,4.12713,4.31856
1356240,NYC,Entire home/apt,6.21461,5.53161
13508061,DC,Private room,4.00733,4.35025
15112113,LA,Entire home/apt,5.06890,5.18617
8400830,LA,Entire home/apt,5.24702,5.07258
18358279,NYC,Private room,4.40672,4.38676
17944444,DC,Entire home/apt,5.12990,4.87864
12794380,SF,Entire home/apt,5.29832,5.15175
9132956,NYC,Private room,4.07754,4.40392
9984143,LA,Private room,4.94164,4.57585
14536510,NYC,Entire home/apt,4.85981,5.21743
8905273,NYC,Private room,3.89182,4.08270
5136055,NYC,Private room,4.23411,4.00746
11775347,LA,Private room,4.70048,4.45282
16797418,DC,Entire home/apt,4.31749,5.21206
10469182,LA,Private room,4.15888,4.13302
17527965,DC,Private room,4.17439,3.94206
9648466,NYC,Entire home/apt,5.70378,5.23365
10902244,NYC,Entire home/apt,4.59512,4.75202
4829068,Chicago,Entire home/apt,5.37064,4.91736
10131572,NYC,Entire home/apt,4.82831,5.29273
13467919,Boston,Entire home/apt,5.65249,5.16746
20236065,DC,Entire home/apt,5.56068,6.30607
19015637,DC,Private room,5.07517,4.76673
3496871,NYC,Entire home/apt,5.07517,5.36457
13959586,SF,Private room,4.38203,4.23139
15770216,NYC,Private room,4.30407,4.39651
12928525,Boston,Private room,4.09434,4.27635
16348896,DC,Private room,4.60517,4.42729
15519276,SF,Entire home/apt,5.07517,5.53209
21027310,NYC,Private room,4.97673,5.41972
14231418,NYC,Private room,3.91202,3.88573
4701215,NYC,Entire home/apt,5.35186,5.13062
1002469,LA,Private room,3.61092,3.99200
14264113,LA,Entire home/apt,5.06890,5.10064
13489958,LA,Entire home/apt,5.16479,5.20724
13624971,NYC,Private room,3.40120,4.22043
2061134,SF,Entire home/apt,4.38203,5.04382
16617091,NYC,Entire home/apt,4.31749,4.47112
13170572,LA,Entire home/apt,5.00395,5.17130
13084706,SF,Private room,4.29046,4.48985
17160779,LA,Entire home/apt,4.24850,4.44357
3206676,NYC,Entire home/apt,5.16479,5.64942
11436765,LA,Private room,3.68888,4.06599
4418429,NYC,Private room,4.23411,4.53301
6607833,LA,Private room,4.78749,4.38380
6076210,LA,Private room,4.58497,4.50832
12412091,LA,Private room,4.70048,4.81589
16690484,SF,Private room,4.82831,4.82827
2319298,Boston,Private room,4.82831,4.63135
2587143,NYC,Private room,4.78749,4.48501
1543164,NYC,Private room,3.80666,3.84190
1660287,NYC,Entire home/apt,5.01064,4.96884
15499116,LA,Entire home/apt,4.23411,4.34474
18307593,DC,Private room,4.59512,4.75018
44062,Chicago,Entire home/apt,5.52146,4.94111
4811626,NYC,Entire home/apt,4.82831,4.76238
732932,DC,Entire home/apt,5.29330,5.40919
15268654,Chicago,Private room,4.69135,4.34840
15182192,NYC,Entire home/apt,5.52146,5.29545
18005835,LA,Entire home/apt,4.44265,4.51768
6046483,LA,Private room,4.24850,4.00142
18386494,LA,Private room,3.91202,3.92275
66026,LA,Entire home/apt,5.72031,5.02987
14274311,NYC,Private room,4.07754,4.20807
7264885,Chicago,Private room,4.78749,4.73620
3663798,NYC,Shared room,3.55535,3.66449
20470764,Boston,Entire home/apt,5.29832,5.41414
1019360,NYC,Private room,5.50126,4.96457
19635460,DC,Private room,5.01064,4.50873
7746463,NYC,Entire home/apt,5.45959,5.93226
8611817,NYC,Entire home/apt,6.85646,5.60018
3430453,SF,Entire home/apt,5.76832,5.39084
19018332,NYC,Private room,4.09434,4.23799
17713336,LA,Entire home/apt,4.77068,4.64679
14107067,NYC,Entire home/apt,5.29330,5.24935
13100580,LA,Entire home/apt,4.78749,4.62595
11874353,LA,Entire home/apt,5.22036,4.99501
13139565,DC,Entire home/apt,4.60517,5.10873
2700296,LA,Entire home/apt,5.06890,4.95890
10500291,NYC,Private room,4.47734,4.36633
7915305,SF,Entire home/apt,5.63121,5.52816
7498271,NYC,Private room,4.38203,4.78548
2105743,Boston,Entire home/apt,5.01064,5.22216
15423298,SF,Entire home/apt,5.57973,5.14550
14686527,NYC,Entire home/apt,5.70378,5.41305
18587138,LA,Shared room,3.21888,3.69909
12713289,NYC,Private room,5.19296,4.35714
14647698,Boston,Entire home/apt,5.52146,5.81857
6953706,SF,Entire home/apt,7.31322,6.33013
9760401,SF,Private room,5.29832,4.97786
4694625,DC,Entire home/apt,5.98896,5.39857
12410679,NYC,Private room,4.09434,3.82795
17600777,NYC,Private room,3.80666,3.91690
5602200,LA,Shared room,3.68888,3.95482
11434934,NYC,Entire home/apt,5.99146,5.54709
7473909,NYC,Private room,3.95124,3.87449
7227492,NYC,Private room,4.09434,4.18947
20333402,Boston,Entire home/apt,5.01064,5.09702
233189,NYC,Entire home/apt,5.41610,5.54738
17138147,NYC,Private room,4.70048,4.79640
9843277,LA,Private room,4.38203,4.07153
18057683,SF,Private room,4.47734,4.65263
16771142,LA,Private room,5.10595,4.40502
566755,NYC,Private room,4.78749,4.58533
3339399,NYC,Entire home/apt,4.82831,4.45497
1356913,NYC,Private room,4.78749,4.69588
4987933,SF,Private room,5.61677,4.72597
21008007,NYC,Private room,5.10595,4.69740
4396142,NYC,Entire home/apt,4.74493,4.98365
12168286,LA,Private room,3.91202,4.25526
13770856,NYC,Private room,4.17439,4.39602
1126656,NYC,Private room,4.24850,4.04468
18506096,NYC,Private room,5.56068,4.77089
15903424,LA,Entire home/apt,5.16479,4.89470
10734507,NYC,Private room,4.17439,4.65955
13292827,SF,Private room,4.17439,4.47181
1722394,LA,Entire home/apt,4.82831,4.96010
18151027,NYC,Private room,3.76120,3.93614
2193147,NYC,Entire home/apt,5.70378,5.18733
880452,LA,Private room,4.00733,4.24688
19118405,NYC,Entire home/apt,4.86753,4.92754
3558288,DC,Entire home/apt,5.16479,4.79263
6834204,LA,Private room,4.14313,4.38935
10849750,NYC,Entire home/apt,4.00733,4.87554
808721,LA,Private room,4.90527,4.53171
3689544,NYC,Entire home/apt,5.03695,4.79021
343276,NYC,Private room,3.97029,4.16035
9493779,NYC,Private room,4.94164,4.83510
18090895,LA,Entire home/apt,4.36945,4.45402
19962312,DC,Entire home/apt,4.49981,5.33011
61167,NYC,Private room,4.38203,4.57224
14253667,LA,Entire home/apt,5.12396,4.92524
13017191,NYC,Entire home/apt,5.78383,5.70157
5482173,NYC,Private room,5.29832,4.83676
9167855,NYC,Entire home/apt,4.38203,5.39813
11590512,SF,Private room,4.78749,4.59574
20449936,NYC,Entire home/apt,5.13580,5.03205
17483512,NYC,Entire home/apt,5.19296,5.69701
3551598,NYC,Private room,3.80666,4.02166
14389844,Boston,Entire home/apt,4.77912,5.13856
5794806,LA,Entire home/apt,4.83628,4.80372
16469132,LA,Entire home/apt,4.44265,4.57920
9415455,LA,Private room,3.63759,3.71253
4745862,LA,Private room,3.97029,4.05777
13239143,NYC,Entire home/apt,5.01064,5.14773
11990841,NYC,Entire home/apt,4.27667,4.65157
741755,DC,Entire home/apt,4.23411,4.52286
5605822,NYC,Private room,3.91202,4.04222
17450954,NYC,Private room,4.00733,4.13600
18174520,LA,Private room,4.09434,4.28812
2104840,LA,Private room,3.91202,4.19729
17192293,NYC,Private room,3.91202,4.22091
289665,NYC,Entire home/apt,4.44265,4.72030
4034147,LA,Entire home/apt,4.24850,5.26574
6657134,LA,Entire home/apt,6.10925,5.76343
15675616,NYC,Entire home/apt,3.68888,4.55886
7968494,NYC,Entire home/apt,4.49981,4.63141
8410745,NYC,Entire home/apt,5.07517,5.05623
3554082,LA,Entire home/apt,4.44265,4.64027
8055598,NYC,Entire home/apt,4.60517,4.65518
14565872,NYC,Private room,3.68888,4.25738
10251768,LA,Private room,4.49981,4.34535
2745140,DC,Private room,4.07754,4.29691
44212,NYC,Private room,4.63473,4.44968
13261964,LA,Private room,3.21888,3.71926
16998955,NYC,Entire home/apt,5.29832,5.16317
18706173,LA,Entire home/apt,4.44265,5.48627
3489484,NYC,Entire home/apt,5.13580,5.44200
4939336,NYC,Shared room,4.31749,4.44586
16741273,DC,Entire home/apt,5.01064,4.82553
491168,SF,Entire home/apt,5.99146,5.36631
18392195,LA,Entire home/apt,5.01064,4.85357
8664965,Boston,Entire home/apt,5.01064,5.33386
20535586,NYC,Shared room,4.60517,4.23646
9944013,LA,Private room,4.07754,4.32222
18522823,LA,Entire home/apt,4.60517,4.96889
8882,NYC,Entire home/apt,5.39363,4.89542
8367486,LA,Private room,4.55388,4.24876
16560425,LA,Entire home/apt,5.78383,5.37984
14875612,LA,Entire home/apt,4.60517,4.74290
9697620,NYC,Private room,4.17439,3.89356
13886449,LA,Entire home/apt,6.68461,4.81966
9410831,NYC,Private room,4.17439,4.48371
14824090,DC,Entire home/apt,4.23411,4.72485
1704798,NYC,Entire home/apt,5.52146,5.64725
10671192,DC,Entire home/apt,4.55388,5.12733
5615835,SF,Private room,4.70048,4.86464
15099135,Boston,Private room,4.17439,4.28265
11144496,NYC,Entire home/apt,5.29832,5.01289
7633057,SF,Private room,4.82831,4.81934
10154910,LA,Entire home/apt,5.54126,5.54211
13769818,SF,Entire home/apt,5.85793,6.24924
19927823,Chicago,Entire home/apt,4.59512,4.77667
6954288,Boston,Private room,4.17439,4.21279
8735142,LA,Shared room,4.00733,4.00012
20803215,NYC,Entire home/apt,5.07517,5.08855
416651,Chicago,Entire home/apt,5.01064,5.10182
12542909,NYC,Private room,3.40120,4.01748
7197549,Boston,Private room,5.27300,4.16348
6556848,NYC,Entire home/apt,4.30407,4.70908
3461872,NYC,Private room,4.17439,4.13470
898534,NYC,Private room,5.52146,4.62714
20284283,NYC,Entire home/apt,5.29832,5.51424
18598767,NYC,Private room,4.24850,4.43163
12955402,LA,Entire home/apt,4.58497,4.91274
4036989,LA,Entire home/apt,4.90527,4.91836
69266,SF,Entire home/apt,5.01064,5.26733
12936207,NYC,Private room,4.38203,4.63403
13032579,DC,Entire home/apt,5.29832,4.95569
17359540,NYC,Private room,3.95124,4.09768
7094907,NYC,Private room,4.90527,4.89327
16504952,Boston,Entire home/apt,4.44265,5.22159
19459965,NYC,Entire home/apt,4.55388,4.54198
10812630,DC,Private room,4.09434,4.22125
411583,LA,Private room,4.24850,4.02696
45940,NYC,Entire home/apt,5.02388,5.13380
11604435,NYC,Shared room,4.60517,4.31240
11910742,NYC,Entire home/apt,4.49981,4.82123
11592067,NYC,Entire home/apt,6.21461,5.71283
6063800,LA,Entire home/apt,5.61677,5.58335
10186572,DC,Shared room,2.70805,2.82584
14712227,LA,Private room,3.87120,4.10046
14644603,NYC,Entire home/apt,5.06890,5.16635
5959115,NYC,Private room,3.68888,3.80989
18269635,LA,Entire home/apt,4.52179,4.88415
5320140,NYC,Private room,4.38203,4.77051
8323776,NYC,Private room,4.00733,3.98068
13027296,DC,Entire home/apt,4.09434,4.53216
17527577,NYC,Entire home/apt,5.61677,5.98795
18342057,LA,Private room,5.04343,4.75666
15042622,Boston,Entire home/apt,4.69135,4.95223
9591883,LA,Entire home/apt,4.23411,4.43318
13601221,SF,Entire home/apt,5.72031,5.69416
8633088,NYC,Entire home/apt,5.29832,5.07578
19927810,NYC,Entire home/apt,5.39363,5.28606
17621904,LA,Private room,4.07754,4.25834
4972820,NYC,Entire home/apt,5.01064,4.83782
11256503,NYC,Entire home/apt,5.70378,5.67853
10083878,NYC,Private room,4.60517,4.37637
4612288,SF,Private room,5.01064,5.01700
9839532,NYC,Entire home/apt,5.52146,5.21441
764856,NYC,Entire home/apt,6.90776,5.61353
2786015,SF,Entire home/apt,5.84354,5.98907
15855813,LA,Private room,4.21951,4.25961
11413932,NYC,Entire home/apt,4.90527,4.98901
12794843,LA,Entire home/apt,4.86753,5.17660
16807028,LA,Private room,3.76120,3.96870
12147723,Chicago,Entire home/apt,5.04986,5.29829
13880772,LA,Private room,3.85015,4.20449
6277607,NYC,Private room,3.68888,4.03418
18674741,LA,Entire home/apt,5.95324,6.12988
11922976,NYC,Private room,4.12713,3.94892
13566613,NYC,Entire home/apt,6.10925,5.66690
16073125,LA,Private room,5.01064,5.24932
1925761,DC,Entire home/apt,4.47734,5.39042
15990856,NYC,Private room,4.09434,4.33521
14709477,DC,Entire home/apt,5.16479,4.78671
5538485,LA,Entire home/apt,4.85981,5.18015
4411525,Chicago,Private room,4.77912,4.43263
20738991,LA,Entire home/apt,5.76832,6.46624
20762151,LA,Entire home/apt,4.97673,5.07893
17794408,LA,Entire home/apt,5.97635,6.08735
4784741,NYC,Entire home/apt,4.72739,4.95141
19812,NYC,Entire home/apt,5.06890,4.97451
7277600,NYC,Private room,4.49981,4.05583
3572321,NYC,Private room,4.48864,4.41491
20587378,LA,Private room,3.98898,4.05041
8064332,SF,Entire home/apt,5.34233,5.53491
16910467,LA,Entire home/apt,4.78749,4.76931
1396458,NYC,Entire home/apt,5.07517,4.80261
15414222,LA,Private room,4.09434,4.21085
10293673,NYC,Private room,3.80666,3.90954
11903918,LA,Private room,4.02535,3.92762
7843696,NYC,Private room,3.80666,3.94125
11951233,NYC,Private room,4.82831,4.21765
3927356,LA,Entire home/apt,4.24850,5.27117
16559577,LA,Entire home/apt,5.24702,4.95864
9013601,NYC,Private room,4.55388,4.35921
10824421,LA,Entire home/apt,4.78749,4.78995
16837815,Boston,Private room,4.02535,4.15919
14111517,NYC,Entire home/apt,4.70048,4.98600
13796550,NYC,Entire home/apt,5.13580,5.27328
622082,DC,Private room,4.44265,4.28473
4807899,NYC,Entire home/apt,5.29832,5.29409
8166737,NYC,Entire home/apt,5.29832,5.02687
17811124,LA,Entire home/apt,4.31749,4.66535
12135037,DC,Private room,4.38203,4.37718
5430560,NYC,Entire home/apt,5.01064,5.34920
20354084,NYC,Private room,4.44265,4.59584
12830516,LA,Entire home/apt,5.59842,5.09113
3183332,NYC,Private room,4.09434,4.22482
2839794,SF,Private room,4.86753,5.15690
16334671,NYC,Private room,4.55388,4.15084
6197950,Chicago,Entire home/apt,5.01064,5.33182
3372399,NYC,Private room,4.24850,4.26953
13995573,NYC,Private room,3.91202,4.36801
11753199,LA,Entire home/apt,5.85507,5.66005
18257813,Chicago,Entire home/apt,4.60517,4.61884
3272778,LA,Private room,3.91202,4.10387
1392594,Boston,Entire home/apt,5.22575,5.30288
3826037,NYC,Private room,4.24850,4.15855
13033023,SF,Private room,4.44265,4.58283
175172,NYC,Private room,4.94164,4.58267
7933418,NYC,Entire home/apt,5.34711,5.39265
6515537,LA,Entire home/apt,5.52146,5.53777
4183801,NYC,Entire home/apt,4.44265,4.70402
10939669,NYC,Private room,3.91202,4.19875
11529770,LA,Entire home/apt,5.85793,5.42672
945124,Chicago,Private room,3.55535,4.30439
12891323,NYC,Private room,4.17439,4.22219
9862763,LA,Private room,4.44265,4.09403
5990467,NYC,Entire home/apt,5.58350,6.15200
11652574,DC,Entire home/apt,4.82831,5.57709
1301596,SF,Entire home/apt,5.23111,5.58688
1906632,NYC,Private room,5.52146,4.85061
8105486,LA,Entire home/apt,4.99043,4.92713
7660636,NYC,Private room,4.07754,4.27249
17461341,LA,Private room,4.55388,4.61725
14949914,LA,Private room,3.49651,3.98690
12470816,Boston,Entire home/apt,5.29330,5.28957
6914516,NYC,Entire home/apt,4.97673,5.21053
8295660,LA,Shared room,5.01064,4.12090
19829015,SF,Entire home/apt,4.86753,5.09188
13750084,NYC,Private room,3.91202,4.04092
17152405,LA,Entire home/apt,4.34381,4.55440
4198391,DC,Entire home/apt,5.59471,5.10979
9351376,NYC,Entire home/apt,5.59471,5.44603
5521442,NYC,Private room,4.44265,4.57481
235876,LA,Private room,4.17439,4.28440
16380872,NYC,Private room,5.01064,4.50239
5832013,LA,Private room,4.60517,4.40684
2092778,NYC,Entire home/apt,5.68698,5.76904
7725828,LA,Entire home/apt,4.54329,4.29852
4112130,LA,Private room,4.00733,4.24315
4957125,LA,Entire home/apt,5.78383,5.80172
6766169,LA,Private room,4.38203,4.35647
13602171,DC,Entire home/apt,4.60517,5.55689
19291110,DC,Entire home/apt,5.78383,5.53678
16282429,LA,Entire home/apt,4.78749,5.15663
4262415,LA,Entire home/apt,4.38203,4.59745
13685207,NYC,Entire home/apt,5.76519,5.24912
7932177,LA,Shared room,3.71357,3.71805
696464,NYC,Entire home/apt,4.78749,4.90324
14215542,SF,Entire home/apt,4.86753,4.80168
7982483,NYC,Private room,4.34381,4.05822
17877959,LA,Private room,3.68888,3.88080
11783450,Boston,Entire home/apt,5.32301,5.65305
6586736,NYC,Entire home/apt,4.82831,5.43332
10067154,DC,Entire home/apt,6.12905,5.27562
20815114,NYC,Entire home/apt,4.94164,5.40558
10082414,LA,Private room,4.31749,4.36826
3825165,DC,Entire home/apt,5.99146,6.19657
11070935,LA,Private room,4.23411,4.36693
18389188,NYC,Entire home/apt,5.00395,5.05277
9997980,NYC,Private room,3.55535,4.10983
12344373,NYC,Entire home/apt,5.19296,5.20723
14818234,NYC,Private room,4.00733,4.45640
10543277,NYC,Entire home/apt,5.01064,5.27319
559957,Chicago,Private room,4.36945,4.38393
12396603,LA,Entire home/apt,4.86753,4.64055
18249330,LA,Entire home/apt,4.82831,4.80435
7965539,NYC,Entire home/apt,5.16479,4.98865
13728033,NYC,Private room,4.36945,4.19746
9679005,NYC,Entire home/apt,5.07517,5.17259
2228537,NYC,Entire home/apt,5.01064,5.35436
10039883,LA,Private room,3.68888,3.92128
9887326,LA,Private room,3.89182,4.13017
13116397,NYC,Entire home/apt,4.60517,5.15915
17680590,LA,Private room,4.17439,4.14397
9480909,LA,Entire home/apt,4.57471,4.45316
14800877,LA,Entire home/apt,5.01064,4.99634
13590412,NYC,Entire home/apt,5.52146,5.37550
12962923,NYC,Private room,4.49981,4.09412
18726297,NYC,Entire home/apt,4.40672,5.18102
14473053,LA,Private room,3.55535,3.90902
10254486,SF,Entire home/apt,5.01064,5.24538
16378118,LA,Private room,4.59512,4.84501
5760881,Boston,Entire home/apt,5.27300,5.21955
1279381,NYC,Entire home/apt,4.60517,4.74842
14350781,NYC,Shared room,4.17439,4.20617
6362890,LA,Private room,4.60517,4.54811
15509018,NYC,Entire home/apt,5.19850,5.37010
17323054,DC,Entire home/apt,4.35671,4.45770
18824754,Chicago,Entire home/apt,4.68213,4.34912
12601900,NYC,Entire home/apt,5.19296,4.76236
12892998,DC,Entire home/apt,5.01064,5.11241
6367973,LA,Private room,5.06890,4.68178
12006753,LA,Entire home/apt,4.58497,4.98405
10616417,NYC,Private room,4.38203,4.21854
19222960,LA,Entire home/apt,5.42053,5.84919
14092236,LA,Private room,4.31749,4.15957
19554491,LA,Private room,4.23411,4.14482
17571865,LA,Entire home/apt,5.70044,5.69691
13983134,NYC,Entire home/apt,5.57595,5.56948
1078402,NYC,Entire home/apt,4.17439,4.34722
14169650,SF,Entire home/apt,4.60517,5.40567
1429267,NYC,Private room,3.89182,3.88088
3006311,LA,Entire home/apt,5.16479,6.15381
6438705,NYC,Entire home/apt,5.34711,5.11985
11842815,NYC,Entire home/apt,5.00395,5.18192
9808055,LA,Entire home/apt,4.46591,4.32254
3226726,NYC,Private room,4.60517,4.55391
18254574,LA,Private room,4.51086,4.26126
13573103,LA,Private room,5.01064,4.71048
2086647,NYC,Entire home/apt,4.94164,4.83690
18432940,DC,Entire home/apt,6.55108,5.56872
16661895,SF,Private room,5.16479,4.89884
11905096,LA,Private room,4.07754,4.05693
17460467,NYC,Private room,4.43082,4.28693
189821,Boston,Entire home/apt,5.29832,5.49913
15342819,Chicago,Private room,3.91202,4.38467
14797741,LA,Private room,4.90527,4.15285
9006204,LA,Private room,4.23411,4.51959
14196798,SF,Entire home/apt,5.61677,6.17060
3802218,LA,Private room,5.92693,4.52465
4860853,LA,Private room,4.46591,4.45015
13480326,NYC,Entire home/apt,5.19296,5.06903
21044798,LA,Entire home/apt,4.66344,4.56145
8941092,Chicago,Private room,4.00733,4.05827
16450351,NYC,Shared room,4.60517,4.69792
17464163,DC,Entire home/apt,4.36945,4.54766
14203636,NYC,Entire home/apt,5.22036,5.37660
7307468,NYC,Private room,4.65396,4.46011
6382314,LA,Private room,4.38203,4.64522
9814352,NYC,Private room,3.40120,4.07987
141890,LA,Private room,3.40120,3.82833
8000716,DC,Private room,3.61092,3.69514
20649348,NYC,Entire home/apt,5.29330,5.18395
9755989,LA,Entire home/apt,4.85981,4.77714
17615553,LA,Private room,3.80666,3.95304
14739627,NYC,Entire home/apt,2.30259,6.21297
6245408,NYC,Private room,4.00733,4.03456
3978971,NYC,Entire home/apt,3.91202,4.59848
15584976,NYC,Private room,4.24850,4.14891
15693555,SF,Entire home/apt,5.59842,5.11347
17161589,LA,Entire home/apt,4.59512,4.85570
16416932,NYC,Shared room,2.99573,3.66122
11303984,LA,Private room,4.60517,4.64240
4347659,LA,Entire home/apt,4.60517,4.79201
5807223,SF,Private room,5.01064,4.60474
3286369,LA,Entire home/apt,5.19296,4.80222
14844514,NYC,Entire home/apt,5.16479,5.02324
12955534,NYC,Entire home/apt,4.44265,4.62869
18076805,SF,Entire home/apt,4.78749,5.06354
18672885,NYC,Entire home/apt,4.44265,4.64429
15992206,Chicago,Entire home/apt,4.65396,5.94968
4211276,LA,Entire home/apt,4.38203,4.38546
8195144,NYC,Private room,3.80666,4.01111
32023,LA,Private room,3.55535,3.69073
12891787,NYC,Private room,4.17439,3.99142
18792285,DC,Private room,3.71357,4.51711
11020841,DC,Entire home/apt,5.01064,5.46443
2089771,LA,Private room,4.38203,4.31196
18630660,DC,Entire home/apt,4.98361,5.18430
842418,LA,Entire home/apt,5.00395,5.06398
14427529,LA,Entire home/apt,5.99146,5.27155
6525622,Boston,Entire home/apt,5.54126,5.05135
13883039,DC,Private room,4.09434,4.30465
743503,NYC,Private room,4.38203,4.08930
26785,NYC,Entire home/apt,5.51343,5.55555
4150121,NYC,Shared room,4.60517,4.64915
18444369,LA,Private room,3.91202,3.87884
18736267,NYC,Private room,4.17439,4.19761
20009122,NYC,Private room,4.44265,4.72636
17498278,NYC,Entire home/apt,4.59512,4.75748
10814831,NYC,Shared room,3.91202,4.02161
7989636,SF,Entire home/apt,5.37064,5.19026
79447,DC,Entire home/apt,5.13580,5.00545
14613942,LA,Private room,4.69135,3.98576
17329054,NYC,Entire home/apt,5.52146,5.37023
6911965,Boston,Entire home/apt,5.27811,5.24429
11494020,NYC,Entire home/apt,6.68461,5.93715
9546267,LA,Entire home/apt,4.47734,4.67403
15419836,LA,Private room,4.65396,4.39057
4916350,NYC,Private room,3.80666,4.07476
76761,SF,Entire home/apt,5.63479,5.45620
5579520,NYC,Entire home/apt,5.16479,4.72954
5916979,Boston,Entire home/apt,4.48864,4.63204
12989652,LA,Private room,3.91202,4.01416
15566946,Boston,Private room,4.23411,4.14513
14731931,LA,Private room,4.17439,3.84031
17136721,LA,Private room,4.24850,4.13946
19784492,LA,Entire home/apt,6.21461,5.89506
261781,SF,Private room,4.60517,4.57072
14500336,NYC,Private room,3.91202,4.01440
1646949,NYC,Private room,5.01064,4.71865
17924500,NYC,Entire home/apt,5.29330,5.58528
14681582,Chicago,Entire home/apt,4.74493,4.69779
16308756,LA,Private room,2.48491,4.25444
18250062,LA,Private room,4.31749,4.54841
16213767,LA,Entire home/apt,5.43808,5.78801
8719388,NYC,Entire home/apt,4.74493,4.98263
1109092,NYC,Entire home/apt,4.17439,4.50065
15238038,LA,Entire home/apt,5.52146,5.61804
18567714,NYC,Entire home/apt,5.29832,5.41984
8427772,NYC,Private room,4.74493,4.53365
17980688,NYC,Private room,4.31749,4.09631
20055304,NYC,Entire home/apt,4.34381,4.70648
19458290,NYC,Entire home/apt,5.70044,5.30207
10872793,SF,Entire home/apt,6.43775,6.27324
1913043,LA,Entire home/apt,4.31749,4.65443
7483951,DC,Private room,4.33073,4.19292
14822493,DC,Entire home/apt,4.74493,4.61747
17362594,NYC,Private room,4.09434,4.21231
2193649,NYC,Entire home/apt,5.19296,4.74648
8390124,LA,Entire home/apt,4.82831,5.31036
12829422,LA,Entire home/apt,4.85981,4.62059
1655027,NYC,Private room,4.00733,3.75310
15068067,Chicago,Entire home/apt,4.38203,4.47778
2060275,SF,Private room,4.74493,4.80282
7318332,LA,Entire home/apt,5.23111,5.06480
14692312,LA,Entire home/apt,5.00395,5.17689
7800079,LA,Entire home/apt,4.38203,4.42071
20780688,NYC,Entire home/apt,5.13580,5.24675
12651943,LA,Entire home/apt,4.58497,4.71048
7932163,LA,Private room,4.49981,4.28199
13698581,NYC,Shared room,4.40672,3.99381
3529442,NYC,Entire home/apt,5.41610,5.12811
12274905,Boston,Entire home/apt,4.85981,4.85004
18076911,LA,Private room,4.00733,3.98427
19458014,NYC,Private room,3.43399,3.77090
10920486,NYC,Private room,3.91202,4.38928
1967332,NYC,Private room,4.49981,4.31017
5384949,NYC,Entire home/apt,6.54391,6.12826
15756830,LA,Entire home/apt,5.01064,4.81570
12560137,LA,Private room,4.40672,4.44687
15990592,NYC,Entire home/apt,5.29330,4.84510
12447224,DC,Entire home/apt,5.70044,5.90668
4110645,SF,Private room,5.07517,5.01021
6993862,NYC,Private room,4.49981,4.51370
19553568,LA,Private room,4.24850,4.06656
2057237,LA,Shared room,3.40120,3.24629
7756806,LA,Shared room,3.66356,3.79946
18463640,LA,Private room,5.29832,4.18807
16237571,NYC,Private room,4.26268,4.15865
18775960,DC,Entire home/apt,4.64439,4.73671
14037459,NYC,Entire home/apt,4.59512,4.93314
739890,DC,Private room,4.60517,4.41228
517712,NYC,Private room,4.82831,4.54835
11969526,LA,Entire home/apt,4.82831,4.99647
17879769,NYC,Private room,4.40672,4.01910
20603008,SF,Private room,5.16479,4.93206
6452585,NYC,Private room,3.87120,4.22590
14166695,LA,Entire home/apt,4.38203,4.44684
6335352,SF,Private room,4.82831,4.60934
5581916,DC,Private room,4.00733,4.51220
17509731,LA,Entire home/apt,5.27300,4.82890
12322336,NYC,Private room,4.09434,4.17266
11824444,NYC,Entire home/apt,5.08760,5.25747
18042404,LA,Entire home/apt,5.07517,5.36664
4447266,NYC,Entire home/apt,4.86753,4.86385
13895074,NYC,Private room,4.65396,4.48869
12676779,NYC,Private room,3.33220,3.93749
1127572,SF,Entire home/apt,5.01064,4.77502
12793940,Chicago,Entire home/apt,5.01064,5.52431
8901538,Chicago,Entire home/apt,4.59512,4.50649
16067949,LA,Entire home/apt,5.94803,5.90553
19531390,NYC,Private room,4.24850,4.28378
17505606,NYC,Private room,3.91202,3.85062
18326581,NYC,Private room,4.33073,3.95094
4847616,LA,Entire home/apt,4.85203,4.54413
19751849,NYC,Entire home/apt,6.10925,5.75646
12955652,NYC,Entire home/apt,5.24702,5.67850
3903284,NYC,Private room,4.09434,4.15034
3816499,NYC,Entire home/apt,4.97673,5.09792
334366,DC,Entire home/apt,4.94164,4.82642
12335521,LA,Entire home/apt,4.55388,4.51705
18664915,NYC,Private room,4.14313,4.13838
14105831,LA,Private room,4.59512,4.75686
20828097,LA,Entire home/apt,6.90776,6.74064
16270455,NYC,Private room,4.55388,4.70152
17525617,NYC,Private room,4.09434,3.98792
16758851,NYC,Private room,4.38203,4.09987
6466513,NYC,Entire home/apt,4.78749,5.11881
12752736,NYC,Private room,4.04305,4.34195
15889509,LA,Private room,4.58497,4.71019
9283104,DC,Entire home/apt,4.76217,5.28138
16831857,LA,Private room,3.29584,3.65459
14336685,NYC,Entire home/apt,4.86753,4.84348
20966319,LA,Private room,4.93447,4.63538
17239321,SF,Private room,4.82831,4.62743
12830905,NYC,Entire home/apt,5.56068,5.42308
16517889,NYC,Private room,3.68888,3.79619
15267007,NYC,Entire home/apt,6.70319,6.35535
8704701,LA,Entire home/apt,4.31749,4.62931
8423877,LA,Entire home/apt,4.38203,4.90509
16853956,LA,Private room,4.44265,4.30596
19865964,NYC,Private room,4.17439,4.28733
12472043,SF,Entire home/apt,5.52146,5.87574
15857124,DC,Private room,4.09434,4.23041
16986429,NYC,Private room,4.90527,4.81255
10830796,Chicago,Entire home/apt,5.99146,5.15181
17625707,NYC,Entire home/apt,5.12990,4.64361
12666787,NYC,Private room,4.59512,4.37435
14324987,NYC,Entire home/apt,6.30810,5.96356
12086351,NYC,Entire home/apt,5.01064,5.19766
10864223,LA,Entire home/apt,4.59512,4.61849
5193916,NYC,Private room,5.32301,4.51724
134671,SF,Private room,5.29832,4.74494
1239758,NYC,Private room,3.85015,3.69226
16795204,Boston,Private room,3.63759,3.82176
3712851,NYC,Entire home/apt,5.07517,4.98053
19332658,LA,Private room,3.91202,4.26947
11391101,NYC,Private room,4.49981,4.32138
13207158,NYC,Entire home/apt,5.18739,5.01987
13840176,NYC,Entire home/apt,5.29832,5.36234
12351909,NYC,Private room,3.68888,3.92560
20724115,SF,Entire home/apt,5.19296,5.14189
18520083,SF,Entire home/apt,4.90527,4.68630
18159825,LA,Entire home/apt,5.70378,5.53063
11067551,LA,Entire home/apt,6.99851,6.64875
14366984,LA,Entire home/apt,4.94164,5.37624
12254863,NYC,Private room,5.01064,4.37549
8793166,NYC,Private room,4.78749,4.78546
1204042,DC,Entire home/apt,5.29832,4.65885
13019199,NYC,Entire home/apt,4.35671,4.72279
638898,NYC,Private room,4.60517,4.74741
18850455,SF,Entire home/apt,5.16479,5.53332
12242672,LA,Private room,4.17439,4.21121
19069900,SF,Private room,4.77912,4.87676
1458081,NYC,Entire home/apt,4.44265,4.52084
17624400,LA,Entire home/apt,4.85981,4.40011
20292798,NYC,Entire home/apt,5.04343,5.61353
8858698,SF,Private room,5.19296,4.70235
5059553,NYC,Private room,4.26268,4.35909
2356769,NYC,Entire home/apt,5.29832,5.13462
20163695,NYC,Private room,3.80666,3.87803
14762427,LA,Private room,4.31749,4.32495
6509816,LA,Entire home/apt,5.29832,4.48816
17623725,LA,Private room,3.61092,4.06821
6745994,DC,Entire home/apt,5.29832,5.59598
17325314,SF,Entire home/apt,5.29832,5.44645
1960224,NYC,Entire home/apt,4.38203,4.85830
1937226,NYC,Entire home/apt,5.27811,5.23040
9280902,NYC,Entire home/apt,4.60517,4.71304
17406463,NYC,Private room,3.91202,3.96015
16568762,LA,Private room,4.78749,4.95026
8721903,NYC,Entire home/apt,4.31749,5.06251
15803180,NYC,Private room,4.78749,4.25617
10790877,NYC,Private room,4.00733,4.10458
11999777,LA,Private room,4.23411,4.30881
7596794,LA,Entire home/apt,4.86753,5.05526
18096795,LA,Entire home/apt,4.23411,4.27491
17961762,NYC,Entire home/apt,4.85981,4.80576
9790949,LA,Entire home/apt,4.55388,4.70278
20085472,NYC,Entire home/apt,5.04343,5.28257
17543042,LA,Entire home/apt,4.48864,4.78786
16502720,NYC,Private room,3.91202,3.95853
11282788,NYC,Private room,5.01064,4.25616
17642091,SF,Entire home/apt,5.07517,5.20822
14113778,LA,Entire home/apt,4.82831,5.00977
18190456,NYC,Private room,4.00733,4.38344
14098308,NYC,Private room,4.48864,4.29849
8899565,NYC,Entire home/apt,6.62007,5.66084
20649770,LA,Entire home/apt,4.83628,4.78055
19952847,NYC,Private room,4.95583,4.83870
15913471,SF,Entire home/apt,5.56068,5.12477
3917357,NYC,Private room,4.07754,4.00417
16146065,SF,Private room,4.34381,4.33062
6452908,Chicago,Private room,5.29832,4.72555
15806262,NYC,Entire home/apt,4.80402,5.17424
19622803,NYC,Entire home/apt,5.29330,5.28460
444171,NYC,Private room,5.01064,4.45526
12989983,NYC,Entire home/apt,5.01064,4.83283
5308117,LA,Entire home/apt,4.44265,4.68739
4958513,SF,Entire home/apt,5.45104,5.28438
8564722,NYC,Private room,5.04343,4.88157
16208487,NYC,Entire home/apt,5.70378,5.28362
24028,NYC,Entire home/apt,5.55683,5.70636
57468,SF,Private room,5.19296,4.81792
7382391,LA,Shared room,3.13549,3.52063
17419639,LA,Shared room,3.68888,3.80305
16389531,Chicago,Private room,4.31749,4.31435
17045788,NYC,Entire home/apt,5.29832,5.60483
4463452,SF,Private room,4.38203,4.76693
4700565,LA,Entire home/apt,6.62007,6.12532
16948142,NYC,Private room,3.91202,4.11724
11150149,NYC,Entire home/apt,5.09987,5.13489
154715,NYC,Private room,4.55388,4.07978
11156910,DC,Entire home/apt,4.65396,5.35017
2492275,LA,Entire home/apt,4.97673,5.00226
14472622,NYC,Private room,3.91202,4.43976
8017587,SF,Entire home/apt,5.99146,5.89655
7320984,Boston,Private room,4.17439,4.23200
15257012,LA,Entire home/apt,5.29330,5.26944
13358057,SF,Entire home/apt,5.92693,5.69987
9841389,NYC,Entire home/apt,4.17439,4.63829
12795006,NYC,Private room,4.55388,4.18436
2181371,NYC,Entire home/apt,5.52146,5.41007
14600925,SF,Entire home/apt,5.18739,5.46846
5844497,LA,Private room,4.77912,4.47002
17488198,Chicago,Private room,4.33073,4.34203
9698166,DC,Entire home/apt,4.82831,5.21983
13704674,LA,Private room,4.09434,4.28347
15508656,NYC,Private room,4.38203,4.21954
16930922,SF,Entire home/apt,4.99721,5.74262
11698352,NYC,Entire home/apt,5.78383,5.75349
591220,DC,Entire home/apt,6.39526,5.35415
10942138,LA,Entire home/apt,6.09807,5.46790
9375968,LA,Entire home/apt,7.26403,6.44906
13857349,NYC,Entire home/apt,5.29832,5.08748
21173744,Chicago,Private room,4.00733,4.41316
16314301,LA,Entire home/apt,5.29832,5.26703
15238901,NYC,Entire home/apt,4.68213,4.99511
7829463,LA,Private room,4.31749,4.39793
6995368,NYC,Entire home/apt,5.07517,5.17501
325710,NYC,Entire home/apt,4.60517,5.07357
10116619,LA,Shared room,3.17805,3.36231
20468187,NYC,Entire home/apt,4.99043,4.93891
16123378,NYC,Entire home/apt,5.01064,4.96938
4554473,LA,Private room,4.78749,4.44627
13940091,LA,Entire home/apt,4.70048,4.78479
16977487,SF,Private room,6.54391,5.83300
14691107,LA,Private room,4.78749,4.49154
18053971,LA,Entire home/apt,6.67834,6.71586
13199065,NYC,Private room,4.00733,4.00003
625365,NYC,Entire home/apt,4.38203,4.52270
4950352,LA,Entire home/apt,4.73620,4.48908
15535199,SF,Private room,5.52146,4.79285
13996643,NYC,Private room,4.09434,4.04722
9575439,NYC,Shared room,3.61092,3.50529
18899809,NYC,Entire home/apt,5.00395,5.05355
13839350,NYC,Private room,3.55535,4.09548
13593448,NYC,Private room,4.94164,4.70974
16313319,NYC,Private room,4.38203,4.21261
10367010,SF,Private room,4.55388,4.64835
8490356,NYC,Private room,3.87120,4.51774
1494909,SF,Private room,4.59512,4.48129
5175054,NYC,Entire home/apt,4.48864,4.70216
17431995,LA,Shared room,3.04452,3.34758
9937825,DC,Private room,4.38203,4.44282
13600241,NYC,Private room,5.01064,4.90722
14449131,NYC,Entire home/apt,4.59512,5.47686
18408824,LA,Entire home/apt,5.52146,5.41122
6378358,NYC,Private room,4.38203,4.72504
14183776,LA,Entire home/apt,4.82831,4.85950
15521640,NYC,Private room,4.60517,4.84792
11634601,NYC,Entire home/apt,5.99146,5.90728
12594801,LA,Entire home/apt,5.34233,5.52518
20514316,LA,Private room,4.21951,4.07145
19189347,SF,Private room,4.31749,4.67377
15193555,LA,Entire home/apt,5.17048,5.35076
5528111,NYC,Entire home/apt,5.70044,5.51771
19049579,NYC,Entire home/apt,4.97673,5.08361
7903644,NYC,Private room,3.95124,3.78191
132570,SF,Entire home/apt,6.80239,6.56189
3967016,LA,Entire home/apt,4.89784,4.57722
15599324,NYC,Private room,3.68888,4.30105
16604359,NYC,Private room,4.17439,4.11587
19227538,NYC,Entire home/apt,5.52146,5.03588
14372711,NYC,Private room,4.44265,4.27414
9839378,LA,Entire home/apt,4.31749,4.77678
6623330,NYC,Entire home/apt,4.70048,4.64903
19783016,NYC,Entire home/apt,6.47697,5.94690
7700570,LA,Private room,4.36945,4.38050
16288266,NYC,Private room,4.38203,4.78741
14857830,SF,Entire home/apt,5.24702,5.20634
17478068,LA,Entire home/apt,4.77912,4.52133
1860971,Chicago,Private room,4.17439,4.48660
12867902,LA,Private room,3.91202,4.37750
5385260,LA,Entire home/apt,4.48864,4.51149
10671425,NYC,Entire home/apt,5.47646,5.06078
4334711,LA,Entire home/apt,5.16479,5.00011
14868610,NYC,Entire home/apt,5.29832,5.13964
13044203,LA,Private room,4.31749,4.40637
17993317,SF,Private room,4.55388,4.92036
14467472,Boston,Entire home/apt,5.16479,5.50347
20898096,LA,Entire home/apt,5.27300,4.81103
21169532,NYC,Private room,4.49981,4.20117
18375138,Boston,Entire home/apt,5.22036,5.15872
292266,SF,Entire home/apt,5.01064,5.17621
21005168,NYC,Entire home/apt,5.78383,5.31498
5395796,NYC,Entire home/apt,5.29832,5.40142
223930,NYC,Private room,4.38203,4.16874
18667923,SF,Entire home/apt,6.06379,5.52941
8100914,NYC,Private room,4.07754,4.30581
15510884,LA,Entire home/apt,5.29330,5.72630
20440432,LA,Entire home/apt,5.52146,4.82798
3801254,NYC,Shared room,4.36945,4.25061
21070079,NYC,Private room,4.31749,4.10926
20211009,NYC,Private room,4.17439,4.00159
13207860,NYC,Entire home/apt,5.72031,5.27079
16297210,Chicago,Entire home/apt,4.59512,5.40473
9759444,LA,Entire home/apt,5.66643,5.58608
8053055,DC,Entire home/apt,5.70044,4.68556
6939859,NYC,Private room,4.24850,4.29125
14615383,NYC,Entire home/apt,5.16479,4.99653
16236477,LA,Private room,3.55535,3.76437
339298,NYC,Entire home/apt,5.32301,5.58165
7490398,NYC,Entire home/apt,4.60517,4.83613
8173563,Chicago,Entire home/apt,5.37064,5.24343
14570408,NYC,Entire home/apt,4.29046,4.55162
13882845,LA,Entire home/apt,4.60517,5.10055
4803437,LA,Entire home/apt,6.09807,5.84811
4752659,NYC,Entire home/apt,5.12990,4.98618
7899338,NYC,Entire home/apt,5.29330,5.87299
14670535,LA,Entire home/apt,5.10595,4.97224
694383,NYC,Private room,4.49981,4.61001
11024782,SF,Entire home/apt,4.94164,5.12268
4840199,DC,Private room,4.82831,4.69650
14204158,DC,Entire home/apt,4.55388,5.05642
14660126,NYC,Entire home/apt,5.66988,5.85148
17974950,NYC,Private room,3.87120,4.24026
17387095,NYC,Private room,4.17439,4.38900
822313,LA,Private room,4.07754,4.35747
683794,NYC,Entire home/apt,5.29832,5.41283
6853914,LA,Private room,5.16479,4.57226
646275,NYC,Entire home/apt,5.85793,5.59678
16999775,NYC,Entire home/apt,5.38907,5.20537
16193690,Chicago,Entire home/apt,5.29330,5.37565
18126335,Boston,Private room,4.55388,4.08349
13332614,LA,Private room,3.91202,4.11214
15257293,LA,Entire home/apt,5.00395,5.01433
15029696,LA,Private room,3.91202,4.14851
20309774,LA,Private room,4.97673,4.58421
5697276,NYC,Private room,4.60517,4.63067
1507845,SF,Private room,4.70048,4.82614
13494825,NYC,Shared room,3.46574,3.52971
18139722,LA,Entire home/apt,4.59512,4.72752
12222626,NYC,Entire home/apt,5.01064,4.98975
13083865,NYC,Entire home/apt,4.38203,5.19888
8161110,NYC,Private room,3.40120,3.75248
3973872,LA,Private room,4.97673,4.52892
18273678,NYC,Entire home/apt,6.47697,5.94241
6636993,NYC,Entire home/apt,4.49981,4.65968
15544377,NYC,Private room,3.82864,3.84829
4746171,NYC,Entire home/apt,5.24175,5.13400
1489501,LA,Entire home/apt,5.41610,5.13736
3563677,DC,Entire home/apt,6.47697,6.12727
16192643,NYC,Entire home/apt,4.58497,4.94071
10711966,Boston,Entire home/apt,5.01064,6.04274
14896984,NYC,Entire home/apt,5.24702,4.86989
3588873,LA,Entire home/apt,4.60517,4.84554
15009618,NYC,Private room,4.38203,4.12706
1084371,NYC,Private room,3.63759,3.80811
18296778,NYC,Entire home/apt,5.01064,4.97575
7859723,NYC,Private room,4.49981,4.49456
10730,NYC,Private room,3.91202,4.06493
6799594,NYC,Entire home/apt,5.29832,5.51904
14711793,NYC,Private room,4.55388,4.19558
15378015,LA,Private room,3.73767,4.10591
7111375,Boston,Private room,3.78419,4.24368
19574390,NYC,Entire home/apt,5.01064,4.98623
8943055,NYC,Entire home/apt,4.86753,5.20885
11778159,NYC,Private room,4.60517,4.39553
2222428,LA,Entire home/apt,5.19296,5.12281
14841777,Chicago,Entire home/apt,4.85981,4.58814
5606066,Chicago,Entire home/apt,5.22036,5.18432
17824136,SF,Entire home/apt,6.22456,6.33283
15125217,SF,Entire home/apt,5.63479,5.58779
19686426,NYC,Entire home/apt,5.52146,5.30470
16193571,LA,Entire home/apt,4.74493,5.11119
16456337,NYC,Private room,4.07754,3.93336
12421372,Boston,Entire home/apt,5.85793,5.28946
15745170,DC,Entire home/apt,4.78749,5.26638
18998283,SF,Entire home/apt,5.00395,5.39467
17369805,NYC,Entire home/apt,5.13580,5.18132
21177066,LA,Entire home/apt,4.04305,4.30782
14933388,LA,Entire home/apt,5.19296,4.84971
20778074,LA,Entire home/apt,5.18739,5.72523
2965008,NYC,Private room,5.94017,4.72658
4900106,LA,Entire home/apt,4.86753,4.83306
16443504,SF,Private room,4.23411,4.73057
16430317,SF,Private room,4.44265,4.21766
17511326,LA,Private room,4.00733,4.43295
3230995,LA,Private room,4.49981,4.08104
13556488,NYC,Entire home/apt,5.01064,5.04190
17809462,DC,Entire home/apt,5.29832,5.31799
16427343,NYC,Private room,4.17439,4.04372
5476474,LA,Entire home/apt,4.55388,4.60823
14502487,NYC,Entire home/apt,6.67834,5.84862
7649066,LA,Shared room,3.89182,3.88297
15868046,NYC,Private room,4.09434,3.99408
4567765,NYC,Private room,4.21951,4.33261
17905889,SF,Private room,4.86753,4.50854
4821218,DC,Private room,4.09434,4.14098
13846099,DC,Entire home/apt,4.55388,5.23956
15806709,NYC,Entire home/apt,5.41610,5.26078
4493658,LA,Entire home/apt,5.52146,5.30260
6434920,NYC,Entire home/apt,4.60517,4.76962
4553554,LA,Private room,3.49651,4.06495
15630083,NYC,Private room,4.38203,4.15841
17637544,Boston,Entire home/apt,7.13090,5.89416
19982436,NYC,Entire home/apt,2.30259,5.45087
7869214,NYC,Private room,4.60517,4.14073
790934,NYC,Entire home/apt,5.41610,5.32166
3400999,LA,Entire home/apt,5.99146,6.56755
20190640,SF,Entire home/apt,5.27300,5.04282
7699900,LA,Entire home/apt,4.89035,4.90889
19380620,NYC,Entire home/apt,5.01064,4.95443
6879036,LA,Private room,4.43082,4.37422
5421300,NYC,Shared room,4.06044,4.52208
12233692,NYC,Entire home/apt,5.52146,5.12609
2432627,NYC,Private room,4.49981,4.48616
17842629,SF,Private room,4.74493,4.86210
18701040,NYC,Entire home/apt,4.78749,5.28387
188803,LA,Private room,3.40120,3.54889
7461640,Boston,Entire home/apt,5.52146,5.17592
20614043,LA,Private room,4.17439,4.46593
17458216,NYC,Private room,3.95124,4.20964
13959444,NYC,Private room,4.09434,4.50506
9313641,NYC,Private room,3.49651,4.19268
17620294,LA,Entire home/apt,4.82831,4.87010
6939477,LA,Entire home/apt,5.29832,5.25981
15875149,LA,Entire home/apt,5.52146,5.81234
15052582,NYC,Private room,4.36945,4.08033
21173814,NYC,Entire home/apt,4.90527,5.29366
3653912,LA,Private room,4.17439,4.10475
15862199,NYC,Entire home/apt,5.27300,4.99293
9768492,NYC,Private room,4.38203,4.54900
6384643,NYC,Private room,4.24850,4.24187
9531221,NYC,Entire home/apt,4.94164,4.63908
9684732,LA,Private room,3.55535,3.96181
16086039,LA,Entire home/apt,4.36945,4.44492
1320409,NYC,Entire home/apt,4.78749,4.87266
230502,NYC,Private room,4.85981,4.73863
10473052,SF,Private room,4.31749,4.55875
6897911,NYC,Entire home/apt,4.68213,4.94957
5757694,LA,Entire home/apt,4.09434,4.66039
1007724,LA,Private room,4.93447,4.28226
11583750,NYC,Private room,3.71357,3.79004
7898312,NYC,Private room,3.91202,3.98726
4358936,NYC,Private room,4.00733,3.93302
8305524,NYC,Entire home/apt,5.27300,5.92628
13828922,LA,Private room,5.29330,4.73592
14914048,NYC,Private room,4.44265,4.23829
5272750,NYC,Entire home/apt,4.90527,4.71105
13865399,NYC,Entire home/apt,4.97673,4.78295
16052081,DC,Private room,4.47734,4.08433
20712652,LA,Entire home/apt,5.41610,5.50722
6895813,NYC,Private room,4.82831,4.52562
9683486,NYC,Entire home/apt,4.78749,4.89679
6602869,SF,Private room,4.77912,4.76790
20058256,NYC,Private room,2.30259,3.88096
8815050,NYC,Private room,4.07754,4.64017
21056994,LA,Private room,4.38203,4.41097
278876,NYC,Entire home/apt,5.52146,5.11210
43105,DC,Entire home/apt,4.44265,4.52012
7932428,Boston,Private room,4.15888,4.13058
805793,NYC,Private room,4.74493,4.23587
16986349,Boston,Entire home/apt,5.12990,5.13748
14845779,NYC,Private room,5.16479,4.33034
7093920,NYC,Private room,4.70048,4.62113
18043036,LA,Private room,4.36945,4.20457
777903,NYC,Private room,3.61092,3.99724
6386351,LA,Entire home/apt,5.29330,4.99170
798535,LA,Private room,3.73767,3.88903
7734173,Chicago,Entire home/apt,4.60517,4.81815
6404784,LA,Entire home/apt,5.13580,5.58222
14424248,LA,Private room,3.80666,4.12904
20419339,NYC,Entire home/apt,5.99146,5.36560
13683992,NYC,Private room,4.44265,4.14154
11573148,NYC,Entire home/apt,4.97673,5.04276
20173537,LA,Entire home/apt,5.01064,5.02719
68239,NYC,Private room,4.41884,4.71069
1357021,LA,Entire home/apt,6.20859,6.12041
7808073,NYC,Private room,4.17439,3.85780
19251397,NYC,Entire home/apt,4.60517,4.48239
17423735,LA,Entire home/apt,4.69135,4.90946
9488878,NYC,Private room,4.36945,4.20262
9460525,Chicago,Entire home/apt,4.76217,5.14412
14013331,DC,Entire home/apt,4.78749,5.14870
7398907,LA,Entire home/apt,5.16479,6.20304
404792,NYC,Private room,5.01064,4.66951
20182193,DC,Entire home/apt,5.70378,6.21808
18361849,NYC,Entire home/apt,4.94164,4.81304
5279859,LA,Entire home/apt,4.91998,4.75290
8936266,LA,Entire home/apt,5.16479,5.23841
7940013,SF,Private room,4.38203,4.96206
17335324,LA,Private room,4.49981,4.10669
14895267,SF,Entire home/apt,5.61677,5.77339
9197535,NYC,Entire home/apt,4.59512,4.69231
12955438,LA,Entire home/apt,5.12990,4.92156
18627135,LA,Entire home/apt,6.38856,6.56443
20955187,LA,Entire home/apt,4.31749,4.51554
8001958,LA,Entire home/apt,4.70048,4.74101
8456859,NYC,Entire home/apt,5.01064,4.93707
6200692,LA,Entire home/apt,5.03695,4.97975
11869806,LA,Entire home/apt,5.85793,5.11103
11143891,LA,Entire home/apt,5.94017,5.80856
4239628,DC,Private room,3.80666,4.46907
10790909,SF,Entire home/apt,5.52146,5.28289
101426,NYC,Entire home/apt,4.89035,5.12321
17528529,Chicago,Entire home/apt,5.29832,5.75193
59014,SF,Private room,5.01064,4.38542
20011863,NYC,Entire home/apt,4.70048,4.53880
13785722,Chicago,Private room,4.31749,3.84433
14912616,LA,Entire home/apt,4.70048,5.23310
17495801,Boston,Entire home/apt,5.33272,5.26212
18434405,LA,Entire home/apt,4.85981,4.76409
20978478,LA,Entire home/apt,6.47697,7.01088
266975,NYC,Private room,4.00733,4.07374
6494197,LA,Shared room,2.89037,3.31551
18772566,NYC,Private room,4.82831,3.84207
4235983,NYC,Entire home/apt,5.48064,5.58053
17695060,DC,Entire home/apt,5.16479,5.65498
373515,LA,Entire home/apt,4.79579,4.79692
13430979,NYC,Private room,4.00733,4.23144
808851,NYC,Private room,3.91202,4.35252
15572739,LA,Private room,4.14313,4.31615
17366806,DC,Entire home/apt,5.00395,4.64307
16166231,SF,Entire home/apt,5.70378,5.46573
2686530,NYC,Entire home/apt,5.48064,5.43008
9049614,NYC,Entire home/apt,5.48064,5.44293
8164146,LA,Shared room,4.78749,3.93648
16468699,LA,Private room,4.51086,4.53259
9756612,NYC,Entire home/apt,5.22036,5.28829
13588826,NYC,Private room,4.93447,4.67225
11569441,SF,Private room,4.09434,4.40686
6645108,LA,Shared room,3.91202,4.74952
9902932,NYC,Entire home/apt,5.00395,5.28817
17100521,LA,Private room,4.74493,4.53052
15722753,NYC,Entire home/apt,5.85507,5.53157
1446325,NYC,Entire home/apt,4.94164,4.61585
7149452,LA,Private room,4.52179,4.36725
1391024,LA,Entire home/apt,4.70048,4.71904
15589480,NYC,Entire home/apt,4.60517,4.52964
13496318,NYC,Shared room,3.25810,3.71349
10050827,LA,Entire home/apt,4.86753,4.99238
12934138,LA,Entire home/apt,5.04343,4.87443
10633325,Chicago,Entire home/apt,5.70044,5.67204
15545274,NYC,Private room,3.68888,3.83705
13281117,NYC,Entire home/apt,5.85793,5.48904
20556412,LA,Private room,4.44265,4.38769
15496152,NYC,Entire home/apt,4.31749,5.09686
15508310,DC,Private room,4.55388,4.40759
20284068,Chicago,Entire home/apt,5.60580,5.84166
18091098,LA,Shared room,4.09434,3.91107
18926858,SF,Private room,4.82831,4.73036
15207349,NYC,Private room,4.30407,4.20649
10925044,Boston,Entire home/apt,5.16479,5.11833
8906238,NYC,Entire home/apt,5.29832,4.80391
12345354,SF,Entire home/apt,5.88332,5.52824
5500741,Boston,Private room,4.59512,4.62315
15431457,NYC,Entire home/apt,5.16479,5.33917
7808121,NYC,Entire home/apt,5.07517,4.95505
3604145,NYC,Private room,5.41610,4.77473
6847091,NYC,Entire home/apt,5.71703,5.87962
16385859,NYC,Private room,4.76217,4.34246
544249,LA,Private room,4.09434,4.13060
16005905,NYC,Private room,4.35671,4.05477
1498283,DC,Entire home/apt,5.12990,4.93664
19533506,LA,Entire home/apt,5.68698,5.81132
19073637,LA,Private room,5.01064,4.75119
14209923,NYC,Entire home/apt,5.13580,5.10927
591374,LA,Private room,5.52146,4.48464
25879,NYC,Shared room,3.91202,3.85425
7369364,LA,Entire home/apt,5.27300,5.60937
914809,LA,Private room,4.17439,4.25236
14036591,DC,Private room,4.09434,4.69428
4155735,LA,Entire home/apt,6.06379,6.01026
16429976,LA,Private room,4.38203,4.09084
16568252,LA,Entire home/apt,4.68213,4.78662
4324166,NYC,Private room,4.38203,4.21887
21134688,NYC,Entire home/apt,4.97673,5.13314
8101619,LA,Entire home/apt,4.70048,4.72800
20647029,LA,Entire home/apt,4.49981,4.87748
20797749,NYC,Private room,2.30259,4.51678
19018677,NYC,Entire home/apt,5.88610,5.46344
17362440,DC,Private room,4.93447,4.35559
12227827,Boston,Private room,4.47734,4.06691
4388656,LA,Private room,4.21951,4.27234
6811364,Boston,Entire home/apt,4.82831,4.68473
5362499,LA,Entire home/apt,4.91998,5.44573
3530810,Chicago,Private room,4.31749,4.55802
7068824,LA,Private room,4.44265,4.57632
10784550,LA,Private room,4.17439,4.14888
6121583,Chicago,Entire home/apt,4.59512,4.87207
20649513,SF,Entire home/apt,5.20401,5.17756
16447317,NYC,Entire home/apt,5.00395,5.17909
16475153,DC,Private room,4.17439,4.45837
13021922,LA,Private room,3.55535,3.97670
11480014,SF,Private room,4.23411,4.46975
9231244,NYC,Entire home/apt,5.04343,5.01569
2637065,DC,Entire home/apt,5.33754,5.03152
2420026,LA,Entire home/apt,4.94164,5.72077
20557643,NYC,Entire home/apt,4.94164,5.22283
1026269,NYC,Private room,4.44265,4.31139
19344040,NYC,Private room,3.40120,3.54972
1598033,DC,Entire home/apt,6.10925,5.72640
11547246,DC,Entire home/apt,4.82831,4.63042
10187402,NYC,Entire home/apt,5.24702,4.90183
4106122,Chicago,Private room,3.91202,3.89439
13672890,NYC,Entire home/apt,5.32301,5.21409
3655131,LA,Entire home/apt,4.38203,4.55499
15494542,Chicago,Private room,4.36945,4.37897
2201654,DC,Entire home/apt,4.82831,5.34152
16911429,NYC,Entire home/apt,5.48064,5.11012
14051801,DC,Entire home/apt,5.00395,5.38879
16350006,NYC,Private room,4.70048,4.88515
6766070,LA,Shared room,3.91202,3.82299
8047265,LA,Entire home/apt,5.01064,4.75740
12208674,NYC,Private room,4.46591,4.50440
16716427,NYC,Entire home/apt,5.38907,4.79037
6463338,LA,Entire home/apt,5.29832,5.11595
5728721,Boston,Private room,3.21888,4.00212
13854920,LA,Entire home/apt,4.60517,4.61318
13176359,NYC,Shared room,3.89182,4.30941
14342164,DC,Entire home/apt,5.28827,5.57975
20780885,Boston,Private room,4.00733,3.99520
6000922,DC,Entire home/apt,5.85793,5.98278
16556550,Chicago,Entire home/apt,4.65396,4.62370
18566673,NYC,Entire home/apt,5.19296,4.89594
14488798,NYC,Private room,3.55535,4.02244
15251144,SF,Private room,4.60517,4.66490
67272,LA,Entire home/apt,7.13090,6.22008
15096401,LA,Entire home/apt,4.07754,4.14885
495913,LA,Entire home/apt,4.74493,4.74299
13226721,NYC,Entire home/apt,4.70048,4.81282
17730390,NYC,Entire home/apt,4.44265,4.54172
18041797,DC,Entire home/apt,5.85507,5.38162
9528920,NYC,Entire home/apt,5.51745,5.41403
19876096,NYC,Entire home/apt,5.61677,5.65937
11653230,LA,Entire home/apt,5.01064,4.73693
3114095,NYC,Shared room,4.17439,4.34300
15743645,SF,Entire home/apt,5.74300,5.76411
8665778,LA,Private room,4.02535,4.24405
17866934,DC,Entire home/apt,5.01064,4.90626
17876530,Chicago,Entire home/apt,4.99043,5.11145
13914735,SF,Entire home/apt,4.97673,5.15008
4963349,NYC,Entire home/apt,5.41610,5.20026
14421304,LA,Entire home/apt,5.98896,6.29683
2838999,NYC,Private room,3.80666,4.03952
727847,NYC,Private room,3.91202,4.30683
17849217,DC,Private room,6.10925,5.16264
5601166,NYC,Entire home/apt,5.52146,5.42757
13067176,LA,Private room,4.49981,4.33111
17720057,DC,Entire home/apt,5.52146,4.44400
481425,LA,Entire home/apt,5.00395,5.15556
7883302,SF,Entire home/apt,6.67834,6.49644
4622005,NYC,Entire home/apt,5.61677,5.28193
19749672,NYC,Entire home/apt,4.78749,5.08439
20953649,LA,Private room,4.31749,4.60508
9716195,SF,Entire home/apt,4.89035,5.28778
7849229,LA,Entire home/apt,5.50126,5.85269
1307723,NYC,Private room,3.85015,4.23107
13451944,LA,Entire home/apt,4.33073,4.36669
17174497,NYC,Entire home/apt,4.00733,4.58922
8374529,LA,Private room,3.71357,4.14328
19478755,NYC,Private room,4.55388,4.36381
9258581,NYC,Entire home/apt,6.90776,5.45298
1830154,LA,Private room,4.38203,4.14548
3201696,Boston,Entire home/apt,5.66988,5.80314
10106335,NYC,Private room,3.91202,4.32325
6005894,LA,Entire home/apt,4.30407,4.84696
16286232,LA,Private room,4.09434,4.29665
7393518,NYC,Entire home/apt,6.43775,6.20864
10907480,LA,Private room,4.09434,4.03474
7670562,NYC,Private room,4.09434,4.03938
19086281,NYC,Private room,4.24850,4.54099
9731658,LA,Entire home/apt,4.55388,4.74723
11672539,DC,Private room,4.31749,4.41352
3532067,SF,Entire home/apt,4.94164,5.06995
14522917,Chicago,Private room,3.91202,4.18239
13465498,NYC,Entire home/apt,4.78749,5.14602
1624085,NYC,Private room,4.59512,4.96450
7887966,NYC,Private room,4.71850,3.93684
20212766,Boston,Entire home/apt,5.04343,5.29311
6614663,NYC,Entire home/apt,5.51745,5.25812
15032254,LA,Entire home/apt,5.04343,5.12751
2263265,LA,Private room,4.43082,4.38974
9067632,Chicago,Entire home/apt,6.39693,6.06565
287492,NYC,Entire home/apt,5.06260,4.84067
1036792,DC,Entire home/apt,4.38203,4.55095
16633745,SF,Private room,4.82831,4.60261
2309873,NYC,Private room,4.51086,4.58694
19951620,DC,Entire home/apt,6.05209,6.35158
1693200,NYC,Private room,4.00733,4.24741
10229333,SF,Private room,4.65396,4.75067
15450025,Boston,Entire home/apt,6.10925,5.88887
16826484,LA,Entire home/apt,3.85015,4.38570
15360687,LA,Entire home/apt,4.78749,4.36706
4077702,SF,Entire home/apt,5.52146,5.15746
14843394,LA,Private room,4.54329,4.64323
14109521,Boston,Private room,3.91202,4.04778
3488989,NYC,Private room,4.59512,4.61644
13299218,LA,Private room,4.17439,4.09444
13514745,DC,Entire home/apt,5.01064,5.42871
10626368,LA,Entire home/apt,5.12990,5.10261
20423829,NYC,Entire home/apt,5.85793,5.56417
1960842,NYC,Entire home/apt,5.41610,5.20135
18691766,NYC,Private room,4.38203,4.34473
11892476,LA,Entire home/apt,6.38856,6.30435
11020169,NYC,Shared room,4.09434,3.92083
18736314,NYC,Entire home/apt,5.52146,5.18441
16019116,Chicago,Entire home/apt,4.68213,4.82542
15362016,DC,Entire home/apt,4.90527,4.67523
4525589,NYC,Private room,4.44265,4.27823
11047452,NYC,Private room,3.91202,3.87126
1769688,LA,Entire home/apt,5.37064,5.36748
12957348,NYC,Private room,4.38203,4.21541
14937204,NYC,Private room,3.97029,4.19357
18460128,NYC,Entire home/apt,5.01064,4.97339
2679171,NYC,Private room,4.56435,4.43703
9345131,SF,Entire home/apt,4.90527,4.78145
16229335,LA,Private room,4.31749,4.36269
11921332,NYC,Entire home/apt,5.92693,5.95729
14769622,NYC,Private room,4.51086,4.41703
13550788,NYC,Entire home/apt,5.70378,5.48066
18060269,LA,Private room,4.44265,4.42971
16230660,NYC,Private room,5.41610,4.87496
8340665,NYC,Entire home/apt,5.70378,5.18754
674784,DC,Entire home/apt,4.78749,4.74829
16985966,NYC,Shared room,4.11087,3.85783
16908058,Boston,Entire home/apt,4.49981,5.26983
7452987,LA,Entire home/apt,4.36945,4.81410
19031255,NYC,Private room,3.91202,3.91152
712136,LA,Private room,4.20469,4.28259
9875791,NYC,Private room,4.70048,4.46240
8069316,LA,Private room,4.38203,4.53738
17638751,NYC,Entire home/apt,5.29330,5.59382
7706238,NYC,Private room,5.47227,4.81114
4258843,LA,Entire home/apt,4.65396,4.76219
11228329,NYC,Entire home/apt,5.41610,5.24383
13379508,NYC,Private room,3.36730,4.11843
9731739,Chicago,Entire home/apt,4.31749,5.00057
8043896,LA,Entire home/apt,4.99721,4.89634
13066189,LA,Private room,4.09434,4.37014
4595728,LA,Entire home/apt,5.92693,5.73549
10144613,SF,Private room,4.85981,4.71659
6659498,Boston,Entire home/apt,5.29330,4.95290
17938599,NYC,Private room,4.78749,4.60268
7094539,NYC,Private room,4.24850,4.15824
5149368,LA,Private room,5.01064,4.58486
7661725,NYC,Entire home/apt,5.16479,4.97311
10166820,DC,Entire home/apt,5.78383,4.96804
15065696,LA,Entire home/apt,4.59512,4.44348
9106356,NYC,Entire home/apt,5.70378,5.59342
11816864,NYC,Entire home/apt,5.38450,5.61529
1619412,LA,Private room,4.38203,4.22033
9806606,SF,Private room,4.48864,4.63113
7134962,LA,Private room,4.38203,4.25537
7896572,NYC,Private room,4.43082,4.40254
13841625,LA,Entire home/apt,4.90527,4.86925
20075167,NYC,Private room,3.76120,4.11767
9321766,LA,Entire home/apt,5.70378,5.77682
16911502,LA,Private room,4.55388,4.41968
19929400,DC,Entire home/apt,4.38203,4.45776
16243004,NYC,Entire home/apt,4.85981,4.93094
17714608,LA,Private room,4.71850,4.54064
17978880,LA,Entire home/apt,4.48864,4.68457
7582189,SF,Entire home/apt,5.16479,4.91863
12671106,NYC,Entire home/apt,4.82831,4.74023
209220,LA,Entire home/apt,5.51745,5.47472
5990521,NYC,Private room,4.23411,4.34897
20345108,LA,Entire home/apt,4.72739,5.39079
8936978,LA,Private room,4.58497,4.44725
8596607,Chicago,Entire home/apt,4.65396,4.82021
17270389,LA,Private room,4.09434,4.26565
9078229,NYC,Private room,4.31749,4.25406
3644237,SF,Private room,4.60517,4.80325
5593240,LA,Private room,4.71850,4.89071
8034689,NYC,Entire home/apt,4.78749,4.90232
9674453,Chicago,Entire home/apt,5.28827,5.06452
15163368,LA,Private room,4.85981,4.55027
15203727,LA,Shared room,3.87120,3.82458
17592477,NYC,Entire home/apt,5.29832,5.48193
3916694,LA,Entire home/apt,4.74493,4.52495
1141805,SF,Entire home/apt,5.61677,5.95744
10765607,LA,Private room,4.00733,4.09985
16926669,Boston,Private room,4.31749,4.05236
2204118,LA,Private room,3.91202,4.07878
7808789,SF,Entire home/apt,5.70378,5.34830
16859281,NYC,Entire home/apt,5.54126,5.30658
7072541,NYC,Private room,4.55388,4.59430
19119686,DC,Entire home/apt,4.14313,4.40337
550297,LA,Entire home/apt,5.34711,5.48155
546504,NYC,Entire home/apt,5.50126,5.03222
12677629,LA,Entire home/apt,5.01064,5.77308
1301321,LA,Entire home/apt,4.44265,4.38612
14732181,LA,Entire home/apt,4.74493,4.84653
8275936,SF,Private room,4.70048,4.43646
20292523,LA,Private room,4.00733,3.98084
1327133,NYC,Private room,4.17439,4.07384
20172543,NYC,Entire home/apt,5.29832,5.32654
7367913,LA,Entire home/apt,5.92693,6.10585
17856733,Chicago,Entire home/apt,4.69135,4.36827
8456014,NYC,Entire home/apt,4.31749,4.50408
11104122,NYC,Entire home/apt,5.29330,5.25099
16202873,NYC,Private room,4.17439,4.32342
20441465,DC,Entire home/apt,5.01064,5.49080
4047791,DC,Shared room,3.13549,3.59803
15529115,SF,Private room,4.29046,4.92172
4885488,NYC,Entire home/apt,5.29832,5.00178
8995114,NYC,Private room,4.20469,4.30967
846101,NYC,Private room,4.31749,4.10859
13100721,NYC,Private room,4.14313,4.69608
11529467,SF,Private room,5.01064,4.42093
18488036,SF,Entire home/apt,5.29832,5.21731
13782612,NYC,Private room,3.63759,4.00836
946644,DC,Private room,4.31749,4.58980
2856890,SF,Entire home/apt,5.92693,5.83367
18928607,DC,Entire home/apt,5.07517,5.54765
3785899,NYC,Private room,4.30407,4.21508
18328493,NYC,Entire home/apt,5.92693,5.42907
5344850,LA,Entire home/apt,3.91202,4.70464
877135,Boston,Entire home/apt,5.27300,5.26303
4256091,NYC,Private room,3.80666,3.92537
18635413,LA,Entire home/apt,5.45104,4.83855
4744276,Boston,Private room,4.27667,4.46342
19034746,LA,Entire home/apt,5.07517,4.82859
12957025,LA,Entire home/apt,4.38203,4.61794
5957111,LA,Shared room,3.55535,3.32222
48118,LA,Shared room,4.78749,4.12419
17480732,NYC,Entire home/apt,4.70048,4.43607
13024208,SF,Shared room,5.07517,4.55264
20354465,NYC,Entire home/apt,5.24702,5.08800
11801731,NYC,Entire home/apt,4.60517,4.93108
2558409,LA,Entire home/apt,4.48864,4.77266
16178531,LA,Entire home/apt,5.22036,5.21061
271602,SF,Entire home/apt,5.70378,5.95602
928004,SF,Entire home/apt,4.60517,5.31227
16518090,NYC,Private room,3.68888,3.88110
2445707,LA,Entire home/apt,5.16479,4.96886
5661276,NYC,Entire home/apt,5.10595,5.25538
7459507,NYC,Entire home/apt,4.60517,4.68490
19054757,DC,Entire home/apt,4.38203,5.14624
454188,LA,Private room,4.12713,3.90111
607500,LA,Entire home/apt,4.94164,5.09727
1031899,NYC,Entire home/apt,5.29330,5.20804
7698642,NYC,Entire home/apt,4.55388,4.85103
2028625,Boston,Shared room,3.55535,3.82882
3514499,LA,Entire home/apt,4.44265,4.71527
2611820,DC,Entire home/apt,4.49981,4.79266
16611634,NYC,Entire home/apt,5.40717,5.70837
17759869,SF,Entire home/apt,5.97889,6.01709
9765,NYC,Private room,3.91202,3.92710
1425973,NYC,Private room,4.78749,4.62126
13046072,NYC,Private room,4.78749,4.50661
1797661,NYC,Entire home/apt,4.78749,5.10193
21080809,SF,Entire home/apt,5.52146,5.76384
18872858,DC,Private room,4.60517,4.45292
12468950,NYC,Private room,4.60517,4.12120
20947437,NYC,Private room,4.24850,4.24407
2284051,NYC,Entire home/apt,5.35659,5.14700
20482768,LA,Entire home/apt,5.52146,5.27871
3250486,LA,Entire home/apt,5.43372,5.19258
9491469,NYC,Entire home/apt,5.61677,5.37195
9696560,LA,Entire home/apt,5.00395,5.32187
3107689,NYC,Entire home/apt,4.82831,5.04787
2293763,NYC,Entire home/apt,5.16479,4.93134
1421610,NYC,Entire home/apt,4.61512,4.66868
4235530,LA,Private room,5.01064,4.80965
8022623,LA,Entire home/apt,5.41610,5.86811
19651694,Chicago,Private room,4.70048,4.47138
2126053,LA,Entire home/apt,4.70048,5.16108
10992523,NYC,Entire home/apt,6.21461,5.94182
19630271,SF,Entire home/apt,5.16479,5.24965
13959401,LA,Private room,4.76217,3.96900
10246245,Boston,Entire home/apt,4.85981,5.03215
6390092,NYC,Private room,4.35671,4.25034
8972807,NYC,Private room,4.09434,4.27637
6646365,DC,Entire home/apt,5.29832,6.27544
20477537,NYC,Private room,4.44265,3.95952
6214285,LA,Entire home/apt,4.59512,4.64014
11820579,LA,Entire home/apt,4.44265,4.56655
9858642,NYC,Private room,4.31749,4.47226
7846162,LA,Private room,4.21951,4.36166
16576734,SF,Private room,3.80666,4.31151
14093957,NYC,Entire home/apt,4.12713,4.94118
4196039,Boston,Entire home/apt,5.55683,5.28241
12050932,LA,Entire home/apt,4.34381,4.68645
18448556,Chicago,Private room,3.73767,3.71231
18946874,LA,Private room,3.97029,4.47215
3506038,NYC,Entire home/apt,4.40672,4.54688
1013865,LA,Entire home/apt,4.40672,5.04021
16178388,LA,Private room,3.91202,4.12683
18793428,LA,Shared room,3.55535,3.79960
6747308,NYC,Entire home/apt,5.52146,5.27924
15287975,Chicago,Entire home/apt,4.38203,4.77918
17045913,NYC,Private room,4.31749,4.51891
8589235,NYC,Private room,4.23411,4.20574
6114908,LA,Entire home/apt,4.17439,4.44935
7851753,LA,Private room,3.97029,4.01377
10729994,NYC,Entire home/apt,4.60517,4.69660
5751598,LA,Entire home/apt,5.29832,5.83835
17846435,NYC,Entire home/apt,4.82831,5.03179
13728813,LA,Entire home/apt,4.94164,5.15492
3425822,LA,Private room,5.16479,4.52271
10021643,NYC,Private room,4.24850,4.41403
12950997,SF,Private room,4.57471,4.75954
12841511,Boston,Entire home/apt,4.99043,5.19266
7809337,SF,Private room,5.06890,4.98218
17664870,LA,Entire home/apt,4.74493,4.78039
3790667,NYC,Entire home/apt,4.17439,4.69209
16556106,LA,Private room,4.60517,4.38039
17895530,NYC,Entire home/apt,5.29832,5.05878
9647885,NYC,Entire home/apt,5.54126,5.30655
12652964,NYC,Entire home/apt,4.70048,4.56638
8474113,NYC,Entire home/apt,5.01064,4.85769
9918713,NYC,Entire home/apt,4.99043,4.76971
7935830,LA,Entire home/apt,4.68213,4.59328
3967611,LA,Entire home/apt,5.45959,5.99378
13901626,NYC,Entire home/apt,5.79909,5.66450
16769880,NYC,Private room,4.46591,4.48598
1864757,Boston,Private room,5.04343,4.78646
9008503,LA,Entire home/apt,4.49981,4.69367
9650268,NYC,Private room,5.16479,4.90542
13776478,NYC,Entire home/apt,5.27300,5.06141
12310857,LA,Entire home/apt,4.60517,4.87035
17843825,NYC,Entire home/apt,5.00395,5.05167
7836258,DC,Entire home/apt,4.58497,4.85722
3469191,LA,Entire home/apt,4.58497,4.63201
7091390,NYC,Entire home/apt,5.43808,4.98034
2668311,LA,Entire home/apt,4.74493,4.59763
7414801,NYC,Entire home/apt,5.19296,5.14479
9906800,NYC,Entire home/apt,5.07517,4.98938
13186007,NYC,Private room,4.82831,4.30072
784088,LA,Private room,5.19296,4.54790
15377806,LA,Entire home/apt,5.29330,5.93837
4663197,LA,Entire home/apt,5.66296,5.63194
7783924,SF,Entire home/apt,4.82831,5.48552
16061725,NYC,Private room,4.24850,4.66534
16544811,LA,Entire home/apt,4.44265,4.60329
15283486,LA,Entire home/apt,5.45959,5.54830
10415641,NYC,Private room,4.00733,3.95879
10888002,Boston,Private room,4.65396,4.59134
20376152,LA,Entire home/apt,5.98896,5.83972
11048172,LA,Entire home/apt,5.78996,5.54088
2188932,DC,Entire home/apt,4.82831,4.79128
5728806,NYC,Private room,4.24850,4.07213
8867253,LA,Entire home/apt,7.37463,7.62593
116289,SF,Private room,4.44265,4.27169
12525864,DC,Entire home/apt,4.97673,5.44517
5091056,NYC,Entire home/apt,4.70048,5.20485
15525301,NYC,Shared room,3.40120,4.17460
2550991,LA,Entire home/apt,4.31749,4.70247
16097336,LA,Entire home/apt,4.55388,4.65366
19820747,DC,Entire home/apt,4.59512,5.32955
20625674,NYC,Private room,4.38203,4.09671
6403564,DC,Entire home/apt,4.96981,5.16782
18911633,NYC,Private room,5.18178,4.02918
19567868,NYC,Entire home/apt,4.86753,4.79445
13452454,NYC,Entire home/apt,4.78749,4.73731
14826664,DC,Entire home/apt,4.30407,4.57862
1598012,DC,Entire home/apt,5.29832,5.13551
4475295,DC,Entire home/apt,4.65396,4.79770
17867228,LA,Entire home/apt,5.29330,4.95710
9562060,LA,Entire home/apt,4.38203,4.40888
15641562,NYC,Entire home/apt,4.44265,5.01461
14885329,NYC,Entire home/apt,5.29832,5.39704
873182,NYC,Entire home/apt,5.29330,5.19087
7222885,LA,Private room,4.48864,4.42236
1728339,NYC,Private room,4.38203,4.38271
4855194,SF,Private room,5.10595,5.60785
7482524,LA,Entire home/apt,4.53260,4.67658
18616663,NYC,Private room,4.60517,4.27657
16260362,LA,Private room,4.06044,4.01680
12897133,NYC,Entire home/apt,4.70048,4.87361
5720219,LA,Private room,4.70048,4.34912
20425974,NYC,Entire home/apt,4.66344,4.81362
15322871,LA,Entire home/apt,7.30988,7.04475
7647218,LA,Private room,3.97029,4.16140
8342838,LA,Private room,4.60517,4.47128
15805757,NYC,Entire home/apt,5.01064,5.17924
6006603,NYC,Private room,3.66356,3.77824
4111353,LA,Private room,5.16479,4.76034
15252848,DC,Entire home/apt,4.49981,4.63942
11302521,NYC,Private room,3.55535,4.23128
4698531,LA,Entire home/apt,4.94164,5.02912
11341650,Chicago,Entire home/apt,6.68461,5.99319
17996526,NYC,Private room,4.38203,4.34134
4137248,SF,Private room,5.29832,4.90978
11355659,DC,Private room,5.70378,5.16877
17189513,NYC,Entire home/apt,5.70378,5.47338
13733561,Chicago,Entire home/apt,5.13580,5.10418
7258070,SF,Private room,4.60517,5.02658
6795088,LA,Entire home/apt,5.01064,4.75856
2144103,DC,Private room,4.59512,4.37645
17919742,NYC,Entire home/apt,4.93447,4.98696
3978680,LA,Private room,4.55388,4.46489
12969922,NYC,Entire home/apt,6.47543,6.42137
13026774,NYC,Entire home/apt,5.01064,5.16586
16082877,NYC,Entire home/apt,4.74493,4.49571
14422676,LA,Entire home/apt,5.70378,5.60500
12964477,NYC,Entire home/apt,4.94164,4.87888
30725,LA,Private room,3.68888,3.90861
19173890,NYC,Private room,4.38203,4.95724
2145759,LA,Shared room,4.20469,3.89480
17874595,NYC,Entire home/apt,5.39363,5.16985
10948584,SF,Entire home/apt,5.29832,5.52231
3066947,SF,Entire home/apt,5.47227,5.39196
15721113,LA,Private room,3.66356,4.32235
5631165,DC,Private room,4.85981,4.08482
17418437,SF,Entire home/apt,4.60517,5.15408
21064623,NYC,Entire home/apt,5.01064,5.08075
16766095,DC,Entire home/apt,4.58497,5.77602
16452437,DC,Entire home/apt,5.29832,4.64428
7492644,DC,Entire home/apt,4.70048,4.62284
17447675,SF,Private room,4.55388,4.20302
16353834,NYC,Entire home/apt,5.07517,5.23501
1162899,LA,Private room,4.00733,4.09643
8923817,SF,Entire home/apt,5.70378,5.43906
1202623,NYC,Private room,4.09434,4.33606
3616572,NYC,Entire home/apt,5.29330,5.47588
13155817,SF,Entire home/apt,4.23411,4.55956
16301557,NYC,Private room,4.00733,4.10569
14874823,LA,Private room,3.80666,4.05010
882333,Chicago,Entire home/apt,4.60517,5.00441
3209980,NYC,Private room,4.24850,4.42422
20439257,NYC,Private room,4.40672,4.48553
6370117,Chicago,Entire home/apt,5.61677,5.58381
710283,LA,Entire home/apt,4.21951,4.32552
16464315,DC,Entire home/apt,5.85793,5.13076
13814370,SF,Private room,3.68888,4.57962
12065847,Chicago,Entire home/apt,5.12396,5.26913
19545045,LA,Private room,4.59512,4.35595
13430611,NYC,Private room,4.72739,4.55709
17175937,SF,Entire home/apt,5.70044,6.03191
18061514,SF,Entire home/apt,5.18739,5.54322
579605,SF,Entire home/apt,6.21461,6.66641
8925366,NYC,Private room,4.17439,4.23059
21079429,Chicago,Private room,4.38203,4.38983
11738317,LA,Private room,5.16479,4.83497
14695653,Chicago,Entire home/apt,4.44265,4.32664
16961217,Chicago,Entire home/apt,4.78749,4.87620
550858,SF,Private room,5.07517,4.81611
640669,NYC,Entire home/apt,4.82831,5.24475
19309434,NYC,Entire home/apt,5.92693,5.69683
18875740,NYC,Private room,4.48864,4.16316
3953472,LA,Private room,3.58352,4.29571
1514228,NYC,Entire home/apt,4.60517,4.84727
101702,NYC,Entire home/apt,4.64439,5.02086
6574122,NYC,Entire home/apt,5.13580,5.03705
4793006,DC,Entire home/apt,6.68461,5.24065
10528371,NYC,Entire home/apt,4.59512,5.17491
9149435,LA,Private room,6.90776,5.26903
4568382,NYC,Entire home/apt,4.60517,4.92652
10501461,LA,Entire home/apt,4.67283,4.78965
1467971,LA,Private room,4.56435,4.83914
4982699,NYC,Private room,4.00733,4.42847
11254246,LA,Private room,4.60517,4.40002
9509691,NYC,Entire home/apt,4.78749,4.95549
13040618,LA,Entire home/apt,4.70048,5.05321
16703220,NYC,Private room,4.07754,4.01624
17748077,NYC,Private room,4.31749,4.07872
6026700,NYC,Private room,4.60517,4.42036
6717053,LA,Private room,3.80666,4.03895
15149560,NYC,Entire home/apt,4.60517,4.81162
17271171,DC,Private room,4.17439,4.27387
6146124,NYC,Private room,3.68888,4.09624
4628459,NYC,Private room,4.17439,4.09267
16764960,LA,Entire home/apt,5.66988,5.34161
7310244,NYC,Private room,4.49981,4.22546
16351700,Boston,Private room,5.07517,4.70789
8403316,DC,Entire home/apt,5.70378,5.00261
12650830,LA,Entire home/apt,4.59512,5.08377
4371727,DC,Entire home/apt,4.70048,4.71259
4261951,DC,Entire home/apt,5.56068,5.37087
12984665,NYC,Private room,4.93447,5.22107
17238013,SF,Entire home/apt,4.82831,5.32505
8294653,Boston,Private room,4.24850,4.44343
8153202,LA,Private room,3.89182,4.13965
15419685,NYC,Private room,4.17439,4.12380
19217720,NYC,Entire home/apt,3.91202,5.23036
15742776,NYC,Entire home/apt,5.16479,5.25907
13109017,DC,Entire home/apt,4.93447,4.86324
18067556,Boston,Entire home/apt,4.70953,4.76869
6726361,Boston,Private room,4.58497,4.08679
5543996,LA,Entire home/apt,6.10925,5.91954
173072,LA,Private room,4.20469,4.36319
19813606,LA,Entire home/apt,5.95324,5.72697
882559,NYC,Private room,4.67283,4.46100
5287819,NYC,Entire home/apt,5.29330,5.35030
15411988,LA,Entire home/apt,5.42935,5.71293
17903233,LA,Entire home/apt,5.01064,5.85183
6888244,NYC,Entire home/apt,5.11799,4.87481
12108579,SF,Entire home/apt,5.52146,5.37800
18753106,LA,Private room,3.52636,4.09908
12344684,NYC,Private room,4.24850,4.29182
2477548,NYC,Entire home/apt,5.61677,5.23580
2672058,LA,Private room,5.07517,4.32428
12654629,Chicago,Private room,5.16479,4.33861
6037042,LA,Private room,3.97029,3.97332
18411249,LA,Private room,4.77912,4.71127
4188562,NYC,Private room,4.78749,4.74019
5431845,LA,Private room,4.33073,4.53864
1056445,LA,Private room,3.91202,4.28948
16176174,LA,Entire home/apt,5.01064,5.07413
15115733,LA,Entire home/apt,5.63479,5.24728
749965,LA,Entire home/apt,4.77912,4.92366
18160673,NYC,Entire home/apt,5.52146,5.35700
14903212,LA,Private room,4.09434,4.17086
13418948,DC,Private room,5.29832,4.42173
273190,LA,Entire home/apt,5.17048,5.34802
14884262,NYC,Entire home/apt,4.90527,5.08913
2890120,LA,Private room,4.31749,3.89582
11299967,LA,Entire home/apt,5.16479,4.83505
18508862,LA,Private room,6.05209,5.82820
4407787,DC,Entire home/apt,4.93447,4.81790
14421699,NYC,Entire home/apt,5.52146,5.14577
6987811,Boston,Entire home/apt,5.22036,5.37712
17176863,NYC,Private room,4.71850,4.70672
2448276,LA,Entire home/apt,5.29832,5.34349
17517840,LA,Private room,4.07754,4.31448
8050221,NYC,Entire home/apt,6.20456,5.71369
698882,DC,Private room,4.38203,4.33196
10084168,LA,Private room,4.09434,3.99682
2829622,Chicago,Entire home/apt,5.41610,5.32365
1069758,NYC,Entire home/apt,4.24850,4.87920
12243016,NYC,Private room,3.80666,4.01078
15774013,LA,Private room,4.17439,4.74789
21024340,NYC,Entire home/apt,4.82831,4.99792
20503496,NYC,Private room,3.68888,3.97010
16710700,LA,Private room,5.52146,4.54748
16499511,NYC,Private room,4.77912,4.77939
15451419,NYC,Private room,4.09434,4.16297
17860042,LA,Entire home/apt,5.25750,5.10479
13904995,LA,Entire home/apt,4.44265,4.90210
20530608,SF,Private room,3.91202,4.55769
8942367,SF,Private room,4.49981,5.22252
17465159,NYC,Entire home/apt,4.09434,4.45263
14690418,Chicago,Entire home/apt,4.69135,4.67235
12254178,SF,Entire home/apt,4.82831,4.93717
16236939,DC,Entire home/apt,4.36945,4.68563
17573516,NYC,Entire home/apt,4.60517,5.06477
16300091,SF,Private room,5.34711,4.97758
716954,NYC,Private room,4.09434,3.96192
1932656,NYC,Entire home/apt,4.86753,4.43564
10615147,LA,Entire home/apt,4.60517,4.63933
19912317,DC,Entire home/apt,4.82831,4.63429
14946095,LA,Entire home/apt,5.01064,4.87338
13883766,LA,Private room,4.09434,4.24040
2331166,NYC,Entire home/apt,5.29832,5.03479
10021958,NYC,Private room,4.31749,4.04083
1671260,DC,Entire home/apt,4.69135,4.69411
1932019,LA,Entire home/apt,4.94164,5.08246
15480714,Chicago,Entire home/apt,4.97673,4.92252
1016004,NYC,Private room,4.23411,4.50315
18023797,DC,Private room,4.49981,4.38800
20800389,NYC,Entire home/apt,5.24175,5.27411
7772318,NYC,Entire home/apt,5.52146,5.25115
6492070,NYC,Private room,4.17439,4.17956
20412048,LA,Entire home/apt,4.71850,4.65317
13005087,DC,Entire home/apt,4.85981,6.01972
20425394,Boston,Entire home/apt,5.06890,5.36006
710015,Chicago,Entire home/apt,5.01064,5.00319
19551992,NYC,Entire home/apt,5.29330,5.17033
9116469,NYC,Entire home/apt,4.77912,4.92471
10806613,Chicago,Private room,4.31749,4.10179
4727609,DC,Private room,3.91202,4.17041
8151515,NYC,Entire home/apt,5.10595,5.17318
16781175,SF,Private room,5.07517,4.90829
17916272,LA,Private room,3.49651,3.40760
17832692,NYC,Entire home/apt,4.77912,4.77088
14594639,NYC,Entire home/apt,5.29832,4.91779
14074599,LA,Entire home/apt,4.52179,4.80998
9010023,LA,Entire home/apt,5.01064,4.98857
7869969,LA,Private room,4.21951,4.01565
20691848,NYC,Private room,3.98898,4.09701
17104333,DC,Entire home/apt,4.59512,4.70379
15663836,LA,Private room,4.23411,4.09461
16738794,Boston,Entire home/apt,5.55683,5.50694
5696687,NYC,Private room,3.91202,4.24850
12324499,LA,Private room,4.65396,4.54204
17026830,NYC,Private room,4.70048,4.04604
14169985,NYC,Private room,3.80666,3.74106
7774167,LA,Entire home/apt,5.01064,5.06354
17670660,SF,Entire home/apt,5.99146,5.88814
14658329,NYC,Private room,3.68888,3.89891
4678742,SF,Entire home/apt,5.65249,6.01897
13504549,LA,Entire home/apt,4.43082,4.33101
3435141,NYC,Private room,3.80666,3.94170
18411980,NYC,Entire home/apt,4.65396,4.75569
20617913,DC,Private room,5.01064,5.28649
18595895,DC,Entire home/apt,5.70378,6.11415
4859852,LA,Entire home/apt,6.47697,6.08484
15495682,DC,Entire home/apt,4.77912,4.90901
4976450,NYC,Private room,4.12713,4.27622
13240673,LA,Entire home/apt,3.73767,4.73622
13908638,SF,Entire home/apt,4.82831,5.12166
14266442,NYC,Private room,4.31749,4.32346
19808820,Boston,Entire home/apt,5.82600,5.88438
2250790,NYC,Entire home/apt,4.59512,4.48132
18272911,NYC,Entire home/apt,5.18739,5.16617
14303750,NYC,Entire home/apt,4.82831,5.08191
6419072,LA,Private room,4.54329,4.63880
17894607,DC,Private room,5.01064,4.64140
3139003,LA,Entire home/apt,5.01064,5.10859
135320,LA,Private room,4.31749,4.07302
19999527,LA,Entire home/apt,5.00395,4.93949
6181603,NYC,Private room,3.80666,4.10985
16479726,LA,Private room,4.07754,3.92297
332225,NYC,Entire home/apt,5.27300,5.29225
12962229,NYC,Private room,3.93183,4.41279
13037028,SF,Entire home/apt,5.04343,5.09450
18209134,NYC,Entire home/apt,5.01064,4.95276
3764301,LA,Entire home/apt,5.99146,5.99594
172700,NYC,Entire home/apt,4.94164,5.08210
11299890,LA,Entire home/apt,4.44265,4.60404
8673141,LA,Private room,4.36945,4.21135
3543006,NYC,Private room,4.17439,4.53592
20499977,NYC,Private room,4.82831,4.83786
14359192,NYC,Entire home/apt,5.13580,5.13143
321014,NYC,Private room,4.60517,4.22024
17560543,LA,Private room,4.31749,4.14539
3154590,NYC,Entire home/apt,5.12990,5.22428
9292118,NYC,Entire home/apt,4.59512,4.68241
12230361,NYC,Entire home/apt,4.69135,4.88958
11744035,DC,Entire home/apt,4.23411,4.78855
7761377,NYC,Entire home/apt,5.43808,5.05969
11901356,LA,Private room,3.91202,4.37756
14671624,DC,Entire home/apt,4.60517,4.89738
1167221,NYC,Entire home/apt,5.22036,5.29923
13531244,NYC,Entire home/apt,5.85793,5.95924
15745411,LA,Private room,4.89784,4.53752
10106939,NYC,Private room,4.00733,4.10516
9390396,SF,Entire home/apt,5.29832,5.66354
16847245,LA,Private room,3.91202,4.09021
21141312,LA,Entire home/apt,5.18739,5.16091
16396241,NYC,Entire home/apt,5.99146,5.84644
14953804,LA,Entire home/apt,5.52146,5.35361
20208787,NYC,Entire home/apt,4.57471,5.05072
8636457,NYC,Entire home/apt,5.78383,5.97784
14968436,NYC,Private room,3.66356,4.06802
6209994,DC,Entire home/apt,6.21461,5.71189
173568,NYC,Private room,4.60517,4.28945
13094020,NYC,Entire home/apt,4.60517,4.93884
16542510,LA,Entire home/apt,5.00395,5.11114
26199,DC,Private room,4.17439,4.58156
12568152,SF,Entire home/apt,5.52146,5.75781
15523268,NYC,Private room,3.80666,4.14922
10596856,NYC,Private room,3.63759,4.20790
19743334,SF,Entire home/apt,5.29330,5.00526
851048,LA,Entire home/apt,5.61677,6.20128
3751737,DC,Shared room,4.31749,3.83964
18491689,LA,Entire home/apt,5.29330,5.46671
18496902,NYC,Entire home/apt,4.60517,4.83041
18293947,DC,Entire home/apt,4.74493,4.74872
17716646,NYC,Private room,3.68888,4.19478
17404164,LA,Private room,4.24850,4.04421
9395456,LA,Entire home/apt,4.60517,4.84323
9281174,NYC,Private room,4.36945,4.26736
15530744,Chicago,Entire home/apt,4.59512,4.55758
14800664,LA,Entire home/apt,5.41610,5.59489
1724222,NYC,Entire home/apt,6.21261,5.76013
14607691,NYC,Private room,3.80666,3.76211
17880834,NYC,Entire home/apt,4.55388,4.59052
16366103,NYC,Shared room,4.00733,4.20368
1260289,NYC,Private room,4.09434,4.12574
19961368,Chicago,Entire home/apt,4.77912,4.81551
16365098,Chicago,Entire home/apt,5.16479,5.10753
1993964,DC,Entire home/apt,6.90675,6.62719
18055322,NYC,Entire home/apt,4.78749,5.14009
13881577,LA,Private room,3.91202,4.07776
12342297,LA,Entire home/apt,5.01064,5.00482
16439219,Boston,Entire home/apt,4.68213,4.90660
992786,NYC,Entire home/apt,4.59512,4.88535
12917422,LA,Private room,4.00733,4.19122
3171070,Chicago,Private room,3.68888,3.86763
2213680,DC,Private room,4.24850,4.47375
8445816,NYC,Private room,4.70048,3.94723
829215,NYC,Entire home/apt,4.60517,5.21695
17875248,NYC,Private room,4.60517,4.55241
12107097,DC,Entire home/apt,4.69135,4.81604
21337,LA,Entire home/apt,4.77912,4.83271
17832525,LA,Entire home/apt,4.38203,4.49779
270568,NYC,Entire home/apt,5.32301,5.30024
1170626,LA,Private room,3.36730,3.65171
12984851,SF,Entire home/apt,4.85981,5.01431
17714706,LA,Shared room,3.21888,3.56249
17501131,LA,Private room,4.26268,4.18327
4447430,DC,Entire home/apt,5.16479,5.41273
18043568,NYC,Entire home/apt,4.49981,4.50451
6245521,NYC,Private room,4.78749,4.78560
13768426,LA,Private room,4.36945,4.34530
10154762,NYC,Entire home/apt,5.22036,5.27769
14015822,NYC,Private room,4.38203,4.42174
10879699,NYC,Entire home/apt,6.21461,5.70475
431865,LA,Entire home/apt,5.29330,5.29701
16567324,DC,Private room,4.31749,4.63794
2070612,Chicago,Private room,4.17439,4.27438
93313,NYC,Entire home/apt,5.59099,5.86848
8595191,LA,Entire home/apt,4.77912,4.60240
10830083,NYC,Entire home/apt,5.34711,4.87141
6103534,Boston,Entire home/apt,6.22258,5.75711
9988119,NYC,Entire home/apt,5.29832,5.18866
4848854,NYC,Entire home/apt,5.63479,4.47413
3006861,SF,Entire home/apt,5.68698,5.93176
18314749,DC,Private room,3.61092,3.96675
7474964,Boston,Entire home/apt,4.49981,4.98250
6377019,NYC,Entire home/apt,4.78749,4.76514
6194461,NYC,Private room,4.60517,4.23757
17419506,NYC,Private room,3.91202,4.17777
4025414,SF,Entire home/apt,5.27300,5.38113
11872360,SF,Entire home/apt,4.82831,5.17717
7597074,DC,Entire home/apt,3.95124,4.34169
1198359,Chicago,Private room,4.09434,3.79824
808660,NYC,Entire home/apt,5.85793,5.78243
18222885,Chicago,Private room,4.09434,4.35740
7856309,NYC,Private room,4.55388,4.36831
11623120,LA,Shared room,4.31749,3.62762
18080989,NYC,Entire home/apt,4.69135,4.97136
15860095,NYC,Private room,4.17439,4.25062
5882164,LA,Private room,4.38203,4.00582
2632699,LA,Entire home/apt,4.82831,4.75456
460999,DC,Private room,3.49651,3.94075
12207073,NYC,Private room,4.31749,4.22923
16647409,NYC,Entire home/apt,4.71850,4.73868
15971466,LA,Private room,4.00733,4.07273
15192157,NYC,Entire home/apt,5.01064,5.15601
12435111,LA,Private room,4.24850,4.18678
18805854,NYC,Private room,4.17439,4.07656
18288120,NYC,Private room,4.59512,4.60417
9282720,NYC,Private room,4.31749,4.09606
16215474,LA,Private room,3.68888,3.88572
5095370,DC,Entire home/apt,4.94164,5.43491
17700098,LA,Entire home/apt,5.70044,5.73204
4396299,NYC,Private room,4.31749,4.57577
16364273,SF,Entire home/apt,5.24175,5.25978
19876272,NYC,Entire home/apt,5.41610,5.38047
11419512,Chicago,Entire home/apt,4.31749,4.35993
13276614,LA,Shared room,5.14749,4.20872
15393637,LA,Private room,3.80666,4.20595
12901338,LA,Entire home/apt,4.65396,4.80370
11276989,LA,Entire home/apt,6.68461,5.85231
6231539,NYC,Entire home/apt,4.60517,5.03342
6038278,NYC,Private room,3.91202,4.25262
13960277,NYC,Entire home/apt,6.30992,6.11847
10340867,NYC,Private room,4.26268,4.25945
15315137,Chicago,Private room,3.89182,4.02626
14252537,NYC,Entire home/apt,5.10595,4.74474
13911745,DC,Entire home/apt,5.43808,6.13425
7458297,Chicago,Entire home/apt,5.27300,5.16721
13899864,NYC,Private room,3.36730,4.03362
20207694,LA,Private room,3.68888,3.79002
2524228,NYC,Entire home/apt,5.29330,5.15959
21123280,LA,Entire home/apt,5.99146,5.59485
15616716,NYC,Entire home/apt,5.16479,5.10891
7162435,NYC,Entire home/apt,4.77912,5.12433
4257078,NYC,Entire home/apt,5.48064,5.43837
6913497,LA,Shared room,4.07754,3.96625
17653522,LA,Entire home/apt,4.86753,4.96537
11910103,LA,Private room,3.91202,4.49205
2214323,LA,Entire home/apt,5.85793,5.15103
6611592,DC,Private room,4.06044,4.39231
21000720,DC,Entire home/apt,5.35659,5.33896
2019927,NYC,Entire home/apt,5.17048,5.23139
6404138,NYC,Entire home/apt,7.49554,6.61444
2132248,LA,Entire home/apt,6.39693,5.16481
10228617,LA,Private room,4.46591,4.75147
19809248,SF,Entire home/apt,4.68213,5.18542
18472645,LA,Private room,4.74493,4.52554
12078997,SF,Entire home/apt,5.18739,5.42214
4343959,DC,Entire home/apt,5.19296,5.03829
17831103,NYC,Entire home/apt,5.27300,5.31556
16321624,NYC,Entire home/apt,4.31749,4.66735
19801367,LA,Entire home/apt,4.21951,4.48838
3220609,LA,Entire home/apt,5.29832,5.70215
5806694,LA,Private room,4.49981,4.54534
15520473,DC,Entire home/apt,5.29832,5.13412
18508137,LA,Shared room,3.40120,3.75167
43860,NYC,Entire home/apt,5.07517,5.36657
9796734,NYC,Entire home/apt,4.47734,4.45983
19660722,NYC,Private room,3.89182,4.21575
4604408,NYC,Entire home/apt,4.70048,4.74520
14943513,NYC,Entire home/apt,5.87212,6.10654
5790254,LA,Private room,3.68888,4.32489
4602440,NYC,Private room,4.31749,4.31174
18125077,NYC,Private room,3.80666,4.28124
5836073,DC,Entire home/apt,4.70953,4.96699
17605947,LA,Entire home/apt,5.70378,5.91138
19450906,NYC,Private room,3.78419,3.84779
18043089,NYC,Entire home/apt,5.01064,4.86809
11741555,LA,Entire home/apt,5.92693,5.54772
11585557,LA,Private room,3.85015,3.93705
13459691,NYC,Entire home/apt,5.51745,5.28736
1190447,NYC,Private room,4.86753,4.66070
5751068,Boston,Entire home/apt,4.78749,4.80006
13437815,SF,Private room,5.01064,4.94123
16795563,LA,Entire home/apt,4.70048,4.87216
15448688,DC,Entire home/apt,5.16479,4.90729
13297746,NYC,Entire home/apt,5.01064,5.38768
1917226,LA,Entire home/apt,6.47697,6.08430
12886198,LA,Private room,4.52179,4.71043
7971226,NYC,Private room,4.02535,4.23628
17380055,NYC,Entire home/apt,5.68698,5.19268
16752826,DC,Entire home/apt,5.97635,5.92040
7127458,NYC,Private room,5.39363,4.92177
16086336,LA,Entire home/apt,4.70048,4.78855
7663195,NYC,Entire home/apt,5.01064,5.03025
13607161,SF,Entire home/apt,5.99146,5.55862
18429437,NYC,Entire home/apt,5.22036,5.19387
4015907,Chicago,Private room,3.40120,3.98499
10548171,LA,Entire home/apt,4.90527,4.49101
1935175,DC,Entire home/apt,4.24850,4.56969
2488227,DC,Private room,4.12713,4.34456
20903558,NYC,Private room,4.38203,4.42656
14360528,Boston,Private room,4.24850,4.30769
1476853,LA,Entire home/apt,5.29832,5.75513
535438,NYC,Private room,4.59512,4.72297
20163531,LA,Private room,4.91998,4.54253
16963577,NYC,Private room,4.12713,4.10101
8032689,LA,Private room,4.23411,4.32726
289703,NYC,Entire home/apt,5.13580,5.07169
1955735,LA,Entire home/apt,5.85793,5.37085
13605429,SF,Private room,4.31749,4.42647
1847806,Chicago,Private room,4.12713,3.99398
19674297,NYC,Entire home/apt,5.70378,5.40644
3711039,LA,Private room,3.91202,4.26849
14995206,Chicago,Entire home/apt,5.01064,4.78141
9777422,LA,Entire home/apt,4.59512,4.62837
15101022,Boston,Entire home/apt,5.52146,5.48587
8990039,NYC,Private room,5.06890,5.33242
12914570,SF,Entire home/apt,5.27300,5.43084
2114508,NYC,Entire home/apt,4.82831,4.79684
1195260,LA,Private room,3.91202,3.98368
3216335,DC,Private room,5.70378,5.07654
6644726,SF,Private room,4.60517,4.90467
9453099,NYC,Shared room,4.60517,4.22024
8067652,LA,Entire home/apt,4.82831,4.46432
8631257,DC,Entire home/apt,5.70378,5.52794
6452933,NYC,Entire home/apt,5.01064,4.95245
15568604,Chicago,Private room,4.24850,3.91727
8973427,LA,Private room,4.15888,4.24792
11515938,SF,Entire home/apt,6.68461,5.96625
16869658,NYC,Private room,5.48064,4.46239
4440751,DC,Entire home/apt,4.60517,4.53046
11852071,NYC,Entire home/apt,4.59512,5.10339
3021617,LA,Entire home/apt,6.55108,6.30348
7839172,NYC,Private room,3.95124,4.33445
5059808,NYC,Private room,5.00395,4.83209
6567853,NYC,Private room,4.17439,4.20596
2618288,Chicago,Entire home/apt,4.26268,4.74531
13116496,NYC,Entire home/apt,5.70044,5.75203
7660767,Boston,Entire home/apt,4.60517,4.74070
20725208,NYC,Private room,3.49651,3.95521
11025601,LA,Private room,3.68888,3.92231
11453748,LA,Entire home/apt,4.65396,4.37904
18909484,Chicago,Entire home/apt,4.74493,5.26815
18827666,SF,Entire home/apt,5.96358,5.38727
6499447,LA,Entire home/apt,4.59512,4.98143
19617695,LA,Private room,4.44265,4.53174
16908625,Chicago,Entire home/apt,5.01064,5.11849
3227096,DC,Entire home/apt,5.70378,5.38257
6292866,LA,Entire home/apt,5.19296,5.43369
6614078,NYC,Private room,3.91202,4.08279
3958460,LA,Shared room,3.09104,3.21068
19142807,NYC,Private room,4.00733,3.92743
6404515,LA,Private room,4.78749,4.57153
16012267,LA,Entire home/apt,4.70048,4.62678
20088992,NYC,Entire home/apt,5.11199,5.20617
17701434,NYC,Entire home/apt,4.09434,4.38548
433060,Boston,Entire home/apt,5.84932,5.28180
14935354,LA,Shared room,3.21888,3.71400
19159503,LA,Private room,4.49981,4.39898
4974846,LA,Entire home/apt,5.29330,5.51369
317938,NYC,Private room,4.00733,3.91962
11993927,NYC,Private room,4.39445,5.18337
14884336,NYC,Entire home/apt,5.34711,5.50628
6005868,NYC,Private room,3.91202,4.08269
13165837,LA,Entire home/apt,4.38203,4.48746
12603896,LA,Entire home/apt,4.96981,5.43201
18211322,LA,Private room,4.90527,4.48755
8327016,Chicago,Entire home/apt,6.62007,6.33796
2374698,NYC,Private room,4.60517,4.66476
12544603,LA,Entire home/apt,4.90527,5.05389
7360828,LA,Entire home/apt,4.94164,5.48177
11086420,LA,Private room,4.59512,4.12320
14991671,LA,Entire home/apt,4.93447,5.09289
17874036,NYC,Entire home/apt,5.56068,5.05880
18271575,DC,Private room,3.91202,3.78470
492810,LA,Entire home/apt,4.60517,4.52351
14249838,Chicago,Entire home/apt,3.91202,4.48661
2263794,SF,Entire home/apt,6.21461,6.04837
6323632,NYC,Entire home/apt,5.63479,5.63855
17256304,NYC,Entire home/apt,5.01064,5.36948
16633594,DC,Entire home/apt,4.90527,5.07646
8273329,NYC,Entire home/apt,4.86753,5.15348
10959560,NYC,Private room,4.09434,4.43364
16856834,DC,Entire home/apt,6.39693,5.71493
9494511,SF,Entire home/apt,5.19296,5.00072
10386360,LA,Private room,4.17439,3.99116
11589713,NYC,Private room,4.31749,4.26982
1669250,LA,Entire home/apt,5.24702,5.23562
20156079,Boston,Private room,5.14749,4.66163
5838728,DC,Entire home/apt,6.20456,5.88689
3114129,NYC,Entire home/apt,5.59471,4.90975
15205531,NYC,Entire home/apt,5.68698,5.46907
20621413,NYC,Private room,3.78419,4.14950
15581842,LA,Entire home/apt,5.04343,4.91415
20971407,Chicago,Entire home/apt,6.51471,5.06741
19769057,NYC,Entire home/apt,5.07517,5.51490
17626994,NYC,Entire home/apt,5.72031,5.40396
13714745,SF,Private room,5.39363,4.75258
16330737,NYC,Entire home/apt,5.13580,5.37280
14746873,DC,Entire home/apt,4.44265,4.67386
4191357,DC,Private room,4.36945,4.23682
14649438,DC,Entire home/apt,5.70044,5.61126
6197119,NYC,Private room,3.68888,4.11872
10988468,LA,Private room,4.74493,4.34877
20934581,SF,Private room,4.07754,4.26651
8652653,NYC,Private room,3.66356,4.11701
12990632,LA,Entire home/apt,5.80814,5.36906
13712673,LA,Private room,4.27667,4.14135
4916684,LA,Entire home/apt,4.55388,4.90855
15470227,LA,Private room,4.35671,4.10793
14373299,NYC,Private room,5.01064,4.41174
14963640,LA,Entire home/apt,4.49981,4.75154
19147582,NYC,Entire home/apt,5.00395,5.04564
17110619,NYC,Entire home/apt,4.60517,4.97644
13625341,LA,Private room,4.70048,4.87199
3175606,LA,Entire home/apt,6.90776,5.98948
5850125,SF,Entire home/apt,5.15329,5.21751
3689632,LA,Entire home/apt,4.23411,4.22214
14952800,SF,Private room,4.90527,4.78482
1671963,LA,Entire home/apt,5.45959,5.05842
8869383,NYC,Private room,4.09434,4.03937
9504843,DC,Entire home/apt,4.86753,5.09698
69755,LA,Private room,3.73767,4.34743
10001372,NYC,Entire home/apt,5.18739,4.85050
9010383,NYC,Entire home/apt,5.43372,5.52436
6292762,NYC,Private room,5.29832,4.56124
13927957,NYC,Private room,5.01064,4.25057
6134145,LA,Shared room,3.58352,3.49370
17208292,Boston,Entire home/apt,5.70378,5.71797
15976195,LA,Private room,3.87120,4.52950
16553852,NYC,Entire home/apt,4.74493,4.67976
18623246,Boston,Private room,4.49981,4.27375
3112949,NYC,Private room,3.68888,4.20286
2046789,DC,Entire home/apt,4.69135,4.87769
8054277,Boston,Private room,3.66356,3.82060
3540852,LA,Entire home/apt,6.85118,5.94516
4497963,Chicago,Entire home/apt,4.85981,4.92517
13765236,Boston,Entire home/apt,5.07517,5.22269
13230807,LA,Entire home/apt,4.77912,4.75718
7996974,NYC,Entire home/apt,4.70048,4.85281
15814363,LA,Entire home/apt,5.06890,5.15392
21148781,LA,Entire home/apt,5.78074,5.51264
13299398,NYC,Private room,3.91202,3.99166
2967792,LA,Entire home/apt,5.37064,4.80225
5885396,LA,Private room,3.68888,3.79902
45689,LA,Entire home/apt,4.59512,4.56796
20476550,LA,Private room,4.49981,4.42218
17665855,SF,Entire home/apt,5.22036,5.23473
12650953,LA,Entire home/apt,4.45435,4.89737
18718833,NYC,Entire home/apt,5.03695,5.29440
453255,SF,Private room,4.27667,4.57430
13167621,LA,Entire home/apt,6.43775,6.19652
13788908,NYC,Private room,3.76120,4.02663
15376121,DC,Private room,4.69135,4.44789
17423245,LA,Entire home/apt,3.80666,5.45584
1556896,NYC,Entire home/apt,4.93447,4.84320
8063815,NYC,Private room,4.24850,4.19464
15567081,LA,Private room,4.31749,4.40789
8309731,Boston,Entire home/apt,5.25227,5.50322
15252999,NYC,Private room,3.89182,4.04097
20577854,NYC,Private room,5.01064,4.65590
14472385,NYC,Entire home/apt,5.78383,5.73444
20460009,LA,Entire home/apt,5.51745,5.11524
18353019,LA,Entire home/apt,4.86753,5.26388
15324442,NYC,Entire home/apt,5.01064,5.17582
958331,SF,Private room,5.23644,4.95530
16284572,NYC,Private room,4.00733,4.18335
10218027,LA,Entire home/apt,4.58497,5.02114
10682225,NYC,Private room,4.24850,4.39550
4557144,NYC,Entire home/apt,5.61677,5.45820
13612094,NYC,Private room,5.99146,5.44573
20002462,LA,Private room,4.06044,4.20754
8090406,SF,Entire home/apt,6.39693,6.45408
541653,NYC,Private room,4.31749,4.59482
12758931,LA,Shared room,4.31749,3.84270
15165018,LA,Entire home/apt,5.52146,5.22407
15491431,NYC,Entire home/apt,5.01064,4.81603
6495474,LA,Entire home/apt,6.58617,6.36434
17709514,SF,Entire home/apt,5.24175,5.38074
5327921,NYC,Entire home/apt,4.64439,4.95405
15656252,NYC,Shared room,3.73767,3.81070
16532929,Boston,Entire home/apt,5.68017,5.75911
20616888,NYC,Private room,4.60517,4.30334
14747309,NYC,Private room,4.38203,4.14793
504195,Chicago,Private room,4.17439,4.16177
16781160,NYC,Entire home/apt,6.95655,6.30137
14577560,NYC,Private room,4.49981,4.44710
20891531,NYC,Entire home/apt,6.21461,6.24787
1028190,NYC,Entire home/apt,4.89035,4.81066
13248565,DC,Entire home/apt,5.85507,6.22518
15600689,NYC,Entire home/apt,5.41610,4.75396
14406178,SF,Private room,4.35671,4.79153
11832306,DC,Private room,4.38203,4.35426
479072,SF,Private room,5.70378,4.75403
5395489,NYC,Entire home/apt,5.01064,4.77892
15493737,LA,Private room,3.80666,4.15565
1412160,LA,Shared room,3.68888,3.85750
6098253,LA,Private room,3.91202,4.36608
9090351,DC,Entire home/apt,6.21461,5.37295
10839934,LA,Shared room,3.40120,3.44152
14666797,SF,Private room,4.33073,4.61178
18359822,LA,Entire home/apt,4.90527,5.20445
2601464,LA,Private room,4.60517,4.79924
15624512,DC,Private room,4.44265,4.43388
1022204,SF,Entire home/apt,5.70378,5.92596
18249321,LA,Private room,5.29832,4.60745
12864193,NYC,Private room,4.24850,4.58556
6384378,LA,Entire home/apt,6.05209,5.70285
12966401,NYC,Private room,6.90776,5.97431
16519966,DC,Shared room,3.21888,4.62576
13496719,SF,Entire home/apt,5.23644,5.24751
586709,NYC,Entire home/apt,5.45959,5.79085
15686777,LA,Private room,4.24850,4.11467
14253149,NYC,Entire home/apt,5.29832,5.32872
20279691,SF,Private room,4.47734,4.51934
14531729,NYC,Private room,4.68213,4.60554
17734511,LA,Private room,5.07517,4.69950
6226745,LA,Private room,3.43399,3.98807
8235820,NYC,Entire home/apt,4.49981,4.52757
14016206,NYC,Private room,4.38203,4.59617
13209262,LA,Entire home/apt,5.10595,5.07229
786843,LA,Entire home/apt,5.24702,5.07771
9759707,NYC,Private room,3.91202,3.87678
4309060,SF,Entire home/apt,4.94164,5.25720
18512202,NYC,Private room,4.69135,4.77297
2072098,NYC,Private room,4.73620,4.72536
9907014,LA,Private room,3.89182,4.05811
17624280,NYC,Entire home/apt,5.43372,5.22629
15163837,LA,Private room,4.17439,4.13165
772362,SF,Entire home/apt,4.94164,5.02661
20708705,NYC,Private room,4.24850,3.97200
4931962,NYC,Entire home/apt,4.82831,4.89029
3060149,SF,Entire home/apt,5.06260,5.36248
16426422,Chicago,Entire home/apt,5.12990,5.33516
16055807,NYC,Private room,4.49981,4.20010
7853584,LA,Private room,3.68888,3.73669
5797246,LA,Entire home/apt,5.60947,5.10804
4295573,NYC,Entire home/apt,5.70378,5.29337
9956834,NYC,Entire home/apt,5.45959,5.41750
842167,NYC,Private room,4.23411,4.15604
20049083,LA,Entire home/apt,4.48864,4.58154
12128290,NYC,Private room,5.29832,4.73226
9283741,NYC,Entire home/apt,4.78749,5.03112
13055856,SF,Private room,4.64439,4.70639
14551811,LA,Private room,4.09434,4.21901
4395745,NYC,Entire home/apt,4.93447,4.93040
8373229,NYC,Private room,3.04452,3.90380
6272816,LA,Entire home/apt,6.68336,6.72786
8152916,LA,Entire home/apt,7.59840,6.66576
17318140,NYC,Private room,3.76120,4.14733
10255756,LA,Entire home/apt,4.51086,4.92550
14520477,NYC,Private room,4.60517,4.54691
8741489,NYC,Private room,4.70048,4.19849
18791898,NYC,Entire home/apt,5.50126,5.47918
15649758,LA,Private room,4.85981,4.43765
13101001,NYC,Entire home/apt,5.16479,5.22215
10154702,NYC,Entire home/apt,4.17439,4.74606
10791008,NYC,Private room,4.00733,4.00648
15932217,LA,Private room,4.38203,4.34497
570797,LA,Entire home/apt,5.51343,5.77637
11010474,LA,Private room,4.55388,4.54763
14276055,LA,Entire home/apt,5.09987,5.27540
1802657,Chicago,Entire home/apt,4.55388,4.77833
16176101,NYC,Entire home/apt,5.99146,5.57269
1492773,LA,Entire home/apt,4.56435,4.40904
17179657,NYC,Private room,4.09434,4.47921
12287387,SF,Entire home/apt,4.90527,5.01514
6198606,NYC,Private room,5.52146,4.47580
308584,Chicago,Entire home/apt,4.07754,4.47078
6536702,LA,Entire home/apt,5.01064,4.94113
16204162,NYC,Private room,3.29584,3.96368
6169790,NYC,Private room,4.24850,4.30930
16579187,NYC,Private room,4.21951,4.15368
4128340,Boston,Entire home/apt,5.16479,4.91617
17943383,Boston,Private room,3.87120,4.07731
18757443,NYC,Entire home/apt,4.59512,5.36717
17587721,NYC,Entire home/apt,4.70048,4.75263
15450137,LA,Entire home/apt,5.00395,5.08472
20664066,Boston,Entire home/apt,5.29832,5.31395
14205364,NYC,Private room,4.24850,4.30621
17130200,NYC,Private room,5.16479,5.28200
14800471,SF,Private room,4.59512,4.65378
18085654,Chicago,Entire home/apt,5.23644,4.95884
11922587,LA,Entire home/apt,4.44265,4.75155
15482116,NYC,Private room,4.09434,4.03135
13980353,LA,Private room,4.55388,4.10582
15819365,NYC,Private room,4.31749,4.58553
4418714,NYC,Entire home/apt,4.82831,5.57413
7919400,LA,Private room,4.44265,4.39302
1209684,LA,Private room,4.31749,4.73990
16597216,LA,Entire home/apt,6.39693,5.85732
14888126,NYC,Entire home/apt,4.44265,4.97635
11460984,NYC,Entire home/apt,4.86753,5.21313
10060797,DC,Entire home/apt,5.70378,5.45858
18571288,NYC,Private room,4.38203,4.02841
8324007,SF,Entire home/apt,6.37161,5.59297
20884262,NYC,Private room,4.09434,3.98409
20306746,DC,Entire home/apt,5.41610,5.56080
16181585,NYC,Private room,3.55535,4.00413
3826011,LA,Private room,4.24850,4.33030
642053,NYC,Private room,4.49981,4.29021
11873770,LA,Entire home/apt,6.21461,6.38592
11260343,NYC,Entire home/apt,4.85981,5.42973
16444558,DC,Entire home/apt,5.68698,5.75031
16674134,NYC,Private room,5.29832,4.93295
15605282,NYC,Private room,3.80666,4.03326
17075388,NYC,Entire home/apt,5.39363,5.20933
14714262,LA,Entire home/apt,4.86753,4.78786
15958090,NYC,Entire home/apt,5.78383,5.46929
12267664,LA,Entire home/apt,4.90527,4.58783
402053,NYC,Shared room,3.40120,3.47454
14945943,NYC,Private room,4.82831,4.47400
17036313,LA,Private room,3.80666,4.05620
4575165,LA,Entire home/apt,6.92264,6.91400
3265410,NYC,Entire home/apt,5.29330,5.03541
5247202,LA,Entire home/apt,4.70048,4.50353
13178763,NYC,Entire home/apt,4.96981,4.99596
9820308,LA,Entire home/apt,4.48864,4.94319
14958355,NYC,Entire home/apt,4.90527,4.83480
17174763,LA,Entire home/apt,4.21951,4.55616
2611765,LA,Private room,3.89182,4.31122
3802539,Chicago,Private room,4.78749,4.33539
8793503,NYC,Private room,4.23411,4.23855
8210379,NYC,Private room,4.38203,4.37879
15368334,NYC,Private room,4.38203,4.27448
4525475,NYC,Entire home/apt,2.99573,5.12848
17668752,LA,Private room,4.38203,4.16155
15374053,NYC,Private room,4.15888,4.27075
3862220,NYC,Entire home/apt,5.51745,5.41854
12655962,LA,Private room,5.70378,4.57000
16442092,NYC,Entire home/apt,5.01064,5.08131
32963,NYC,Entire home/apt,5.19296,5.21665
4155983,NYC,Private room,3.85015,3.99293
10039012,LA,Entire home/apt,4.55388,4.48081
5371114,Boston,Entire home/apt,5.01064,4.98728
3604214,NYC,Entire home/apt,4.60517,5.30484
479867,LA,Entire home/apt,4.82831,4.64398
7874576,SF,Private room,4.49981,4.61104
6357407,NYC,Private room,4.38203,4.08482
14854267,NYC,Private room,3.91202,4.01497
9095190,NYC,Private room,4.23411,4.28513
4483550,LA,Entire home/apt,4.54329,4.71300
16148374,SF,Private room,4.60517,4.92889
6685873,NYC,Private room,4.55388,4.63698
5036709,NYC,Entire home/apt,4.55388,4.44958
19764353,LA,Entire home/apt,4.57471,5.11498
16498537,DC,Entire home/apt,6.21261,5.40738
10009963,SF,Entire home/apt,5.52146,5.50876
13186374,SF,Private room,6.10925,4.70605
14164806,LA,Private room,4.24850,4.33049
19788337,NYC,Entire home/apt,5.24702,5.48168
19583985,Chicago,Shared room,5.10595,4.46303
9493786,DC,Entire home/apt,5.52146,5.59192
16837546,Boston,Private room,3.63759,3.81282
6693188,NYC,Entire home/apt,5.51745,5.33538
18135229,LA,Private room,3.80666,4.00391
15484762,NYC,Private room,4.78749,4.54174
18449729,LA,Private room,4.07754,4.48438
958594,DC,Private room,4.48864,4.11112
13083221,NYC,Entire home/apt,5.29832,5.50513
16157469,SF,Entire home/apt,5.34233,5.33705
8973040,Chicago,Entire home/apt,4.57471,4.63048
15860118,LA,Entire home/apt,4.60517,4.56300
589939,NYC,Private room,3.55535,4.08642
7021658,NYC,Private room,3.89182,4.35899
16087283,NYC,Private room,4.49981,4.17026
3549074,LA,Private room,4.94164,4.34916
2326445,Boston,Entire home/apt,5.76519,5.22095
16260420,NYC,Entire home/apt,4.97673,5.19765
7802208,LA,Entire home/apt,5.70044,5.99327
400433,Boston,Private room,4.70048,4.64090
19012181,LA,Entire home/apt,5.76519,5.80479
10278470,LA,Private room,4.36945,4.36765
846275,LA,Entire home/apt,4.49981,4.86477
10212839,NYC,Entire home/apt,5.52146,5.33213
12814568,LA,Entire home/apt,4.59512,5.36225
2977232,NYC,Entire home/apt,5.12990,5.06989
12428324,LA,Private room,3.91202,4.45893
5879055,Boston,Entire home/apt,4.97673,4.72340
4359626,Chicago,Entire home/apt,4.38203,4.82618
7542500,DC,Entire home/apt,5.43372,5.39788
6887405,SF,Entire home/apt,5.13580,5.77355
9809228,DC,Entire home/apt,5.06890,5.26107
18891508,NYC,Private room,5.01064,4.30989
39267,SF,Entire home/apt,5.39363,5.25142
9685114,NYC,Entire home/apt,4.90527,4.92484
17493995,LA,Entire home/apt,5.29330,5.22902
4890931,NYC,Private room,4.09434,4.04350
19056694,SF,Private room,4.59512,4.69653
5217164,LA,Private room,3.68888,4.20695
12727438,DC,Entire home/apt,6.21461,6.08915
4149974,NYC,Private room,4.09434,4.13130
6261890,NYC,Private room,4.31749,4.51419
16545215,NYC,Private room,4.00733,4.07759
20387944,LA,Private room,3.89182,4.46889
4896087,NYC,Private room,4.70953,4.43239
16205179,NYC,Private room,3.68888,3.74746
3031898,LA,Entire home/apt,4.59512,4.73625
15095808,LA,Private room,3.68888,4.03675
13749129,Boston,Entire home/apt,4.82831,5.27684
934619,Boston,Entire home/apt,5.19296,5.15706
18653426,NYC,Private room,3.98898,4.28553
8967038,LA,Private room,4.86753,4.53082
8887553,NYC,Entire home/apt,4.59512,4.78707
4305042,SF,Entire home/apt,6.62007,5.35766
5932267,Boston,Entire home/apt,4.82831,4.71340
14182019,NYC,Entire home/apt,5.88332,5.57590
9010894,LA,Entire home/apt,4.70048,4.78312
15162368,LA,Private room,3.49651,3.66010
15770060,LA,Entire home/apt,5.16479,5.07477
8595349,NYC,Entire home/apt,5.52146,5.19577
12114394,NYC,Entire home/apt,5.70378,5.82284
17761950,LA,Entire home/apt,6.10925,6.10621
15869031,NYC,Entire home/apt,4.49981,5.03098
5971496,NYC,Entire home/apt,5.29330,5.45140
264547,LA,Entire home/apt,5.65948,5.70543
12445316,DC,Private room,4.11087,4.39816
17733624,NYC,Private room,4.91998,4.72137
4653508,Boston,Entire home/apt,5.52146,5.48797
14200669,LA,Entire home/apt,5.07517,4.86664
20212774,LA,Private room,4.36945,4.26206
8213336,NYC,Private room,4.24850,4.00232
4053471,NYC,Private room,3.63759,3.97655
9172277,NYC,Entire home/apt,4.60517,5.49608
18508483,NYC,Entire home/apt,5.27300,5.21550
16114125,NYC,Private room,3.58352,4.05316
14109544,NYC,Entire home/apt,4.86753,5.06740
2250372,NYC,Entire home/apt,5.06260,4.96244
17777898,NYC,Entire home/apt,4.82831,4.75469
12268908,NYC,Entire home/apt,5.29330,5.24619
6693367,LA,Private room,4.60517,4.66578
10784354,LA,Entire home/apt,4.82831,5.17275
19623417,NYC,Private room,3.91202,3.95725
4180643,LA,Entire home/apt,4.78749,5.05532
8011545,NYC,Entire home/apt,5.22036,5.03844
10742618,LA,Entire home/apt,4.17439,4.18998
17500567,NYC,Entire home/apt,5.22036,5.47292
662176,NYC,Entire home/apt,5.01064,4.58479
14573951,DC,Entire home/apt,6.62007,6.27889
14767573,SF,Entire home/apt,5.70711,5.39456
20834518,NYC,Private room,4.44265,4.56380
9272516,LA,Entire home/apt,4.44265,4.58573
4813778,LA,Shared room,3.91202,3.51502
12930014,LA,Private room,3.80666,3.82821
5222368,NYC,Entire home/apt,5.01064,4.98718
12607119,SF,Entire home/apt,5.99146,5.51197
19180814,DC,Entire home/apt,4.89784,5.11655
16777909,Boston,Private room,4.17439,4.30478
3464878,NYC,Private room,4.44265,4.26210
3258196,DC,Private room,4.67283,4.77413
16299640,LA,Entire home/apt,4.70048,4.79735
12254147,SF,Private room,5.12990,4.84556
3562568,LA,Private room,4.17439,4.54160
14342388,NYC,Private room,4.35671,4.66269
3933017,DC,Private room,3.91202,4.35114
3768078,Chicago,Private room,4.17439,3.90369
16739774,NYC,Private room,4.44265,4.40305
15990572,Chicago,Shared room,3.40120,3.65341
12247850,DC,Entire home/apt,4.56435,5.06399
5381943,NYC,Entire home/apt,5.19296,5.25495
17636845,NYC,Entire home/apt,4.47734,4.49255
14106050,NYC,Private room,4.38203,4.34389
3812222,SF,Entire home/apt,5.01064,5.49291
14619860,NYC,Private room,4.82831,4.33183
14732856,NYC,Entire home/apt,4.31749,4.75555
14692795,LA,Private room,5.29832,4.47746
12759295,NYC,Private room,4.44265,4.40806
15131952,LA,Entire home/apt,4.78749,6.19188
16414195,NYC,Entire home/apt,7.09008,6.33451
16455800,NYC,Entire home/apt,5.54126,5.12730
3631047,NYC,Private room,4.31749,4.44412
237127,Boston,Entire home/apt,4.62497,5.23981
15222252,SF,Private room,5.01064,4.41488
8326337,LA,Private room,4.31749,4.31706
17993284,LA,Private room,4.00733,4.34700
16177069,LA,Private room,4.51086,4.44534
7325839,NYC,Entire home/apt,6.39693,6.30888
15970276,NYC,Entire home/apt,5.19296,4.76234
12854024,DC,Private room,4.54329,4.54318
10808569,Boston,Entire home/apt,5.34711,5.38641
19220034,NYC,Private room,4.09434,4.22951
9883197,NYC,Private room,4.09434,3.99464
2753505,NYC,Private room,4.60517,4.61112
18227610,NYC,Entire home/apt,6.62007,6.11468
5557684,NYC,Entire home/apt,5.34233,5.32748
9764969,LA,Private room,3.73767,4.09003
2251240,LA,Entire home/apt,5.22036,4.95197
5862463,LA,Entire home/apt,4.60517,4.92239
6124097,LA,Private room,4.00733,4.31211
14317995,LA,Private room,3.91202,4.22651
4823476,LA,Entire home/apt,4.55388,4.44190
15045268,SF,Entire home/apt,4.82831,4.80331
10126149,NYC,Entire home/apt,4.44265,4.58505
7810500,NYC,Entire home/apt,6.23245,5.90052
442735,NYC,Entire home/apt,5.73657,5.59184
3363462,Boston,Private room,4.00733,4.14065
77799,NYC,Entire home/apt,5.07517,5.29015
5269000,Chicago,Entire home/apt,6.90776,5.20576
15205625,DC,Entire home/apt,4.59512,4.68224
3646645,LA,Entire home/apt,4.94876,4.68087
9590519,NYC,Entire home/apt,4.82831,4.79719
3219305,LA,Entire home/apt,4.49981,4.54222
4476872,NYC,Entire home/apt,5.85793,5.76701
4198657,NYC,Entire home/apt,5.29330,5.22614
18945958,NYC,Private room,5.13580,4.76253
4362474,LA,Entire home/apt,6.10925,5.85108
16489599,LA,Private room,4.31749,4.41837
2653544,NYC,Private room,4.31749,4.32761
13928746,NYC,Private room,4.44265,4.34449
14857314,SF,Private room,4.31749,4.62934
4226098,SF,Entire home/apt,6.38856,6.24940
14731720,Chicago,Entire home/apt,4.54329,4.81682
17718974,NYC,Entire home/apt,5.19296,5.34105
3961971,LA,Entire home/apt,5.01064,4.91777
9301075,SF,Entire home/apt,6.21461,6.39476
2371794,NYC,Entire home/apt,4.59512,4.78936
5058324,NYC,Entire home/apt,5.52146,5.33231
12950492,LA,Entire home/apt,4.58497,4.46737
1252826,SF,Entire home/apt,5.70378,6.05699
10011125,LA,Entire home/apt,5.01064,5.55579
14901132,SF,Entire home/apt,5.41610,5.17891
14801621,NYC,Entire home/apt,4.74493,4.53270
19229136,SF,Entire home/apt,5.52146,5.68394
3835757,NYC,Entire home/apt,5.29832,5.14173
13335848,Chicago,Entire home/apt,4.07754,4.43267
18548556,Chicago,Private room,4.24850,4.44390
16846984,LA,Private room,4.24850,4.25902
8408580,SF,Entire home/apt,5.51745,5.21439
9231762,LA,Private room,3.89182,3.92393
13113906,NYC,Entire home/apt,4.77912,5.15179
13711813,NYC,Entire home/apt,5.99146,5.22372
1995400,Chicago,Entire home/apt,5.01064,4.65514
3942731,NYC,Private room,3.71357,4.27394
18545374,DC,Private room,4.49981,4.50666
6677469,DC,Entire home/apt,4.82831,5.84086
12273310,LA,Entire home/apt,5.10595,4.82966
15435489,LA,Private room,4.14313,3.67504
6716417,NYC,Private room,4.31749,4.17567
5127131,NYC,Private room,3.76120,4.24365
18506716,NYC,Entire home/apt,5.99146,5.79699
19069726,NYC,Private room,4.23411,4.33784
2025779,LA,Entire home/apt,4.70048,4.63029
1656585,DC,Private room,4.29046,5.05983
16453520,LA,Private room,4.38203,4.34122
5692870,LA,Entire home/apt,4.09434,4.55026
5525499,SF,Entire home/apt,5.29832,5.67036
7871818,LA,Entire home/apt,5.19296,5.73967
2660095,LA,Private room,4.17439,4.36947
15248566,SF,Private room,4.70048,4.63284
16771827,NYC,Private room,4.23411,4.49900
14916914,DC,Entire home/apt,5.01064,5.26203
17348494,DC,Private room,4.24850,4.09917
11716241,NYC,Shared room,3.55535,3.59602
20888247,NYC,Private room,4.31749,4.24149
15484924,NYC,Private room,4.78749,4.33545
756928,SF,Entire home/apt,6.85646,6.37875
553903,NYC,Private room,4.06044,4.04935
19094558,SF,Private room,4.44265,4.39515
11390439,NYC,Entire home/apt,5.29832,5.14550
11420840,NYC,Entire home/apt,4.80402,4.72896
315421,LA,Entire home/apt,4.69135,5.34541
3010430,NYC,Entire home/apt,4.24850,4.86499
13669813,SF,Entire home/apt,5.84354,5.99916
9586933,NYC,Private room,4.94164,4.36553
5668641,LA,Private room,3.80666,3.96874
9464877,NYC,Private room,3.55535,3.91736
1703662,DC,Private room,4.27667,4.52858
16252522,NYC,Private room,4.49981,4.66546
11714137,NYC,Entire home/apt,4.60517,4.61453
15110605,NYC,Private room,4.17439,4.10531
13264569,LA,Entire home/apt,5.70378,5.68587
21053629,NYC,Private room,4.48864,4.39326
8473718,NYC,Private room,4.24850,4.00661
17000190,SF,Private room,4.74493,4.62389
84905,DC,Private room,4.55388,4.39107
893786,LA,Entire home/apt,5.97889,5.85874
4706190,LA,Entire home/apt,6.79347,6.56483
6289754,NYC,Private room,4.38203,4.78633
13006744,NYC,Private room,4.31749,4.43353
8296052,SF,Entire home/apt,4.78749,4.93616
17188981,NYC,Private room,4.24850,4.13955
4429475,Chicago,Entire home/apt,5.00395,5.33601
19281867,NYC,Private room,4.02535,4.11516
16692906,Chicago,Entire home/apt,4.70048,4.92010
5804639,Boston,Entire home/apt,4.51086,4.78188
2010909,LA,Private room,4.00733,4.12546
4276714,Boston,Private room,4.09434,4.17120
844214,NYC,Private room,4.17439,4.39075
15881766,NYC,Entire home/apt,4.69135,4.95356
11436874,Boston,Private room,3.95124,4.14690
8942453,NYC,Private room,4.24850,4.24765
12092673,Chicago,Entire home/apt,4.85981,4.78586
8553166,LA,Private room,4.31749,4.31646
14711944,LA,Private room,4.49981,4.43910
544447,LA,Entire home/apt,4.59512,4.68015
19700201,LA,Private room,5.12396,4.29757
15327480,NYC,Entire home/apt,4.78749,5.21112
16082645,NYC,Private room,4.44265,4.23916
16010428,NYC,Private room,4.17439,4.39533
13465851,NYC,Entire home/apt,5.01064,5.14941
17928460,NYC,Entire home/apt,6.24222,6.30773
12941900,Chicago,Entire home/apt,4.46591,5.11207
171811,Chicago,Private room,4.60517,4.52785
7305718,NYC,Entire home/apt,5.22036,5.20874
18228169,LA,Private room,4.55388,4.63211
14523421,LA,Private room,3.91202,4.04476
8034807,LA,Private room,5.01064,3.98344
18375566,NYC,Entire home/apt,4.69135,5.52416
19524029,NYC,Private room,4.31749,4.23842
20917444,NYC,Private room,4.24850,4.45674
21010586,NYC,Private room,4.60517,4.08392
18041033,DC,Entire home/apt,5.29330,5.39798
6501622,Boston,Entire home/apt,5.01064,5.09786
15569985,LA,Shared room,4.44265,4.19381
3270809,NYC,Entire home/apt,4.38203,4.81175
9316653,NYC,Entire home/apt,4.93447,5.18746
14857205,LA,Private room,3.66356,3.79605
16261743,Chicago,Entire home/apt,5.50126,5.35430
7513451,NYC,Private room,5.85793,5.42109
7574438,NYC,Shared room,3.29584,3.51284
4899139,NYC,Private room,3.80666,4.25312
2154313,SF,Entire home/apt,5.29330,5.68099
17780207,NYC,Private room,4.66344,4.83831
17314558,Chicago,Entire home/apt,5.70378,5.71411
17723426,NYC,Entire home/apt,5.54126,5.39331
15957935,DC,Private room,4.60517,4.75326
17702320,NYC,Private room,3.98898,3.98203
17093180,DC,Entire home/apt,5.19296,5.13872
12783585,NYC,Private room,4.49981,4.01174
9739888,LA,Shared room,6.89467,4.38451
8907086,NYC,Private room,4.17439,3.88291
12232412,NYC,Private room,3.61092,4.24693
9255049,DC,Private room,4.55388,4.26051
17880165,NYC,Entire home/apt,5.01064,4.91014
11888245,NYC,Entire home/apt,5.16479,5.15120
5978558,DC,Entire home/apt,6.36130,5.87291
14154925,LA,Private room,4.55388,4.21967
987760,NYC,Private room,4.35671,4.39594
11679256,NYC,Entire home/apt,4.82831,4.57669
925460,LA,Private room,3.89182,4.23629
474283,LA,Entire home/apt,4.38203,4.40384
6277795,LA,Private room,4.00733,3.76295
4482166,SF,Entire home/apt,7.09008,6.41276
17139006,LA,Entire home/apt,4.60517,4.62405
247095,LA,Entire home/apt,6.52062,6.47701
20720492,NYC,Private room,4.31749,4.33291
20307087,NYC,Private room,4.09434,4.45059
9312043,LA,Entire home/apt,4.38203,4.49702
16999444,NYC,Private room,5.41610,4.07283
17080546,LA,Entire home/apt,4.68213,4.60693
12601278,NYC,Private room,3.55535,4.12736
20983732,NYC,Private room,4.23411,4.26065
2865671,NYC,Entire home/apt,5.70044,5.19272
265745,SF,Private room,4.97673,4.70094
4787527,NYC,Entire home/apt,4.78749,4.49110
3116572,Boston,Private room,4.38203,4.00969
17532711,NYC,Entire home/apt,4.44265,4.87567
8934152,LA,Private room,4.06044,4.17295
9407294,LA,Entire home/apt,5.78074,5.43202
15287774,LA,Entire home/apt,5.29330,5.72686
10592815,NYC,Entire home/apt,4.89035,5.17346
18449966,Boston,Entire home/apt,4.77912,4.75295
13236840,NYC,Entire home/apt,4.70048,4.97977
13137538,LA,Entire home/apt,4.58497,5.36051
18109509,NYC,Private room,4.82831,4.64308
20751741,Boston,Entire home/apt,5.99146,6.00215
16458178,LA,Private room,4.29046,4.51573
2479144,SF,Private room,5.00395,4.66537
12736192,DC,Entire home/apt,5.70378,5.83246
13420095,Chicago,Private room,3.91202,4.09332
19970216,Chicago,Entire home/apt,4.59512,4.88052
16616297,NYC,Entire home/apt,5.48064,5.86745
19593106,NYC,Private room,4.31749,4.14546
7275881,NYC,Private room,5.04986,4.66112
16660962,NYC,Entire home/apt,5.29832,5.00029
18686361,SF,Private room,4.82028,4.63757
9675789,Boston,Entire home/apt,5.27300,5.44162
11674778,NYC,Entire home/apt,5.10595,5.28169
15768871,SF,Entire home/apt,5.29832,5.33695
16003143,NYC,Entire home/apt,5.04343,5.55152
16040987,NYC,Private room,3.80666,4.16387
16912796,SF,Private room,5.06890,4.89026
16417715,NYC,Entire home/apt,5.01064,4.74144
7287026,SF,Private room,4.34381,4.55007
7419230,NYC,Entire home/apt,5.16479,5.23140
808618,NYC,Shared room,4.17439,4.10087
4334896,LA,Private room,4.55388,4.60811
13658967,NYC,Entire home/apt,4.70953,5.07899
10098599,NYC,Entire home/apt,4.52179,5.33231
11419678,DC,Entire home/apt,6.30992,6.00614
3083899,DC,Entire home/apt,5.70378,4.66178
19195239,NYC,Private room,4.56435,4.21572
4359831,LA,Private room,4.00733,3.88008
16028015,DC,Private room,6.21461,4.70860
8153124,LA,Private room,4.31749,4.40359
713529,NYC,Shared room,3.40120,3.72074
3554277,NYC,Private room,3.68888,3.89398
16164613,LA,Private room,4.23411,4.07149
16378706,SF,Entire home/apt,6.10925,5.48155
16380350,NYC,Private room,4.34381,4.10236
9152932,NYC,Private room,4.09434,4.04994
14856375,Boston,Entire home/apt,5.34233,5.10534
9097405,LA,Private room,3.68888,4.01986
528585,NYC,Entire home/apt,6.12030,5.58501
3332065,NYC,Entire home/apt,4.55388,4.61478
12890799,NYC,Entire home/apt,5.29832,5.09646
17417619,NYC,Entire home/apt,5.99146,5.95281
8971827,NYC,Entire home/apt,7.60040,6.43365
4810815,NYC,Entire home/apt,4.78749,4.77103
13047343,LA,Private room,3.66356,3.94823
10265297,LA,Entire home/apt,5.85793,5.45015
8815257,DC,Private room,4.44265,4.25068
18771427,LA,Entire home/apt,4.59512,4.42723
17431234,SF,Entire home/apt,5.41610,5.19724
6767530,DC,Entire home/apt,4.78749,5.02613
10576172,Chicago,Entire home/apt,5.16479,5.08827
6016203,Boston,Entire home/apt,6.21461,5.19931
16241726,LA,Entire home/apt,4.60517,4.61059
5959165,LA,Private room,4.24850,4.28858
7709026,NYC,Entire home/apt,5.04343,4.83483
1015652,Chicago,Private room,4.00733,3.94879
16413982,NYC,Private room,4.70048,4.62988
262430,NYC,Entire home/apt,5.07517,5.13625
5774245,NYC,Entire home/apt,5.01064,4.96235
15883221,DC,Entire home/apt,4.52179,4.46225
8940151,LA,Private room,4.59512,3.98318
13586906,NYC,Entire home/apt,5.01064,5.30059
1766846,NYC,Private room,4.00733,4.11216
9361107,NYC,Private room,5.24702,5.19499
2012048,LA,Entire home/apt,6.20456,6.17783
10022144,NYC,Entire home/apt,6.74406,5.43922
19941093,LA,Entire home/apt,4.24850,4.41306
1124012,SF,Private room,4.93447,4.91069
2250722,NYC,Private room,4.24850,4.47179
16666230,DC,Entire home/apt,5.52146,5.05438
14300957,LA,Entire home/apt,5.52146,5.30156
14771249,NYC,Private room,4.49981,4.15275
1836530,NYC,Entire home/apt,4.82028,4.97067
70095,LA,Entire home/apt,4.70048,4.62884
16998309,NYC,Private room,5.29832,4.82662
6088192,DC,Private room,5.07517,4.60433
19458462,NYC,Entire home/apt,5.41610,5.32218
1246549,LA,Entire home/apt,4.38203,4.50735
16141799,Chicago,Entire home/apt,5.70378,5.64841
10234437,NYC,Entire home/apt,5.29832,4.95031
11987306,LA,Entire home/apt,5.29832,5.52683
18668929,LA,Private room,4.15888,4.25507
16063352,DC,Private room,3.68888,3.87162
10000685,NYC,Shared room,5.70378,4.45800
14143098,SF,Entire home/apt,5.51343,5.21638
17639278,Chicago,Entire home/apt,4.55388,4.64051
12947454,NYC,Private room,3.91202,3.78544
6627802,LA,Private room,4.60517,4.58518
20532190,LA,Private room,4.09434,4.07359
4439236,LA,Private room,4.44265,4.52991
14744206,SF,Entire home/apt,4.91998,5.12096
17382859,NYC,Private room,4.24850,4.09387
2613562,Chicago,Private room,5.01064,4.53169
16005456,LA,Entire home/apt,5.22036,4.63720
5085454,NYC,Entire home/apt,4.60517,4.51049
3494876,LA,Private room,4.46591,4.56967
13153065,LA,Entire home/apt,4.70048,4.87760
238190,LA,Entire home/apt,6.74524,5.85871
4494582,LA,Private room,3.82864,3.63174
3838056,DC,Entire home/apt,4.52179,4.57070
14221576,NYC,Private room,4.09434,4.34143
17074660,Boston,Entire home/apt,5.29832,5.49157
14505629,LA,Private room,7.17012,4.38238
10577569,NYC,Entire home/apt,4.44265,4.50629
16535849,LA,Entire home/apt,5.01064,5.05283
7988755,NYC,Private room,3.68888,4.07512
15757574,NYC,Entire home/apt,5.85793,6.05979
20885023,Chicago,Private room,3.80666,4.06204
17576386,LA,Shared room,3.68888,3.67698
18695104,SF,Entire home/apt,5.92693,5.64051
5840387,Chicago,Entire home/apt,4.55388,4.96838
12973363,LA,Entire home/apt,4.55388,4.72224
18911279,LA,Entire home/apt,4.92725,4.89717
18858581,NYC,Entire home/apt,6.30079,5.52196
7555693,NYC,Entire home/apt,5.99146,5.47967
16145588,NYC,Entire home/apt,5.25750,5.64085
2123731,NYC,Entire home/apt,4.82831,4.77280
1631427,NYC,Private room,3.91202,3.94721
3208904,Chicago,Entire home/apt,5.04343,4.93620
9684503,LA,Entire home/apt,5.49717,5.29714
12957647,LA,Private room,3.91202,4.01504
9578534,LA,Entire home/apt,5.12990,5.40354
4568531,SF,Entire home/apt,6.10702,6.19777
8866335,NYC,Private room,4.49981,4.24507
19624495,SF,Entire home/apt,5.61677,5.86942
7763932,LA,Private room,3.55535,3.82157
13548885,LA,Private room,4.74493,4.74390
19138340,NYC,Entire home/apt,4.82831,4.70062
8399678,SF,Entire home/apt,5.78383,5.71152
6081725,Chicago,Private room,4.58497,4.23563
9089702,NYC,Private room,4.33073,4.32746
20703198,NYC,Private room,4.49981,4.74961
13110758,LA,Entire home/apt,5.07517,4.95422
8503064,NYC,Private room,3.97029,4.11458
16812729,NYC,Private room,3.91202,4.33642
19604151,LA,Entire home/apt,5.19296,5.22625
16365649,LA,Private room,4.82831,4.35096
13468421,LA,Entire home/apt,5.04343,5.13578
16043917,NYC,Entire home/apt,4.29046,4.54558
424846,DC,Entire home/apt,5.52146,4.99089
4502959,LA,Private room,4.09434,4.07292
11775127,SF,Entire home/apt,5.52146,5.24468
8625810,DC,Private room,4.18965,4.45510
5225654,NYC,Entire home/apt,4.36945,5.14545
872897,NYC,Private room,4.31749,4.40776
10831913,LA,Entire home/apt,4.49981,4.87329
17808765,NYC,Entire home/apt,5.52146,5.27183
14933213,LA,Private room,4.00733,3.90778
15419866,NYC,Private room,4.00733,4.12146
7004719,NYC,Entire home/apt,5.29832,4.74277
20755975,NYC,Private room,4.00733,3.95035
20356040,LA,Entire home/apt,4.82831,4.65279
1530217,NYC,Entire home/apt,5.19296,5.43750
20440400,NYC,Private room,4.31749,4.32419
15534137,NYC,Private room,4.33073,4.05261
20455415,NYC,Private room,4.49981,4.25714
17567087,LA,Entire home/apt,4.40672,4.89053
20603144,LA,Entire home/apt,4.59512,5.08289
15791710,NYC,Entire home/apt,5.85793,5.01335
4263330,Boston,Entire home/apt,5.32301,5.56536
20186110,NYC,Private room,3.89182,3.91987
17736640,NYC,Private room,5.01064,4.70842
7134345,LA,Entire home/apt,5.01064,5.07828
20638833,NYC,Entire home/apt,4.38203,4.40094
10020418,LA,Private room,4.59512,4.10958
13653591,LA,Entire home/apt,5.59471,5.34119
21005590,LA,Entire home/apt,6.88346,6.49984
11060140,NYC,Private room,5.10595,4.24058
19099408,LA,Entire home/apt,4.85981,5.08459
19883837,Boston,Private room,3.46574,3.91875
8036640,Chicago,Private room,3.68888,3.89364
3345110,NYC,Private room,4.60517,4.02851
16691820,DC,Shared room,3.55535,3.99942
13653414,LA,Entire home/apt,4.59512,4.52313
9332217,LA,Entire home/apt,4.85203,4.80270
15101621,LA,Entire home/apt,5.85793,5.53141
44020,LA,Private room,4.78749,4.54387
17718512,NYC,Private room,3.73767,4.01708
15192035,LA,Entire home/apt,4.48864,4.67783
18008679,NYC,Entire home/apt,4.78749,4.91743
4464508,NYC,Entire home/apt,5.68698,5.47865
17479753,Boston,Entire home/apt,5.52146,5.32963
12382688,NYC,Entire home/apt,4.09434,4.79768
11604207,NYC,Private room,4.20469,4.28542
12715775,NYC,Entire home/apt,4.86753,4.94179
6467905,NYC,Private room,4.49981,4.25027
14412867,NYC,Private room,5.29832,5.17095
20581823,NYC,Entire home/apt,4.70048,4.62465
4940718,NYC,Entire home/apt,4.44265,4.57477
9674590,NYC,Private room,3.91202,4.08036
16811843,LA,Entire home/apt,4.93447,4.97475
6050928,NYC,Private room,3.68888,4.26409
4825359,NYC,Private room,4.74493,4.80268
20497174,LA,Private room,4.00733,4.05737
17533031,LA,Private room,4.09434,4.12597
4460532,NYC,Entire home/apt,5.01064,4.59171
15357247,SF,Private room,4.49981,4.08116
781486,NYC,Private room,3.91202,4.05529
16326424,DC,Private room,4.49981,4.26783
17191563,Chicago,Entire home/apt,4.82831,4.88135
17479483,NYC,Private room,4.18965,3.84762
18329382,NYC,Private room,4.17439,4.03427
1273660,DC,Entire home/apt,4.70048,4.87456
16369108,LA,Entire home/apt,4.49981,4.25430
15898784,NYC,Private room,4.17439,4.27235
16442358,NYC,Private room,4.09434,4.14713
15114450,LA,Private room,3.78419,3.95728
5364814,NYC,Shared room,2.99573,3.93201
11827696,LA,Entire home/apt,5.61677,5.44251
14483178,Chicago,Entire home/apt,5.29832,5.84542
17253030,LA,Private room,4.82831,4.55924
15471042,Chicago,Private room,3.91202,4.42895
9314873,LA,Entire home/apt,4.58497,4.65346
12987851,LA,Entire home/apt,4.93447,4.98089
12712436,LA,Entire home/apt,4.44265,4.74544
11342303,NYC,Private room,4.60517,4.53684
13912598,NYC,Private room,4.44265,4.36610
693721,LA,Entire home/apt,4.82831,4.49178
2278704,Boston,Private room,3.21888,4.08370
1013877,SF,Entire home/apt,6.21461,4.76629
585937,Boston,Entire home/apt,5.24175,5.22986
2350674,Boston,Entire home/apt,5.14749,5.12993
8809420,NYC,Private room,4.30407,4.37064
8277281,DC,Entire home/apt,5.00395,5.29220
16189457,LA,Entire home/apt,6.68336,5.71327
7316104,SF,Entire home/apt,5.01064,5.04798
11906101,LA,Private room,4.70048,4.22601
5670038,NYC,Private room,4.48864,4.13906
73812,LA,Private room,4.59512,4.38680
13137296,LA,Private room,4.60517,4.83917
4796551,Boston,Private room,4.17439,4.00723
8342237,Chicago,Entire home/apt,4.24850,4.37272
10746762,Boston,Entire home/apt,5.07517,5.04784
16423772,SF,Entire home/apt,6.39693,6.23107
250801,NYC,Entire home/apt,5.16479,5.02220
13578642,LA,Entire home/apt,6.10925,5.93574
6316420,NYC,Entire home/apt,4.31749,4.44811
1071743,NYC,Private room,4.60517,4.74991
436510,Chicago,Entire home/apt,4.59512,4.72780
4470873,NYC,Entire home/apt,4.38203,4.45957
14153731,LA,Entire home/apt,5.92693,5.43863
1998026,LA,Entire home/apt,5.01064,4.82562
15039558,NYC,Private room,4.82831,5.17535
17903442,NYC,Private room,4.09434,4.21189
944049,NYC,Entire home/apt,5.13580,5.07533
4985148,SF,Private room,4.77912,4.31007
15368464,NYC,Entire home/apt,5.19296,5.31305
666837,LA,Entire home/apt,6.39693,6.01125
6526344,SF,Private room,4.70048,4.62999
20155864,NYC,Entire home/apt,4.38203,4.77812
12136495,NYC,Entire home/apt,4.55388,4.53914
16997320,LA,Shared room,2.70805,2.96095
15660185,NYC,Private room,4.20469,4.30294
19007785,LA,Private room,3.68888,3.71329
10860537,SF,Private room,5.01064,5.17688
533884,NYC,Private room,4.09434,4.27412
16243853,Chicago,Entire home/apt,5.01064,4.78136
1115318,NYC,Private room,4.55388,4.48723
14334508,NYC,Entire home/apt,4.97673,4.94315
15953340,NYC,Entire home/apt,4.89784,5.13046
6449002,NYC,Entire home/apt,6.10925,5.97101
19414154,LA,Entire home/apt,4.85981,4.65780
16439750,NYC,Private room,4.12713,4.30873
10546989,NYC,Entire home/apt,4.55388,5.34565
9114159,NYC,Entire home/apt,4.74493,4.42126
395413,NYC,Private room,4.59512,4.65640
720051,DC,Entire home/apt,4.74493,4.70901
10422950,LA,Private room,4.38203,4.27340
16855676,SF,Entire home/apt,5.28827,5.33940
1856914,NYC,Private room,4.90527,4.42676
17655436,NYC,Entire home/apt,4.86753,4.80405
16312490,NYC,Private room,3.98898,4.09619
15375745,SF,Private room,4.40672,4.43617
5390873,NYC,Entire home/apt,5.59471,5.77690
9057655,SF,Entire home/apt,5.01064,5.02194
13220375,LA,Entire home/apt,4.65396,5.33105
4220151,Boston,Private room,4.26268,4.39952
16422635,NYC,Entire home/apt,4.24850,4.68965
19948863,NYC,Entire home/apt,4.49981,4.69186
19961297,LA,Entire home/apt,6.74524,6.69141
733001,LA,Entire home/apt,4.44265,4.63162
6716441,NYC,Private room,4.17439,4.07767
274241,DC,Private room,4.60517,4.41546
9776636,LA,Entire home/apt,5.70378,5.72956
14395666,LA,Entire home/apt,5.00395,5.55420
14375366,NYC,Entire home/apt,4.60517,4.94468
17919232,SF,Private room,4.82831,4.94666
5762630,NYC,Entire home/apt,5.29832,5.39139
7460366,NYC,Private room,4.09434,3.93396
4867951,DC,Private room,4.69135,4.39926
764052,NYC,Entire home/apt,4.52179,4.96971
18450289,DC,Private room,3.91202,3.98136
10884683,Boston,Entire home/apt,5.29832,5.30709
13167661,DC,Private room,4.97673,4.24288
9740877,LA,Private room,3.98898,4.72372
18736642,LA,Entire home/apt,4.92725,4.71228
16586997,NYC,Entire home/apt,4.49981,4.52556
11873329,NYC,Private room,4.67283,4.37703
772822,LA,Private room,4.71850,4.45734
15361968,NYC,Entire home/apt,4.38203,4.78018
9550601,LA,Entire home/apt,4.55388,4.85839
13509694,NYC,Entire home/apt,5.61677,5.16857
15706782,LA,Entire home/apt,5.48064,5.75639
17624930,Boston,Entire home/apt,5.41610,5.26718
19250097,NYC,Private room,4.49981,4.94398
18179735,LA,Entire home/apt,5.43372,5.05471
4633234,LA,Entire home/apt,4.59512,4.65648
16351559,LA,Shared room,3.36730,3.43750
721663,NYC,Entire home/apt,4.24850,4.91776
14443401,NYC,Entire home/apt,4.85981,4.72466
15843284,DC,Entire home/apt,5.61677,5.08545
4856693,NYC,Entire home/apt,4.31749,4.50231
4575364,DC,Entire home/apt,4.94164,5.10093
7761781,LA,Entire home/apt,4.55388,4.53842
842254,SF,Entire home/apt,4.93447,4.95468
20943923,NYC,Entire home/apt,6.68461,5.30090
18321937,NYC,Private room,5.42495,4.23821
13415781,NYC,Entire home/apt,4.49981,4.48678
13784280,NYC,Private room,4.78749,4.66307
16774766,LA,Entire home/apt,5.12990,5.26425
19947496,NYC,Entire home/apt,4.86753,4.95447
11867485,LA,Entire home/apt,4.31749,4.48498
9234733,DC,Entire home/apt,4.97673,4.99174
20956988,NYC,Private room,3.80666,3.76154
16027312,LA,Entire home/apt,5.59842,6.35467
6504023,DC,Entire home/apt,5.01064,4.79775
1966195,Boston,Entire home/apt,5.65249,5.38017
2089492,DC,Entire home/apt,6.21461,6.02979
14423078,DC,Private room,3.40120,4.51536
17152737,DC,Entire home/apt,4.78749,4.92750
9832882,NYC,Entire home/apt,4.35671,4.73863
16348162,NYC,Entire home/apt,4.84419,4.98823
18024077,NYC,Private room,4.14313,4.10537
9925760,LA,Entire home/apt,4.48864,4.57764
16195382,NYC,Private room,4.55388,4.32283
16189351,LA,Private room,4.06044,4.04242
19296475,LA,Entire home/apt,3.73767,4.41451
3890484,NYC,Entire home/apt,5.95324,6.44550
19329734,NYC,Private room,4.94164,4.41824
20054159,NYC,Entire home/apt,6.10925,5.37357
19978555,LA,Private room,3.68888,4.36834
1189378,Chicago,Private room,4.09434,3.93069
16264152,NYC,Entire home/apt,5.98896,5.65806
12453944,LA,Entire home/apt,4.85981,4.94556
723941,NYC,Private room,4.35671,4.33754
5051241,NYC,Entire home/apt,6.05209,5.89789
17831395,LA,Entire home/apt,7.08590,6.98885
16274257,NYC,Private room,4.82831,4.93539
3354928,NYC,Entire home/apt,5.70378,5.73028
18375417,SF,Private room,4.55388,4.11340
19271120,SF,Entire home/apt,6.10925,6.15097
20555314,DC,Entire home/apt,7.09008,5.72197
8503280,NYC,Private room,4.59512,4.45477
13210656,LA,Entire home/apt,5.52146,5.62696
10868024,NYC,Entire home/apt,4.94164,4.83652
18143061,Boston,Entire home/apt,5.29330,5.07361
13082805,NYC,Private room,4.31749,4.42541
13977669,LA,Entire home/apt,6.47697,6.51939
17745838,Chicago,Private room,4.54329,4.31363
3704801,SF,Entire home/apt,4.59512,5.30517
5683405,LA,Private room,4.55388,4.80289
1855846,LA,Entire home/apt,4.77912,4.84030
11650390,LA,Entire home/apt,4.78749,4.74320
3032876,NYC,Private room,4.35671,4.40358
19776846,NYC,Entire home/apt,4.82831,4.66945
4270689,LA,Entire home/apt,4.24850,5.15447
17846105,DC,Entire home/apt,4.24850,4.59555
8068911,LA,Entire home/apt,4.93447,5.21706
14200676,NYC,Entire home/apt,5.01064,4.74767
17249755,NYC,Private room,4.59512,4.46199
20158200,LA,Entire home/apt,4.90527,5.18234
18359284,NYC,Entire home/apt,4.38203,4.73294
11139541,DC,Entire home/apt,5.01064,5.18420
7998385,DC,Entire home/apt,5.29832,5.07697
236792,LA,Entire home/apt,4.36945,4.68289
21037249,Chicago,Private room,4.48864,4.31741
4873699,Boston,Private room,3.46574,3.78348
15672148,Boston,Entire home/apt,5.43372,5.16975
19619159,NYC,Entire home/apt,5.04343,4.85135
3585500,LA,Entire home/apt,5.01064,4.96413
14463527,SF,Private room,4.72739,4.77861
13172443,LA,Private room,3.91202,4.21907
12827112,Chicago,Entire home/apt,5.07517,4.96221
8919285,NYC,Entire home/apt,6.68336,6.51351
6108703,Chicago,Entire home/apt,6.68211,5.28009
4639179,SF,Entire home/apt,6.79682,6.05036
9660334,NYC,Private room,4.86753,4.55575
5345293,LA,Private room,3.55535,3.91799
14107070,NYC,Private room,3.95124,3.80877
18242567,Boston,Private room,3.80666,3.84445
5383005,LA,Entire home/apt,5.01064,4.79465
13900692,Chicago,Entire home/apt,5.51745,5.55712
16467354,LA,Entire home/apt,4.59512,4.69244
18637574,NYC,Private room,4.86753,4.29172
4542085,LA,Entire home/apt,5.41610,5.16477
9107450,NYC,Entire home/apt,6.10925,5.63918
18777640,LA,Entire home/apt,4.77912,5.24392
19363298,NYC,Private room,4.09434,4.24342
16770255,NYC,Entire home/apt,4.95583,5.02056
953275,LA,Entire home/apt,4.69135,4.65036
15193168,NYC,Entire home/apt,4.60517,4.82040
6976726,NYC,Entire home/apt,4.38203,4.89523
5321584,NYC,Private room,4.82831,4.37956
9451250,NYC,Entire home/apt,5.99146,5.81637
1030126,LA,Private room,4.55388,4.51395
10235519,LA,Entire home/apt,4.77068,4.88441
16688694,DC,Private room,3.68888,4.12123
18502843,NYC,Entire home/apt,5.01064,5.14688
16332673,LA,Private room,4.36945,4.35346
20223030,DC,Entire home/apt,4.74493,4.47285
16424642,LA,Private room,4.60517,4.59939
6785072,NYC,Entire home/apt,5.03044,4.80913
1335528,NYC,Private room,4.00733,3.92500
6868042,DC,Private room,4.60517,4.23237
18240831,Chicago,Entire home/apt,5.23644,4.85147
5697556,NYC,Entire home/apt,5.07517,5.05996
11377362,NYC,Entire home/apt,5.29832,5.41575
2844724,SF,Entire home/apt,6.68461,6.33138
13464487,SF,Entire home/apt,4.65396,4.77446
16856040,NYC,Entire home/apt,5.03044,5.10007
16025035,NYC,Private room,3.82864,4.13214
6323271,NYC,Entire home/apt,5.90808,5.34434
4873967,NYC,Entire home/apt,6.68461,6.61977
15885641,NYC,Entire home/apt,5.18739,4.86880
9768424,LA,Entire home/apt,5.61677,5.39770
1684266,DC,Entire home/apt,5.52146,4.46787
8719984,NYC,Entire home/apt,5.61677,5.40583
16209025,NYC,Entire home/apt,5.19296,5.19097
14775113,LA,Entire home/apt,5.10595,4.83649
7965382,NYC,Private room,4.24850,3.98981
19454613,NYC,Private room,4.60517,4.41187
15156693,NYC,Private room,4.38203,4.25918
13772320,SF,Entire home/apt,5.29832,4.98768
19779077,LA,Entire home/apt,4.46591,4.41271
9050480,SF,Entire home/apt,5.66988,5.77566
11147145,NYC,Entire home/apt,4.86753,5.21032
20970380,LA,Entire home/apt,5.35186,5.00258
1382158,NYC,Entire home/apt,4.51086,4.72610
13016389,DC,Entire home/apt,4.65396,4.88042
870844,Chicago,Private room,3.91202,3.95014
8814936,LA,Private room,4.44265,4.31950
2527150,SF,Private room,6.10925,4.60011
6437014,NYC,Entire home/apt,5.01064,5.51495
5627944,NYC,Private room,4.23411,4.14824
13274705,NYC,Entire home/apt,4.70048,5.07470
1753671,Chicago,Entire home/apt,5.45959,5.33449
13496358,LA,Entire home/apt,4.78749,4.57621
8417986,NYC,Private room,3.91202,4.53385
5340057,LA,Entire home/apt,5.07517,5.10688
747159,NYC,Entire home/apt,6.20456,5.96108
13789433,LA,Private room,3.91202,4.09962
13346499,NYC,Entire home/apt,5.95324,5.82207
16025305,NYC,Entire home/apt,5.01064,5.42393
20417560,LA,Private room,4.24850,4.21989
16600707,LA,Private room,4.55388,4.25256
13514004,SF,Entire home/apt,6.74524,6.41556
11242811,LA,Entire home/apt,6.67834,6.21064
12343127,NYC,Private room,4.00733,3.81889
13209430,NYC,Private room,4.60517,4.37415
10280573,LA,Private room,4.36945,4.17705
297938,NYC,Private room,4.09434,4.04804
13962836,LA,Entire home/apt,4.74493,4.74401
7424692,NYC,Private room,4.48864,4.74421
18189407,SF,Entire home/apt,5.01064,5.25290
15715958,NYC,Private room,3.89182,4.09241
17422489,NYC,Private room,3.68888,4.00337
13982024,NYC,Entire home/apt,5.70378,5.26365
2863873,LA,Private room,3.46574,3.75589
17748684,LA,Private room,4.31749,4.06628
8164253,NYC,Entire home/apt,4.70048,4.91873
15521443,NYC,Entire home/apt,5.18739,5.08274
707396,NYC,Private room,4.07754,4.38509
13301432,LA,Private room,4.60517,4.38311
14555322,NYC,Private room,4.09434,3.99035
3544359,LA,Private room,3.55535,4.30126
7453659,NYC,Entire home/apt,5.66643,5.47365
14884340,NYC,Private room,4.59512,4.58549
12711153,DC,Entire home/apt,5.55683,5.68910
19057073,SF,Private room,4.09434,4.55900
298258,NYC,Private room,4.24850,4.54135
16312230,Chicago,Entire home/apt,4.44265,4.71069
20482707,SF,Entire home/apt,6.80239,5.94736
3993984,LA,Entire home/apt,5.01064,4.27221
16648370,Chicago,Entire home/apt,4.78749,5.30801
7433034,SF,Entire home/apt,5.29832,5.42058
5268159,LA,Private room,5.07517,4.73623
8736623,LA,Entire home/apt,5.84932,5.77881
19142207,NYC,Private room,4.31749,4.29888
6374694,NYC,Entire home/apt,5.22036,5.25199
5881837,Boston,Entire home/apt,5.18739,5.32205
19867655,LA,Private room,3.87120,4.10579
15381843,DC,Entire home/apt,5.29832,5.67262
13548278,LA,Private room,4.00733,3.95684
17141362,NYC,Private room,3.91202,4.02199
16691524,NYC,Private room,4.44265,4.20866
8438109,LA,Entire home/apt,4.78749,4.66945
16618488,LA,Private room,4.70048,4.41455
16070726,DC,Entire home/apt,5.16479,5.65175
7389120,LA,Entire home/apt,4.74493,4.44882
2216775,NYC,Entire home/apt,5.85793,5.46386
19000124,LA,Entire home/apt,5.96615,5.45371
16633054,NYC,Entire home/apt,4.44265,4.51403
3043548,NYC,Entire home/apt,4.55388,4.61164
15545619,NYC,Entire home/apt,5.29832,5.14164
15535733,LA,Private room,3.55535,4.19876
8427028,LA,Private room,3.66356,3.98200
12846048,LA,Private room,3.87120,4.19164
1233330,NYC,Entire home/apt,5.37064,5.01921
12805905,LA,Entire home/apt,4.86753,5.23122
6390089,SF,Entire home/apt,5.01064,5.69675
15936096,LA,Entire home/apt,4.96981,5.11627
7849615,NYC,Private room,4.60517,4.89417
17098186,LA,Entire home/apt,4.69135,5.47693
5690312,LA,Entire home/apt,4.35671,4.28042
9936812,NYC,Entire home/apt,5.38450,5.08534
6786181,LA,Shared room,3.40120,3.72776
19161241,NYC,Private room,4.38203,4.37140
3513960,NYC,Entire home/apt,5.51745,5.28943
2858841,Boston,Private room,4.38203,4.27777
4777090,LA,Entire home/apt,4.09434,4.55949
15135244,NYC,Private room,4.82831,4.46191
18199221,NYC,Entire home/apt,6.39693,5.35671
14047668,LA,Entire home/apt,4.74493,5.09349
8286241,NYC,Private room,3.91202,4.20178
15911792,NYC,Private room,4.38203,4.27725
4686087,Chicago,Private room,4.02535,4.15712
403986,LA,Entire home/apt,5.51745,5.52542
9115645,LA,Private room,3.91202,4.20144
15454323,NYC,Private room,4.36945,4.15289
17703471,Boston,Private room,3.68888,3.91952
17733218,LA,Entire home/apt,6.79122,7.24779
10034709,NYC,Private room,4.09434,4.07775
14229403,LA,Entire home/apt,4.77912,4.74278
20706899,NYC,Entire home/apt,5.70378,5.39632
17480877,Boston,Entire home/apt,5.78383,5.07418
16436951,LA,Private room,4.60517,4.09930
19996755,DC,Private room,5.61677,5.45795
16794466,NYC,Entire home/apt,5.39363,5.25629
7712235,LA,Entire home/apt,5.51745,5.80552
18265447,SF,Private room,5.04343,4.94388
325842,NYC,Private room,4.09434,4.28388
12684970,SF,Private room,4.82831,5.06766
15745828,NYC,Entire home/apt,4.31749,5.02886
7311140,Boston,Private room,4.06044,4.22454
216080,NYC,Private room,4.60517,4.23075
11954872,NYC,Entire home/apt,5.70378,5.14837
12052143,Boston,Entire home/apt,4.89035,5.18791
3890373,LA,Private room,4.38203,4.48300
18562429,SF,Entire home/apt,5.52146,5.67119
16100412,LA,Private room,4.55388,4.32545
15956956,Boston,Entire home/apt,5.29832,4.98574
6423799,NYC,Entire home/apt,5.16479,5.04887
12056092,LA,Private room,4.15888,4.20144
8763407,SF,Entire home/apt,5.29832,5.94809
14339201,NYC,Private room,4.60517,4.31177
16111729,Boston,Private room,4.00733,3.99255
18728915,LA,Entire home/apt,6.47697,5.62995
16855440,Chicago,Private room,3.68888,3.94495
17266124,LA,Entire home/apt,4.80402,5.00282
16667175,NYC,Entire home/apt,5.46806,5.19772
8091589,LA,Shared room,2.99573,3.50738
11320246,NYC,Private room,3.91202,4.15098
5175183,NYC,Private room,4.09434,3.96088
16486784,LA,Entire home/apt,4.60517,4.52245
19655186,NYC,Entire home/apt,5.34711,4.93301
3273170,Chicago,Private room,4.55388,4.23584
9061545,SF,Private room,5.52146,4.79908
5226312,LA,Entire home/apt,5.52146,5.32223
17616822,NYC,Private room,4.06044,3.90026
13218139,LA,Entire home/apt,5.10595,4.99696
16753927,NYC,Private room,4.60517,4.55186
20678992,LA,Entire home/apt,5.29330,5.30496
17676984,NYC,Entire home/apt,5.01064,4.96348
16416588,NYC,Entire home/apt,4.81218,4.87278
10996605,NYC,Private room,4.60517,4.20070
16831523,NYC,Entire home/apt,5.01064,5.18973
9560935,NYC,Entire home/apt,4.86753,5.18364
14557528,SF,Entire home/apt,5.20401,5.19565
14261749,Chicago,Entire home/apt,4.33073,4.77631
20553159,NYC,Private room,4.70048,4.19211
2292275,LA,Private room,4.85203,4.54851
19768219,NYC,Private room,4.17439,3.94494
18028801,NYC,Entire home/apt,5.12990,4.85298
15192362,NYC,Private room,3.80666,3.95727
21022064,NYC,Entire home/apt,5.04343,5.03090
17190792,LA,Entire home/apt,4.82831,4.74879
9422264,NYC,Entire home/apt,4.49981,4.85950
10836048,Chicago,Private room,3.91202,4.46097
8407577,DC,Entire home/apt,4.82831,5.14348
460876,SF,Private room,4.49981,4.88466
4325445,NYC,Entire home/apt,4.82831,5.11362
15161348,SF,Entire home/apt,5.63479,5.41874
5113983,SF,Entire home/apt,6.74524,6.35973
13513592,NYC,Entire home/apt,4.62497,4.86406
20936482,NYC,Entire home/apt,5.16479,4.96556
74240,Chicago,Entire home/apt,4.77912,4.99826
13128594,DC,Entire home/apt,4.74493,4.84290
10155797,NYC,Entire home/apt,4.60517,4.80204
8981656,NYC,Private room,4.44265,4.18090
4625594,Boston,Private room,5.22036,4.60745
13233726,Chicago,Entire home/apt,4.82831,5.04355
16300588,Chicago,Entire home/apt,5.55683,5.62588
4129110,NYC,Entire home/apt,4.59512,5.11364
17366640,SF,Private room,4.38203,4.51505
19653530,LA,Private room,4.49981,4.29371
846600,NYC,Private room,4.00733,3.95679
4968203,LA,Entire home/apt,4.65396,4.75207
2368017,SF,Entire home/apt,5.52146,5.07865
18502935,NYC,Private room,4.26268,4.10432
9349116,NYC,Private room,3.87120,3.83018
19069649,LA,Entire home/apt,5.48064,5.31215
19416332,Boston,Private room,4.57471,4.71931
13583003,LA,Entire home/apt,4.49981,4.66930
14603332,NYC,Private room,3.80666,4.23112
13764774,NYC,Entire home/apt,6.09807,6.15011
3061561,NYC,Private room,4.49981,4.77807
2919283,LA,Entire home/apt,4.99721,4.87781
6469686,NYC,Private room,4.48864,4.51143
18217098,NYC,Private room,3.97029,4.35543
1908852,Chicago,Shared room,3.40120,3.36746
693724,LA,Private room,4.17439,4.28408
7800568,NYC,Private room,4.44265,4.45686
15178460,SF,Private room,5.01064,5.06603
19345240,SF,Private room,4.26268,4.58105
16467073,NYC,Entire home/apt,5.10595,5.04793
13688888,NYC,Private room,4.09434,4.26504
16392095,LA,Entire home/apt,4.78749,4.89512
17187686,LA,Entire home/apt,6.39693,6.17301
9717662,NYC,Entire home/apt,4.85981,4.91885
14313876,Boston,Private room,4.09434,4.17226
16556338,LA,Entire home/apt,5.06890,5.04505
18777537,SF,Entire home/apt,4.38203,4.53629
18751261,NYC,Entire home/apt,4.86753,4.72872
17712350,Chicago,Entire home/apt,4.82831,5.20211
1096497,NYC,Private room,4.60517,4.40473
12950918,NYC,Entire home/apt,5.78383,5.25197
3484641,NYC,Private room,4.65396,4.92044
15680236,SF,Shared room,3.40120,4.17045
18911463,NYC,Entire home/apt,5.03695,4.98999
9791385,NYC,Private room,5.09375,4.85323
20696845,LA,Entire home/apt,6.10702,5.69126
16915332,NYC,Private room,4.24850,4.38805
1180663,LA,Entire home/apt,4.60517,4.81511
9545059,LA,Entire home/apt,4.97673,4.86435
14709217,NYC,Private room,4.60517,4.28779
20286700,Chicago,Shared room,3.21888,3.56124
17750170,NYC,Private room,5.00395,4.95049
15759553,Chicago,Private room,4.11087,3.83502
7141549,NYC,Entire home/apt,5.01064,5.46485
11585296,Boston,Entire home/apt,5.29330,5.15294
4824310,NYC,Private room,4.44265,4.49747
13780778,DC,Private room,4.09434,4.68030
12728595,SF,Entire home/apt,4.94164,4.99963
16338510,NYC,Private room,4.24850,3.93884
20602344,NYC,Private room,4.49981,4.24925
16620394,NYC,Private room,4.82831,4.54000
13956825,SF,Entire home/apt,4.49981,4.74659
12866878,LA,Private room,3.91202,4.03900
3442400,LA,Private room,3.80666,4.15180
1664614,DC,Entire home/apt,5.01064,4.65231
13763226,NYC,Private room,4.85203,4.78646
6993796,DC,Entire home/apt,6.52209,6.05472
13658069,LA,Entire home/apt,5.29330,5.06601
17811019,NYC,Private room,4.72739,4.70143
15049233,NYC,Private room,4.55388,4.15329
19749486,LA,Entire home/apt,5.45959,5.16774
1682875,SF,Entire home/apt,5.57973,5.27619
12650991,NYC,Entire home/apt,4.90527,5.13016
4174679,NYC,Private room,4.09434,4.04064
16202671,NYC,Entire home/apt,7.00307,5.76625
12222103,NYC,Entire home/apt,6.68461,6.61881
7159253,LA,Private room,4.82831,4.38624
17139818,NYC,Entire home/apt,4.97673,4.77194
3544233,NYC,Private room,4.38203,4.35419
6028112,Chicago,Private room,4.00733,3.88063
16844643,LA,Entire home/apt,5.39363,5.29652
17734210,SF,Entire home/apt,5.79909,5.88829
4757755,NYC,Entire home/apt,5.70378,4.69638
19175288,LA,Entire home/apt,5.01064,5.20670
8408103,LA,Entire home/apt,4.24850,4.46217
11478003,Chicago,Private room,4.17439,4.37260
18207761,SF,Entire home/apt,5.52146,5.30635
18907187,LA,Private room,4.83628,4.93836
1836802,LA,Private room,3.68888,3.82348
6246314,LA,Private room,3.61092,3.85391
4867749,NYC,Private room,4.07754,3.89319
17850291,DC,Entire home/apt,4.65396,4.94011
4958223,LA,Entire home/apt,5.52146,6.23731
18875994,SF,Entire home/apt,6.10925,5.92594
14069371,LA,Entire home/apt,4.60517,4.91792
15598701,NYC,Shared room,4.43082,3.93191
5569521,NYC,Private room,4.51086,4.70126
1497971,NYC,Shared room,4.31749,4.29438
20474285,SF,Entire home/apt,5.10595,5.02458
16809773,DC,Entire home/apt,6.10925,5.53392
20772782,Boston,Private room,4.31749,4.71138
416557,NYC,Entire home/apt,5.01064,5.20109
1718074,Boston,Private room,4.21951,4.23615
3792147,NYC,Entire home/apt,5.25750,5.15820
9138022,DC,Entire home/apt,6.21461,5.40242
6611557,NYC,Private room,4.17439,4.48188
10792883,Chicago,Entire home/apt,6.10925,5.39412
13155252,SF,Entire home/apt,5.07517,5.32218
16084729,Boston,Private room,3.91202,3.94718
17152583,DC,Private room,4.86753,4.68223
13129664,NYC,Entire home/apt,5.70044,5.42387
6465075,DC,Entire home/apt,7.31255,6.82996
18522739,NYC,Entire home/apt,4.94164,4.80036
13530958,Chicago,Entire home/apt,4.71850,5.11957
9941652,LA,Entire home/apt,5.00395,4.88603
16577766,NYC,Private room,4.09434,4.10564
9505429,LA,Private room,5.70378,4.48943
2028997,NYC,Private room,4.44265,4.64689
14474966,LA,Entire home/apt,6.16331,6.53912
4099553,NYC,Entire home/apt,5.01064,5.12995
9885815,SF,Entire home/apt,5.41610,5.37088
14101888,LA,Entire home/apt,5.85793,5.74492
14831723,NYC,Entire home/apt,5.24175,5.02494
7742346,LA,Private room,4.00733,4.11689
10091952,LA,Private room,3.80666,4.17993
14316579,NYC,Entire home/apt,4.90527,4.87749
14106177,Chicago,Entire home/apt,4.49981,4.79159
6887234,SF,Private room,5.01064,4.67976
6279160,LA,Entire home/apt,4.23411,4.51891
14966494,Chicago,Entire home/apt,4.55388,4.54611
15088466,LA,Entire home/apt,4.78749,4.81603
13865394,SF,Entire home/apt,5.34711,5.28321
21090097,NYC,Entire home/apt,5.25227,5.42856
196100,LA,Private room,3.91202,4.33389
18430686,LA,Private room,3.91202,4.20046
7346760,DC,Entire home/apt,5.16479,5.24437
16134546,LA,Entire home/apt,5.43808,5.04334
19199046,NYC,Private room,4.55388,4.39988
15176927,LA,Entire home/apt,4.78749,4.84403
2247803,LA,Entire home/apt,4.60517,4.75827
20707376,DC,Entire home/apt,4.82831,5.71823
10127110,LA,Private room,4.09434,4.17635
8383720,LA,Entire home/apt,5.01728,4.86155
12137548,LA,Entire home/apt,5.16479,5.33667
20163899,NYC,Entire home/apt,5.29832,5.41300
12020689,Boston,Private room,4.27667,4.05680
19119608,NYC,Private room,4.40672,4.21569
12022728,LA,Shared room,3.87120,3.62414
3999228,LA,Entire home/apt,4.51086,4.35788
11043651,LA,Entire home/apt,5.52146,4.54535
14109858,LA,Shared room,3.68888,3.98478
10272718,LA,Entire home/apt,4.90527,5.83028
8990226,DC,Entire home/apt,5.01064,6.08683
16051690,NYC,Private room,4.41884,4.82881
3839332,NYC,Private room,4.18965,4.31299
74949,LA,Entire home/apt,4.60517,4.47310
16320023,NYC,Entire home/apt,4.65396,4.80219
18006243,NYC,Private room,3.98898,4.24465
6402553,NYC,Entire home/apt,5.13580,4.93858
16333541,NYC,Private room,4.38203,4.38480
15644594,NYC,Entire home/apt,5.39816,5.30230
20506918,LA,Private room,4.49981,4.60172
15989086,Chicago,Private room,4.38203,4.50040
17717979,NYC,Entire home/apt,5.80814,5.52114
13262737,NYC,Private room,4.34381,4.48735
17367117,NYC,Private room,4.09434,4.20253
17238319,NYC,Private room,4.30407,4.40207
15099163,NYC,Entire home/apt,4.31749,4.54664
5779752,Boston,Entire home/apt,5.29832,5.13181
18979625,LA,Entire home/apt,4.68213,4.92491
21107357,Boston,Entire home/apt,5.29832,4.97483
2139353,SF,Private room,4.60517,5.23625
20191770,NYC,Entire home/apt,4.94164,5.07233
4615713,LA,Entire home/apt,7.30988,7.30622
6843795,LA,Private room,4.30407,3.94675
18544670,LA,Private room,4.65396,4.40493
17420939,Chicago,Entire home/apt,5.70378,5.60876
17586465,NYC,Entire home/apt,5.52146,5.39771
17345136,NYC,Private room,5.04343,4.69823
216398,Chicago,Private room,4.07754,4.09038
5602369,NYC,Private room,4.55388,4.31140
11193580,DC,Private room,4.31749,5.11949
12114652,LA,Entire home/apt,4.38203,5.00101
12534110,NYC,Entire home/apt,5.52146,5.31285
940115,SF,Private room,4.31749,4.38637
16480871,NYC,Entire home/apt,4.82831,4.83297
12234904,NYC,Private room,4.65396,4.76875
21891,LA,Entire home/apt,5.88610,5.26780
15627978,NYC,Private room,5.24702,4.83393
1039984,SF,Entire home/apt,5.61677,5.88438
9717404,NYC,Private room,5.29832,4.64726
13772890,DC,Entire home/apt,4.74493,4.72340
6553226,LA,Entire home/apt,4.49981,4.57056
6782212,NYC,Entire home/apt,5.24702,5.31849
19552922,LA,Entire home/apt,4.90527,4.51755
9332926,DC,Entire home/apt,4.82831,4.62922
19059334,NYC,Private room,4.55388,4.45260
16019301,NYC,Private room,4.59512,4.56151
5184738,NYC,Private room,4.09434,4.12872
11491696,NYC,Private room,3.98898,4.17817
13622238,LA,Entire home/apt,5.00395,4.85670
19162648,SF,Entire home/apt,5.16479,4.99925
16256546,NYC,Private room,4.24850,4.17285
20884181,NYC,Private room,4.70048,4.26466
573643,NYC,Entire home/apt,4.55388,4.97580
3122882,SF,Private room,4.73620,4.76793
281139,NYC,Private room,4.24850,4.21947
4796220,NYC,Private room,4.86753,4.60929
11438189,DC,Entire home/apt,5.99146,5.42251
5078176,Chicago,Private room,4.09434,3.96413
16427422,NYC,Private room,3.89182,4.17679
9266394,LA,Entire home/apt,4.78749,4.64250
12043304,SF,Entire home/apt,5.27300,5.11058
7172459,NYC,Entire home/apt,5.48064,5.20473
8504708,DC,Entire home/apt,4.78749,4.96418
11750272,NYC,Entire home/apt,5.01064,4.95182
1335550,Chicago,Entire home/apt,5.09987,5.32648
5051005,LA,Private room,4.49981,4.29992
3478179,LA,Entire home/apt,4.85203,4.86135
14436333,NYC,Entire home/apt,4.49981,4.92134
1393504,NYC,Entire home/apt,5.24702,5.00249
15771989,SF,Entire home/apt,5.61677,5.66367
4841363,SF,Private room,4.38203,4.77712
18175743,NYC,Private room,4.31749,4.25333
5604765,Boston,Entire home/apt,5.17615,5.78810
7324746,Boston,Entire home/apt,5.66643,5.32353
13659981,NYC,Private room,4.38203,4.40556
4191257,NYC,Private room,4.44265,4.14981
11011759,NYC,Shared room,4.30407,4.27522
5153595,NYC,Private room,3.76120,4.14089
3840000,DC,Entire home/apt,6.21261,6.08886
2062949,NYC,Entire home/apt,5.98896,5.50071
1404123,LA,Private room,4.59512,4.60157
16479076,DC,Private room,4.60517,4.35507
18137457,LA,Entire home/apt,5.54126,5.19058
14806237,NYC,Entire home/apt,6.17379,5.64263
17570536,LA,Entire home/apt,5.66643,5.43133
13751335,NYC,Private room,4.49981,3.89141
13915329,LA,Private room,4.12713,4.29638
10414641,LA,Entire home/apt,5.16479,5.20098
2809567,LA,Private room,4.24850,4.05145
13064913,LA,Entire home/apt,5.16479,4.97035
15506908,NYC,Private room,4.04305,3.98313
15266912,LA,Private room,3.40120,4.00359
6865662,LA,Private room,3.63759,3.98073
1749432,SF,Private room,4.78749,4.70734
11613407,NYC,Private room,4.94164,4.68089
9092845,NYC,Private room,4.60517,4.77921
18143205,LA,Private room,3.63759,3.91415
2148025,LA,Entire home/apt,4.59512,5.20342
479086,NYC,Private room,4.36945,4.29094
17017128,NYC,Entire home/apt,5.50126,5.47352
15544507,LA,Entire home/apt,5.68698,5.43488
13882394,DC,Entire home/apt,4.31749,4.53300
11993231,LA,Entire home/apt,4.60517,4.77979
13183047,DC,Entire home/apt,5.07517,5.12727
16963905,NYC,Shared room,4.31749,4.25495
18657209,LA,Private room,3.73767,3.86291
9264919,LA,Private room,4.59512,4.25341
4623562,LA,Entire home/apt,4.66344,4.61349
18351024,NYC,Entire home/apt,5.43808,5.63164
20421086,NYC,Private room,3.55535,3.81243
9613626,Chicago,Private room,4.00733,3.76557
18175507,SF,Entire home/apt,7.31322,6.70683
16177662,LA,Private room,5.29832,4.44362
3512378,LA,Entire home/apt,5.52146,5.09250
17593118,LA,Private room,4.60517,4.50202
6120759,NYC,Private room,5.29832,4.45524
15282612,LA,Entire home/apt,5.68698,5.50884
21044034,LA,Private room,3.61092,4.23278
16824774,SF,Private room,5.52146,5.26198
16178637,NYC,Entire home/apt,4.94164,5.11257
17500913,LA,Private room,5.01064,4.04319
9956933,LA,Private room,4.23411,3.98279
918239,DC,Entire home/apt,4.60517,5.27346
14715853,NYC,Entire home/apt,4.90527,4.95881
15356132,NYC,Entire home/apt,7.31322,6.10871
13894254,SF,Entire home/apt,6.16331,5.98437
18972792,Chicago,Entire home/apt,4.85981,5.30676
20923712,NYC,Entire home/apt,4.35671,4.80671
10154138,LA,Entire home/apt,6.90776,6.50316
11223337,NYC,Entire home/apt,5.20401,5.82726
8480507,LA,Entire home/apt,6.21461,5.95725
8371626,Boston,Shared room,4.09434,4.22084
7816551,NYC,Private room,4.27667,4.39402
11989954,NYC,Private room,4.09434,3.81364
15772854,DC,Entire home/apt,5.22036,5.78820
5796340,NYC,Entire home/apt,4.49981,4.53329
19323884,LA,Entire home/apt,5.19296,5.56005
6201435,LA,Private room,4.17439,4.15252
15422256,NYC,Private room,4.78749,4.36830
7181460,LA,Private room,4.24850,4.25456
12001650,NYC,Private room,4.60517,4.52526
7919242,NYC,Entire home/apt,4.91998,4.89849
6769183,SF,Entire home/apt,4.97673,5.25079
13399427,NYC,Private room,4.31749,3.95228
15041647,DC,Entire home/apt,5.00395,5.04288
11086720,LA,Entire home/apt,5.34711,5.22979
475216,LA,Shared room,4.17439,3.81176
5589530,NYC,Private room,4.09434,4.33861
11591798,SF,Private room,4.38203,4.48118
849871,Boston,Entire home/apt,5.52146,5.13034
14616250,Boston,Entire home/apt,5.48064,4.57877
18097548,NYC,Private room,4.90527,4.36609
19291541,SF,Entire home/apt,6.55108,5.77958
7347350,LA,Private room,4.24850,4.40532
13282382,Chicago,Entire home/apt,4.49981,4.75654
16071855,LA,Entire home/apt,5.85793,5.53862
6319095,NYC,Private room,4.38203,4.72618
5033691,LA,Entire home/apt,4.55388,4.77619
9430450,LA,Entire home/apt,4.78749,4.81174
19859156,SF,Entire home/apt,5.88610,6.01594
3181834,NYC,Private room,3.80666,3.92183
642682,LA,Entire home/apt,4.60517,4.86450
18977922,NYC,Private room,3.97029,4.08152
11320482,LA,Private room,4.47734,4.28989
10152259,LA,Private room,4.00733,4.00460
14671407,SF,Private room,4.60517,4.87132
2835159,LA,Shared room,3.55535,3.71942
16977964,DC,Entire home/apt,5.12990,4.74425
16247566,LA,Entire home/apt,4.86753,4.84865
8763676,NYC,Private room,4.38203,4.34688
5375275,NYC,Entire home/apt,4.97673,5.02411
14921477,LA,Private room,3.89182,3.90786
12583315,Boston,Entire home/apt,5.72685,5.60958
16481080,NYC,Entire home/apt,5.99146,5.34173
5192459,NYC,Private room,3.68888,3.91984
6939097,NYC,Private room,4.30407,4.66708
15951711,SF,Private room,5.29832,4.88234
21081719,NYC,Entire home/apt,5.41610,5.53110
1301822,LA,Private room,4.46591,4.35321
3468919,NYC,Entire home/apt,6.39526,6.34056
17962385,NYC,Shared room,3.73767,3.76323
19380837,SF,Entire home/apt,5.92693,5.41273
13267272,NYC,Entire home/apt,4.59512,5.15314
16706786,Boston,Private room,4.49981,4.69377
535352,NYC,Entire home/apt,4.94164,5.10095
2393603,Boston,Private room,5.22036,4.84084
2122918,NYC,Private room,4.00733,3.81403
2291507,LA,Shared room,3.68888,3.46996
10367579,NYC,Entire home/apt,5.29832,5.44095
12036625,LA,Entire home/apt,5.52146,5.42692
16692197,NYC,Private room,4.82831,4.50051
16363498,LA,Private room,4.23411,3.97020
17241985,LA,Private room,4.36945,4.03632
19883214,LA,Private room,4.31749,4.04009
19905365,Boston,Entire home/apt,4.82831,4.94841
14030534,LA,Entire home/apt,4.49981,4.66548
9030875,LA,Shared room,4.78749,4.20830
17907935,NYC,Entire home/apt,4.70048,4.56925
895309,NYC,Entire home/apt,4.24850,4.53909
7282353,LA,Private room,4.17439,4.05606
10900130,DC,Private room,5.70378,4.38175
9614676,LA,Private room,4.09434,4.42530
9863678,NYC,Private room,4.31749,4.35996
12853301,LA,Private room,4.00733,4.47551
13638628,Boston,Entire home/apt,5.00395,5.12634
18397025,NYC,Private room,5.29832,3.97553
3438669,NYC,Entire home/apt,4.31749,4.89295
16129879,NYC,Private room,4.24850,4.41100
19806304,SF,Entire home/apt,5.52146,5.78556
14951017,DC,Entire home/apt,4.70048,4.77583
836591,LA,Entire home/apt,6.05209,5.62470
21164504,LA,Private room,4.00733,4.66865
401836,NYC,Entire home/apt,6.05209,5.71086
5959740,LA,Entire home/apt,6.06146,5.95204
9854986,LA,Entire home/apt,5.10595,5.38653
15054072,LA,Shared room,5.56068,4.15156
17765679,Chicago,Entire home/apt,5.52146,5.60945
16632128,SF,Entire home/apt,6.39693,6.04008
16309579,LA,Entire home/apt,4.78749,5.00831
9428548,NYC,Private room,4.00733,4.34773
16634822,LA,Entire home/apt,5.99146,5.99385
12546424,NYC,Private room,4.24850,4.04005
16025023,DC,Entire home/apt,5.07517,5.35631
15968806,DC,Private room,4.27667,4.29811
10009377,NYC,Private room,4.44265,4.33416
16971327,NYC,Entire home/apt,4.86753,4.68048
18687283,NYC,Private room,5.29832,4.22100
2093894,LA,Private room,4.60517,4.41550
7451145,LA,Entire home/apt,6.21461,4.85619
3467587,NYC,Private room,4.86753,4.40550
17523611,SF,Entire home/apt,4.85981,5.16988
17608146,SF,Entire home/apt,5.16479,5.24320
11920660,NYC,Entire home/apt,5.24702,5.15645
20217846,LA,Private room,3.66356,3.82855
13912785,NYC,Private room,4.60517,4.87336
1923993,NYC,Entire home/apt,5.10595,5.20594
6643420,LA,Private room,4.78749,4.55106
17093483,LA,Entire home/apt,5.19296,4.86865
20277286,NYC,Entire home/apt,4.82028,4.60231
16616711,LA,Entire home/apt,5.34711,5.59865
14339414,SF,Entire home/apt,5.27300,5.43122
18690651,LA,Entire home/apt,4.60517,4.37213
820227,NYC,Entire home/apt,5.06890,4.77154
301994,NYC,Entire home/apt,5.01064,4.95978
14806567,DC,Entire home/apt,4.49981,4.43180
6743285,LA,Entire home/apt,4.49981,4.45539
16812529,LA,Private room,4.24850,4.27428
4532653,NYC,Entire home/apt,4.74493,5.32180
5014042,SF,Entire home/apt,5.09987,5.15557
5353107,SF,Private room,5.27300,4.37097
2521380,NYC,Private room,3.73767,4.01477
15754477,NYC,Private room,4.38203,4.14761
42729,NYC,Private room,5.85793,5.16722
19200270,NYC,Entire home/apt,4.58497,4.68250
4016008,LA,Entire home/apt,4.24850,4.47038
14196983,NYC,Entire home/apt,4.75359,4.76784
1327775,LA,Private room,3.80666,3.91353
1187558,NYC,Entire home/apt,5.86079,5.84564
16290683,LA,Entire home/apt,4.60517,4.70518
1281167,LA,Entire home/apt,4.85203,4.76711
13098703,NYC,Private room,4.55388,4.75018
16688203,NYC,Private room,4.44265,4.21012
6640300,LA,Private room,3.80666,4.00608
1758343,Chicago,Entire home/apt,4.24850,4.26392
16451907,DC,Entire home/apt,4.78749,5.06929
15983417,SF,Private room,4.00733,4.30239
7674543,NYC,Private room,4.36945,4.50855
14919985,LA,Entire home/apt,4.68213,4.66004
17677710,LA,Shared room,3.40120,3.32810
9629672,LA,Entire home/apt,5.85793,5.90553
15719619,LA,Entire home/apt,4.74493,4.54259
13659055,LA,Shared room,2.99573,3.60713
12173199,DC,Entire home/apt,6.80239,5.58204
14762973,NYC,Private room,4.44265,4.28034
5650479,NYC,Entire home/apt,4.59512,4.44016
6895837,NYC,Private room,3.40120,3.75275
20282225,NYC,Private room,4.23411,4.58063
9182162,NYC,Entire home/apt,5.78383,5.56518
15755522,SF,Entire home/apt,4.86753,5.26117
20446955,NYC,Entire home/apt,5.61677,5.24839
14357248,NYC,Entire home/apt,5.00395,5.08922
18910029,Boston,Private room,4.00733,4.51255
13660492,NYC,Private room,4.17439,4.29997
859596,Boston,Entire home/apt,4.82831,4.97213
8388776,NYC,Private room,3.73767,4.21682
16663960,NYC,Private room,3.80666,3.83541
5321760,LA,Private room,4.59512,4.39121
12852963,NYC,Private room,4.09434,3.89938
1020731,DC,Entire home/apt,5.27300,5.13481
20016860,NYC,Private room,4.17439,4.12489
20589142,Boston,Entire home/apt,5.52146,5.16316
19960482,LA,Private room,4.23411,4.02838
4777260,NYC,Entire home/apt,4.78749,4.66045
11626792,NYC,Private room,4.78749,4.32607
1317027,DC,Entire home/apt,4.59512,4.89889
17637644,NYC,Private room,4.99043,4.64335
17994609,NYC,Private room,5.06890,4.87535
16339118,LA,Entire home/apt,5.85507,5.90580
15579415,NYC,Private room,5.01064,4.07862
10609274,DC,Entire home/apt,6.90776,6.14752
16848000,LA,Private room,4.60517,4.20463
14870550,NYC,Private room,3.68888,4.53621
7460396,LA,Private room,3.87120,3.95406
63610,SF,Entire home/apt,5.01064,5.02162
1071480,LA,Private room,4.65396,4.24734
21125733,Chicago,Entire home/apt,4.94164,4.89899
16217721,LA,Shared room,4.31749,3.92495
11670661,Chicago,Private room,4.31749,3.87836
15535385,LA,Entire home/apt,4.55388,4.70621
14225205,DC,Entire home/apt,4.65396,4.61842
9173483,NYC,Private room,4.02535,4.16283
18497489,NYC,Entire home/apt,5.29832,4.69505
3241287,LA,Entire home/apt,5.19296,4.97192
17495447,NYC,Entire home/apt,5.70378,4.85391
19242154,NYC,Entire home/apt,4.82831,4.91141
18075624,LA,Entire home/apt,5.91620,5.56842
8000657,NYC,Entire home/apt,5.29330,5.41786
16616853,DC,Entire home/apt,5.29832,5.46482
19764136,NYC,Private room,4.35671,4.54339
2987397,LA,Entire home/apt,4.67283,4.79985
7174786,NYC,Entire home/apt,5.52146,5.16456
15289039,NYC,Entire home/apt,5.61677,5.23182
6325085,NYC,Entire home/apt,5.16479,5.01142
10968160,NYC,Shared room,4.17439,4.08919
10119590,NYC,Entire home/apt,5.16479,5.28437
7461611,SF,Private room,4.48864,4.77530
4061282,NYC,Entire home/apt,4.36945,4.91210
17907202,NYC,Entire home/apt,4.60517,4.70501
4765631,DC,Private room,6.39693,6.18192
12756649,LA,Entire home/apt,5.99146,5.55512
2023454,LA,Private room,5.28827,4.49201
4832477,NYC,Entire home/apt,5.29330,4.91977
7810053,NYC,Shared room,3.66356,3.54513
16612691,LA,Private room,3.80666,4.23513
9822600,Boston,Private room,4.23411,4.13706
16469467,LA,Private room,4.55388,4.54666
16207121,LA,Entire home/apt,4.59512,4.71181
3311412,NYC,Entire home/apt,4.97673,5.09506
225205,Boston,Entire home/apt,4.48864,4.94777
19998416,Chicago,Private room,5.23644,4.83233
1411264,DC,Entire home/apt,5.65249,5.27103
16413128,LA,Private room,3.76120,3.70054
17850620,SF,Entire home/apt,6.43775,6.10846
15806622,LA,Entire home/apt,5.31321,4.91223
19346860,NYC,Entire home/apt,4.78749,5.04025
12955940,LA,Entire home/apt,5.94017,6.11028
13560874,Boston,Entire home/apt,5.01064,4.90440
355106,LA,Entire home/apt,5.07517,4.70344
17907561,DC,Entire home/apt,5.41610,5.51363
2736358,LA,Entire home/apt,4.38203,4.63465
13529991,NYC,Private room,3.40120,3.95799
7483034,SF,Private room,4.21951,4.33303
785204,NYC,Private room,4.17439,4.01968
14845574,Boston,Entire home/apt,4.97673,5.22813
20872457,NYC,Private room,4.59512,4.55243
6500287,DC,Entire home/apt,5.18739,4.96337
9755993,LA,Entire home/apt,5.39363,5.88536
16177976,LA,Entire home/apt,5.41610,5.68398
3295878,Boston,Private room,4.44265,4.24417
16495027,DC,Entire home/apt,4.78749,5.51962
18371697,Chicago,Private room,4.38203,3.87290
5006113,SF,Entire home/apt,6.39693,5.62777
17270768,SF,Entire home/apt,4.90527,4.95492
2793260,NYC,Private room,3.76120,3.88004
12152164,Boston,Entire home/apt,6.05209,5.71408
13653798,LA,Private room,4.38203,4.71043
1356129,DC,Entire home/apt,4.82831,4.59443
3869800,SF,Entire home/apt,6.55108,6.86142
18669801,LA,Entire home/apt,4.90527,4.72518
5954909,LA,Private room,4.17439,4.06819
20024391,LA,Entire home/apt,5.85793,6.03739
14678045,NYC,Private room,4.00733,3.93157
16898477,NYC,Entire home/apt,5.04343,5.21011
16847827,Boston,Private room,3.55535,4.26777
12813206,NYC,Entire home/apt,5.99146,6.38836
11298300,NYC,Private room,4.48864,4.54618
1740412,SF,Private room,4.56435,4.86573
14762956,LA,Shared room,2.70805,2.66978
13747488,LA,Entire home/apt,5.18739,5.03438
17576074,Chicago,Private room,3.80666,3.99619
6800168,LA,Entire home/apt,4.38203,4.45980
1096273,NYC,Private room,4.44265,3.97973
12136852,Chicago,Private room,3.85015,3.96240
6304307,NYC,Entire home/apt,4.60517,5.82479
2067166,LA,Entire home/apt,4.85981,4.57110
8151459,NYC,Private room,4.65396,4.36475
1343729,NYC,Private room,4.31749,4.04613
1172076,SF,Private room,3.40120,4.68135
10438835,NYC,Entire home/apt,4.38203,4.48198
8171535,NYC,Private room,5.01064,4.86170
8652973,NYC,Entire home/apt,5.24702,5.25703
12558558,Chicago,Entire home/apt,4.21951,4.71479
16994013,LA,Private room,4.38203,4.04678
14075328,Chicago,Private room,4.96981,4.71452
16086796,Chicago,Entire home/apt,5.35659,4.83162
20655740,NYC,Private room,3.68888,4.13083
14566213,NYC,Private room,4.30407,4.37328
10680489,NYC,Private room,4.38203,4.32364
7418871,NYC,Entire home/apt,5.95324,5.59864
14076360,LA,Entire home/apt,5.01064,5.08624
20412477,Boston,Private room,4.02535,4.35458
19414281,LA,Entire home/apt,6.54965,6.05438
12113783,NYC,Entire home/apt,5.82895,5.75483
20219970,DC,Private room,4.64439,4.39770
2021483,SF,Entire home/apt,4.54329,4.93630
9119021,NYC,Entire home/apt,5.61677,5.28724
18971383,NYC,Entire home/apt,4.78749,4.88385
14280295,LA,Private room,4.00733,4.19791
8817059,Boston,Entire home/apt,5.29330,5.05723
13669613,DC,Private room,4.36945,4.37507
4533140,NYC,Private room,4.48864,4.36231
7115078,NYC,Entire home/apt,5.34711,5.14721
17368518,Chicago,Entire home/apt,4.31749,4.58351
9004946,LA,Private room,4.24850,4.37600
15312710,LA,Private room,4.38203,4.37205
7693322,NYC,Private room,4.49981,4.54627
12644984,NYC,Private room,4.31749,4.37694
1102858,LA,Private room,4.85203,4.52508
20469300,LA,Entire home/apt,5.31321,5.40817
14258587,NYC,Private room,4.38203,4.23629
17335541,NYC,Entire home/apt,5.29330,5.19203
8870051,SF,Entire home/apt,4.74493,4.84479
18519006,NYC,Entire home/apt,4.90527,4.70199
15817830,NYC,Private room,4.65396,4.50042
17980372,LA,Entire home/apt,4.31749,4.46464
54634,Boston,Entire home/apt,5.19296,5.37185
130565,NYC,Entire home/apt,5.99146,5.73240
14796369,NYC,Private room,3.68888,3.86378
3116919,Chicago,Entire home/apt,4.60517,4.55016
17584714,NYC,Private room,3.91202,3.89074
18489380,SF,Entire home/apt,5.52146,5.77740
6389276,LA,Private room,4.38203,4.10176
15951941,NYC,Private room,4.43082,4.38258
16078659,NYC,Entire home/apt,4.55388,4.70000
7132466,DC,Entire home/apt,4.59512,4.63250
19191589,LA,Entire home/apt,5.66643,5.92535
16028432,NYC,Entire home/apt,4.49981,4.65938
1815204,LA,Private room,3.68888,4.54758
5469999,NYC,Entire home/apt,5.19296,5.25667
8193512,SF,Entire home/apt,6.10925,5.75938
16391338,LA,Private room,4.55388,4.70812
2070648,NYC,Private room,4.81218,4.65985
1885962,LA,Private room,3.09104,3.48961
15885237,NYC,Entire home/apt,5.94017,5.70654
7512967,NYC,Private room,4.90527,4.44917
17980140,Boston,Entire home/apt,6.68461,6.07493
2995000,LA,Private room,4.55388,4.33186
13451442,NYC,Entire home/apt,5.47227,5.42892
3468019,LA,Private room,4.00733,4.08710
18424409,NYC,Private room,4.31749,4.78461
792273,SF,Entire home/apt,5.45959,5.21752
990208,LA,Entire home/apt,6.39693,5.94106
806314,NYC,Entire home/apt,5.34711,5.11935
1151209,NYC,Private room,4.55388,4.33748
8965101,LA,Private room,4.70048,4.27107
12795851,NYC,Entire home/apt,5.16479,4.96972
13060424,SF,Private room,4.38203,4.53314
8751750,SF,Private room,4.47734,4.61384
11569560,NYC,Entire home/apt,4.58497,4.70702
18629326,LA,Entire home/apt,6.21461,6.23399
16599323,SF,Entire home/apt,5.96615,6.03513
11122531,NYC,Entire home/apt,4.49981,4.72491
51572,NYC,Private room,4.09434,4.37446
20917759,LA,Entire home/apt,4.12713,4.57870
11317731,DC,Private room,4.60517,4.62682
20535581,LA,Shared room,4.31749,3.82696
3993876,Chicago,Entire home/apt,4.31749,5.13805
4140776,LA,Entire home/apt,4.60517,4.71464
7967503,SF,Private room,4.44265,4.31472
15024836,NYC,Private room,3.91202,4.09620
15361360,NYC,Entire home/apt,5.18739,5.51068
14856656,NYC,Private room,5.29832,4.98816
13055401,NYC,Private room,5.29832,4.97302
3803622,LA,Private room,4.09434,4.14894
3368741,NYC,Entire home/apt,5.19296,5.50108
15911102,NYC,Entire home/apt,4.82831,4.59754
18872091,NYC,Private room,4.70048,4.51525
6738771,NYC,Private room,3.91202,4.43550
4359219,NYC,Private room,3.91202,4.37855
2058030,NYC,Entire home/apt,5.01064,5.46658
16496816,Chicago,Private room,2.30259,4.18191
15379941,DC,Entire home/apt,4.78749,5.18620
14219464,LA,Entire home/apt,4.86753,4.67886
13114916,NYC,Private room,4.11087,4.14227
971158,DC,Shared room,4.34381,4.65013
6177419,LA,Entire home/apt,5.63479,5.78886
6848862,DC,Entire home/apt,5.70378,5.55671
8290371,NYC,Entire home/apt,5.78383,5.76747
19734144,NYC,Private room,3.68888,3.75935
8808863,SF,Entire home/apt,5.29832,5.25708
4942523,NYC,Entire home/apt,5.29832,5.08673
12443007,NYC,Entire home/apt,5.56068,5.76760
9588992,SF,Private room,4.38203,4.43258
13727929,LA,Entire home/apt,5.18739,5.01393
11675262,LA,Private room,4.40672,4.29274
10489896,NYC,Private room,4.24850,4.25867
19391127,NYC,Entire home/apt,5.29832,5.77698
13891487,LA,Entire home/apt,5.12990,4.99902
17403713,Boston,Entire home/apt,5.16479,5.20122
17679385,NYC,Private room,4.44265,4.49320
9692074,DC,Private room,5.68017,5.02733
20046087,LA,Private room,3.73767,4.15683
9404068,NYC,Entire home/apt,5.29330,5.11860
8251763,LA,Private room,4.60517,4.43922
8718852,LA,Private room,4.78749,4.83685
15256550,LA,Private room,4.70048,4.57990
9350645,DC,Entire home/apt,4.57471,4.62995
19874726,NYC,Entire home/apt,5.45959,5.47012
16376021,DC,Entire home/apt,3.98898,4.19865
5370580,Chicago,Entire home/apt,5.34233,5.47540
16071382,LA,Entire home/apt,5.66296,5.49849
11033480,LA,Entire home/apt,4.49981,4.69462
16352082,DC,Entire home/apt,4.58497,4.53053
4022895,NYC,Entire home/apt,5.52146,5.16443
11486601,SF,Private room,4.00733,4.44297
3475506,DC,Entire home/apt,4.47734,5.32786
862804,NYC,Private room,4.09434,4.14479
2641263,NYC,Entire home/apt,4.78749,4.67452
19455284,NYC,Entire home/apt,5.98896,5.71209
11581420,NYC,Private room,4.30407,4.10726
15449521,NYC,Entire home/apt,5.85793,5.56514
3600457,LA,Entire home/apt,5.99146,5.31141
16778400,NYC,Entire home/apt,6.21461,6.02426
19435674,NYC,Entire home/apt,5.51745,5.23197
16178326,SF,Private room,4.43082,4.84857
13200190,LA,Private room,4.55388,4.39061
14689147,LA,Entire home/apt,5.52146,5.32568
295240,NYC,Shared room,3.91202,3.79782
5322865,DC,Entire home/apt,4.82831,5.47944
16284872,LA,Entire home/apt,4.55388,4.36406
3946395,LA,Entire home/apt,4.31749,5.14997
7693200,NYC,Private room,4.44265,4.58675
3060745,DC,Entire home/apt,4.69135,4.85270
18451771,LA,Private room,4.00733,4.09753
14264536,SF,Private room,4.97673,4.80164
6234417,NYC,Entire home/apt,5.99146,5.21558
6900168,LA,Entire home/apt,5.75257,4.94271
19103027,Chicago,Entire home/apt,5.00395,4.79045
2771877,NYC,Private room,4.58497,4.74707
466300,NYC,Private room,5.07517,4.01944
18215103,LA,Private room,3.55535,3.89624
12561253,DC,Entire home/apt,4.82831,5.55592
906038,LA,Private room,3.66356,4.12651
2969279,NYC,Entire home/apt,5.56452,5.33065
9109401,LA,Shared room,4.38203,3.99012
13233167,SF,Entire home/apt,5.27300,5.69573
15872817,LA,Private room,4.12713,4.01059
15360375,NYC,Entire home/apt,5.29832,5.04434
4202844,NYC,Private room,4.51086,4.77377
17730758,LA,Entire home/apt,4.55388,4.59930
3586514,NYC,Entire home/apt,4.86753,4.86083
1615473,Boston,Entire home/apt,5.29330,5.16689
189894,LA,Private room,4.24850,4.54499
15347084,LA,Private room,3.80666,4.25945
2275373,DC,Private room,4.60517,4.37760
11667455,NYC,Private room,5.07517,4.16799
14805972,Boston,Entire home/apt,4.94164,5.16627
20690593,Chicago,Private room,5.76519,5.17569
15411647,NYC,Private room,4.31749,4.03698
2716889,NYC,Private room,4.11087,4.15702
3319109,NYC,Entire home/apt,4.60517,4.55511
10681986,LA,Entire home/apt,4.82831,5.24962
150591,NYC,Entire home/apt,5.10595,4.81605
12392298,SF,Entire home/apt,5.29832,5.85300
8711300,NYC,Entire home/apt,5.29330,5.28717
20849185,Chicago,Entire home/apt,4.82831,4.79926
8703026,Boston,Entire home/apt,5.78383,6.15821
7825894,SF,Entire home/apt,4.74493,5.33625
20758132,NYC,Private room,3.80666,3.84477
21025734,LA,Entire home/apt,4.78749,4.86985
14087807,LA,Entire home/apt,4.90527,4.79634
18467722,NYC,Private room,3.95124,3.89880
10909400,NYC,Entire home/apt,4.82831,5.07168
11675721,NYC,Entire home/apt,4.80402,5.29584
15268519,NYC,Private room,3.55535,3.98756
2265723,DC,Entire home/apt,4.85981,5.04060
2406927,Chicago,Private room,4.31749,4.08996
16396507,NYC,Entire home/apt,4.96284,5.29955
20187139,DC,Entire home/apt,6.85646,5.94849
15420926,LA,Private room,3.80666,4.05430
7281066,LA,Entire home/apt,4.91998,4.59007
9364750,NYC,Entire home/apt,5.07517,5.00201
18006003,NYC,Entire home/apt,5.30330,5.03498
7923146,DC,Entire home/apt,4.49981,4.93618
11262090,NYC,Private room,4.60517,4.37883
9822110,SF,Private room,4.74493,4.39965
1698049,NYC,Private room,3.91202,3.90344
17241455,NYC,Private room,3.91202,4.04996
19596151,NYC,Private room,4.38203,4.25852
6848001,LA,Private room,4.44265,3.97468
17685710,NYC,Entire home/apt,5.16479,5.23158
10985283,LA,Private room,4.70048,4.65235
14633924,DC,Entire home/apt,4.68213,4.97895
16617240,LA,Entire home/apt,4.31749,4.42437
21165104,SF,Entire home/apt,5.97889,5.64305
6329340,NYC,Entire home/apt,5.66643,5.12694
10347570,LA,Private room,4.44265,4.40715
8935528,NYC,Entire home/apt,5.39363,5.32743
13155451,DC,Entire home/apt,4.59512,5.09283
17684354,Chicago,Private room,3.80666,4.35731
13142056,DC,Entire home/apt,5.68698,5.42222
6792417,DC,Entire home/apt,5.01064,5.49220
18423664,NYC,Entire home/apt,5.41610,4.79074
15509627,NYC,Private room,4.38203,4.28480
624248,NYC,Entire home/apt,5.08140,5.05253
600775,NYC,Private room,3.43399,3.75171
4218742,NYC,Entire home/apt,4.87520,5.39099
6402424,DC,Entire home/apt,4.82831,5.03822
3219654,LA,Shared room,3.21888,4.13832
9624177,LA,Shared room,3.43399,3.23242
5383254,NYC,Private room,6.00389,5.40839
15328237,LA,Shared room,4.60517,4.19171
633162,DC,Entire home/apt,5.29832,4.85579
2111336,LA,Private room,4.17439,4.75729
12112652,NYC,Private room,4.24850,4.00140
18613646,NYC,Entire home/apt,5.14166,4.86006
13471944,LA,Entire home/apt,4.54329,4.46014
16556684,SF,Entire home/apt,5.85793,5.11126
20927908,Boston,Entire home/apt,5.24175,5.01291
7071677,NYC,Entire home/apt,5.27300,5.48784
13208209,LA,Entire home/apt,5.06890,5.03112
6951395,LA,Private room,4.24850,4.15180
9296089,NYC,Private room,3.55535,3.92171
4622994,LA,Entire home/apt,6.10925,6.37247
10133534,NYC,Entire home/apt,4.82831,5.02289
9221158,SF,Entire home/apt,4.87520,4.89446
4746550,NYC,Private room,4.97673,4.28460
5191347,NYC,Entire home/apt,5.34711,5.17454
16381157,NYC,Private room,4.18965,4.40615
19731720,NYC,Private room,4.00733,4.15642
20801704,NYC,Entire home/apt,5.16479,4.85458
16618113,NYC,Shared room,3.21888,3.50498
16119567,LA,Private room,4.24850,4.12109
14951775,NYC,Entire home/apt,4.31749,4.57134
12683444,SF,Private room,5.01064,4.76760
21172924,NYC,Entire home/apt,4.70048,5.02086
6269649,LA,Entire home/apt,4.69135,5.06156
7716327,SF,Private room,5.22036,4.90020
21135306,SF,Entire home/apt,4.87520,5.45106
17207866,NYC,Private room,4.35671,4.24143
18235467,NYC,Entire home/apt,4.49981,4.89138
5204710,NYC,Entire home/apt,5.04343,5.29891
13601388,DC,Entire home/apt,4.58497,4.74616
2900660,Boston,Private room,4.49981,4.28037
999045,Boston,Entire home/apt,5.41610,5.04895
10340705,NYC,Entire home/apt,5.13580,4.97746
13912467,NYC,Private room,4.04305,4.25126
13049057,NYC,Shared room,3.87120,3.83318
16322041,NYC,Private room,4.36945,4.18562
15342457,LA,Entire home/apt,5.85793,5.79089
9846550,LA,Private room,3.89182,3.95168
531208,NYC,Private room,4.38203,4.53662
11099396,NYC,Private room,4.00733,4.11810
13063952,NYC,Entire home/apt,5.16479,4.95971
19622535,SF,Entire home/apt,5.24702,5.33156
18460679,LA,Entire home/apt,4.74493,4.63143
10185955,NYC,Entire home/apt,4.82831,5.03098
7773967,LA,Private room,4.24850,5.14912
4287989,NYC,Entire home/apt,4.49981,4.90741
15136260,Boston,Entire home/apt,6.21461,6.00615
9594936,LA,Private room,4.17439,4.14076
52871,NYC,Private room,4.44265,4.47699
16475309,SF,Private room,4.44265,4.92168
19544986,NYC,Private room,4.60517,4.31440
7073115,LA,Private room,2.99573,3.81286
7819426,LA,Entire home/apt,6.02828,6.20121
1618751,SF,Private room,4.77912,5.07596
15361843,NYC,Private room,4.17439,4.06898
202267,LA,Entire home/apt,6.13556,5.78367
1606014,NYC,Private room,4.24850,4.13853
20270440,NYC,Private room,3.68888,3.95825
14057189,NYC,Private room,4.00733,3.96696
6797905,LA,Entire home/apt,4.65396,4.75682
7527394,Chicago,Private room,3.68888,3.95230
12470877,NYC,Private room,4.70048,4.66273
18913534,LA,Entire home/apt,5.85793,5.76683
20392577,NYC,Private room,4.24850,4.70772
13855022,DC,Private room,4.27667,4.67473
549873,NYC,Entire home/apt,4.86753,5.18668
10565104,LA,Entire home/apt,4.52179,4.98371
5941792,LA,Private room,3.40120,4.18315
9781164,NYC,Private room,3.91202,3.89743
16995970,Boston,Entire home/apt,4.85981,5.33416
17813257,NYC,Private room,3.97029,4.19679
3860899,NYC,Entire home/apt,5.56068,5.36132
1883590,LA,Entire home/apt,5.09987,5.07794
4227207,LA,Private room,3.87120,4.15382
17812919,NYC,Entire home/apt,5.07517,5.08542
14843072,NYC,Private room,4.55388,4.28345
18094418,Chicago,Entire home/apt,4.38203,4.45766
6692935,Boston,Entire home/apt,5.75890,5.37684
5094593,DC,Entire home/apt,6.62007,5.55372
660620,NYC,Entire home/apt,7.40853,6.18037
19826939,LA,Entire home/apt,5.48064,5.28749
18265056,DC,Entire home/apt,6.39693,6.56619
14686133,NYC,Entire home/apt,5.50126,5.22983
9393314,NYC,Entire home/apt,4.77912,5.16584
12362902,DC,Entire home/apt,5.51745,5.04863
16052682,Boston,Private room,5.07517,4.46116
11360960,LA,Entire home/apt,4.00733,4.53619
9237806,NYC,Entire home/apt,4.72739,4.89383
11145641,NYC,Entire home/apt,4.90527,5.10549
1171311,NYC,Private room,4.49981,4.38886
18387338,LA,Entire home/apt,4.82831,4.69904
15302766,NYC,Entire home/apt,5.18739,4.96465
9795487,NYC,Entire home/apt,6.20456,6.06793
15735601,NYC,Private room,4.09434,4.14936
11964219,LA,Entire home/apt,4.97673,4.94608
17814209,SF,Entire home/apt,5.41610,5.48835
7931074,NYC,Private room,5.29330,5.05418
7664062,Chicago,Entire home/apt,5.10595,5.17751
5632551,NYC,Entire home/apt,5.33754,5.43777
9096802,LA,Entire home/apt,5.24702,5.56237
20573613,NYC,Entire home/apt,5.41610,5.36988
6939926,NYC,Private room,4.44265,4.29637
16937801,LA,Entire home/apt,5.51745,5.28241
12231894,DC,Entire home/apt,4.82831,4.85628
15761069,NYC,Private room,3.58352,3.78798
15554154,Chicago,Private room,4.60517,4.44844
12254831,NYC,Private room,4.55388,4.44683
2748298,NYC,Private room,4.35671,4.51004
4617454,LA,Entire home/apt,5.50126,5.54605
3687172,DC,Private room,5.29832,4.57206
20268134,NYC,Entire home/apt,4.82831,4.96729
18157539,Chicago,Entire home/apt,4.60517,5.04346
1178389,NYC,Private room,4.44265,4.62242
16383990,LA,Entire home/apt,6.77651,6.64653
7148121,LA,Entire home/apt,4.98361,4.92891
16038649,LA,Private room,4.44265,4.47838
1126533,Boston,Private room,4.31749,4.08818
16363642,NYC,Entire home/apt,4.85981,5.32116
10148039,NYC,Private room,4.36945,4.67937
18253768,NYC,Private room,4.55388,4.33823
18234572,NYC,Private room,5.01064,4.79943
15409504,Chicago,Entire home/apt,5.56068,5.70056
16823040,SF,Private room,4.70048,4.38072
3563655,NYC,Private room,4.24850,3.92433
15256000,Boston,Entire home/apt,5.06890,5.21166
21113465,NYC,Entire home/apt,4.09434,4.48010
2547688,LA,Entire home/apt,4.90527,4.75818
8310831,NYC,Private room,3.91202,4.04981
707695,NYC,Entire home/apt,5.95324,6.43542
17029456,Chicago,Private room,4.27667,4.25159
17548575,LA,Entire home/apt,5.49717,5.24426
528860,SF,Entire home/apt,4.59512,5.25191
8926537,LA,Entire home/apt,5.01064,4.68360
9551370,LA,Entire home/apt,4.68213,4.56832
11701466,NYC,Private room,4.31749,4.11199
11071466,SF,Private room,4.06044,4.65658
1609672,NYC,Private room,4.60517,4.85895
8181598,LA,Entire home/apt,7.09008,6.13357
19122738,DC,Entire home/apt,4.55388,4.68758
13864653,LA,Private room,4.49981,4.62730
14634162,SF,Private room,4.94164,4.89401
11549355,Chicago,Private room,4.60517,4.41696
20697881,LA,Private room,4.06044,4.22537
20086190,LA,Entire home/apt,4.85981,5.00066
9023447,LA,Private room,4.41884,4.36104
12223159,LA,Entire home/apt,4.31749,4.48031
6888226,NYC,Private room,4.17439,4.20723
20553865,Chicago,Private room,3.89182,3.90317
569952,Chicago,Private room,4.00733,4.04781
17696436,NYC,Private room,3.91202,3.95477
17944140,LA,Private room,4.78749,4.27790
11622471,NYC,Private room,4.45435,4.45844
1240876,LA,Entire home/apt,4.21951,4.35551
15125835,LA,Private room,4.82831,4.27342
6317058,NYC,Entire home/apt,4.61512,4.51703
6383224,DC,Entire home/apt,4.44265,4.87157
18197903,NYC,Entire home/apt,4.65396,4.70227
13917539,NYC,Private room,4.38203,4.69695
9525849,Chicago,Entire home/apt,4.49981,4.19217
13917332,Boston,Entire home/apt,5.00395,5.31455
8909186,DC,Private room,4.60517,4.59449
14390871,Chicago,Private room,3.89182,4.36747
9328077,NYC,Private room,4.66344,4.66221
4742842,LA,Entire home/apt,5.01064,5.19134
19362937,LA,Private room,3.82864,4.09149
16617972,LA,Entire home/apt,4.82831,5.31973
18441482,LA,Private room,4.49981,4.02461
2560930,LA,Entire home/apt,4.69135,4.72366
1063020,NYC,Private room,4.38203,4.67284
17419342,DC,Entire home/apt,5.92693,5.01566
17946044,LA,Entire home/apt,4.85981,4.79601
17662555,LA,Entire home/apt,5.14749,5.03493
3876473,NYC,Private room,3.76120,3.94050
19914678,DC,Private room,4.36945,4.20716
4206043,NYC,Private room,3.80666,4.14530
14670958,LA,Private room,3.80666,4.02636
14637846,DC,Entire home/apt,4.60517,4.78364
2974957,Boston,Entire home/apt,4.85981,5.30066
13094802,NYC,Private room,3.93183,4.24476
14515892,LA,Private room,4.55388,4.12584
5412567,NYC,Entire home/apt,5.16479,5.15070
15149296,Chicago,Private room,5.73657,4.60947
8595006,NYC,Private room,3.91202,4.08084
17013944,SF,Private room,4.49981,4.61765
483505,NYC,Private room,4.60517,4.14635
9460657,LA,Private room,3.89182,3.82024
19296503,NYC,Private room,4.36945,4.34356
13960295,LA,Private room,4.74493,4.40672
14773919,NYC,Entire home/apt,4.82831,4.87763
17510213,Chicago,Entire home/apt,5.29832,4.89967
6026840,NYC,Entire home/apt,5.73334,5.68078
14110440,Chicago,Shared room,3.89182,3.24427
285447,NYC,Entire home/apt,5.01064,5.55406
16687199,LA,Entire home/apt,5.43808,5.39002
18315408,LA,Entire home/apt,4.74493,4.61767
17698467,NYC,Entire home/apt,5.61677,5.26432
20436494,LA,Private room,4.49981,4.55983
8134231,LA,Entire home/apt,6.39693,5.94882
8339,NYC,Entire home/apt,4.48864,5.02446
13208614,DC,Entire home/apt,7.31322,5.88496
14125320,NYC,Private room,4.00733,4.23785
765485,LA,Entire home/apt,5.52146,5.25125
11436252,NYC,Private room,4.82831,4.37255
20671934,LA,Entire home/apt,5.65249,5.30771
18395036,Chicago,Entire home/apt,5.01064,4.91990
9734232,LA,Entire home/apt,5.70378,6.13237
14536003,LA,Entire home/apt,4.35671,4.49302
10858401,NYC,Private room,4.00733,4.18832
5826159,NYC,Entire home/apt,6.54965,6.22172
19786465,Chicago,Entire home/apt,5.22036,4.84419
15675412,NYC,Private room,4.31749,4.22133
9691956,NYC,Private room,4.49981,4.48366
8021,NYC,Entire home/apt,4.70048,4.64587
764088,NYC,Private room,3.58352,3.86054
2012414,NYC,Entire home/apt,5.52146,5.66893
4601325,NYC,Private room,3.85015,3.92723
14315887,SF,Entire home/apt,4.55388,4.87804
8929400,NYC,Entire home/apt,5.01064,5.26539
5487204,NYC,Entire home/apt,5.99146,5.75471
14717376,NYC,Entire home/apt,4.38203,4.61141
15411577,SF,Entire home/apt,5.07517,4.93295
6262273,LA,Entire home/apt,6.10925,5.82235
19263809,NYC,Private room,5.07517,4.26659
12788962,SF,Entire home/apt,5.41165,5.46541
10069486,NYC,Private room,5.85793,4.96311
17045190,LA,Entire home/apt,5.52146,5.39568
4033998,NYC,Entire home/apt,5.70378,5.58475
9361963,LA,Entire home/apt,6.47697,6.82007
3624418,NYC,Private room,4.86753,4.59789
15508561,LA,Entire home/apt,4.43082,4.43860
9110077,LA,Entire home/apt,5.29832,5.30506
19676301,LA,Private room,3.80666,4.21295
13150529,DC,Private room,5.01064,4.42279
10861015,LA,Entire home/apt,4.77912,4.61768
67397,LA,Entire home/apt,5.24175,5.19389
19316565,NYC,Entire home/apt,6.54965,5.53900
15747420,NYC,Entire home/apt,5.85793,6.02990
16758650,LA,Entire home/apt,5.29330,5.24681
2611211,LA,Entire home/apt,5.16479,4.79287
8555593,LA,Private room,4.60517,4.56863
16362876,NYC,Entire home/apt,4.30407,5.14001
2467325,SF,Private room,4.82831,4.72936
16992781,Boston,Private room,5.05625,4.82164
11238613,DC,Entire home/apt,6.39693,4.71294
16687158,LA,Entire home/apt,4.44265,4.60819
1862436,SF,Private room,5.31321,4.92268
36133,LA,Private room,4.09434,4.11728
19422870,NYC,Private room,3.68888,3.81462
15014312,NYC,Private room,3.91202,4.29616
4494881,Boston,Entire home/apt,5.12990,5.01980
12579,DC,Private room,4.49981,4.72496
16685911,LA,Entire home/apt,5.51745,5.40645
9492069,LA,Entire home/apt,4.45435,5.49190
12628282,NYC,Private room,3.68888,4.13704
17556603,NYC,Private room,4.44265,4.41351
11761147,NYC,Entire home/apt,5.01064,5.08480
15449261,LA,Entire home/apt,4.59512,4.75544
18297233,DC,Entire home/apt,4.23411,4.77802
13830315,NYC,Private room,4.60517,4.32929
16636214,NYC,Entire home/apt,5.01064,4.87274
10067924,NYC,Private room,4.60517,4.17759
9978426,NYC,Private room,4.21951,4.75212
3302909,LA,Entire home/apt,5.85793,6.03793
16242912,NYC,Entire home/apt,5.11199,5.06260
16944805,NYC,Private room,4.65396,4.69402
13883249,SF,Private room,4.55388,4.80569
11969085,Boston,Private room,3.66356,3.75671
19375739,NYC,Entire home/apt,4.59512,4.70200
9727332,NYC,Private room,4.00733,4.04426
18422285,NYC,Private room,4.38203,3.88257
13417863,NYC,Entire home/apt,5.97889,5.52926
16346909,DC,Private room,4.44265,4.22160
12409419,NYC,Entire home/apt,5.99146,5.67482
18230936,DC,Entire home/apt,6.88244,5.98883
14388173,DC,Private room,4.31749,4.39395
17433040,NYC,Private room,3.91202,4.03639
16497914,LA,Entire home/apt,5.29832,5.17654
1316480,NYC,Private room,4.59512,4.31764
1907229,NYC,Private room,4.00733,4.03708
5561713,LA,Entire home/apt,5.65249,5.86058
786492,LA,Entire home/apt,4.59512,4.50593
1253480,NYC,Entire home/apt,5.18178,4.72537
11610642,NYC,Entire home/apt,4.82831,4.86422
1479731,NYC,Entire home/apt,6.59987,6.27474
18375391,NYC,Private room,3.80666,4.22024
5986445,SF,Private room,4.00733,4.82770
8993871,LA,Entire home/apt,4.82831,4.97380
16043217,NYC,Entire home/apt,5.52146,5.34811
15784234,SF,Private room,5.12990,5.03820
6690696,SF,Entire home/apt,5.19296,5.44839
21163562,NYC,Entire home/apt,5.06890,4.83444
9472828,LA,Entire home/apt,4.60517,4.49856
19011527,LA,Shared room,3.13549,3.46074
15512254,LA,Entire home/apt,4.60517,4.82802
3468869,LA,Entire home/apt,4.59512,4.49375
14182884,NYC,Entire home/apt,5.01064,4.81665
17747661,NYC,Entire home/apt,4.90527,5.30129
13708122,NYC,Private room,4.04305,4.04876
20570327,LA,Private room,4.31749,4.52684
10055872,NYC,Entire home/apt,4.92725,4.89531
19662549,NYC,Private room,4.38203,4.51746
1307667,DC,Private room,5.70378,4.68417
19160639,Chicago,Entire home/apt,4.77912,4.85023
16202909,NYC,Entire home/apt,5.29832,4.91468
7664692,NYC,Private room,4.55388,4.32918
7843390,LA,Entire home/apt,4.54329,4.85935
16238303,LA,Private room,4.00733,3.92254
17589723,LA,Private room,4.23411,4.27057
17536953,LA,Private room,4.00733,4.30949
5315955,NYC,Entire home/apt,4.65396,4.87865
9637557,Boston,Private room,3.89182,3.99246
14104812,NYC,Private room,4.31749,4.11272
1908767,LA,Entire home/apt,4.59512,5.26749
11695987,LA,Entire home/apt,6.20456,6.07112
6908140,NYC,Entire home/apt,4.78749,4.59957
16396314,NYC,Entire home/apt,4.48864,5.08269
2406668,Boston,Private room,4.49981,4.55390
3841113,DC,Private room,4.17439,3.83812
19828853,SF,Entire home/apt,5.29832,5.52537
9169795,NYC,Entire home/apt,5.16479,5.64487
13432434,NYC,Entire home/apt,5.29330,5.46221
13151075,NYC,Private room,4.49981,4.28606
13284485,NYC,Shared room,3.68888,4.19570
8419475,Chicago,Entire home/apt,5.66988,5.21146
5458129,NYC,Private room,4.49981,4.76199
7368671,NYC,Entire home/apt,5.52146,5.38662
16310924,NYC,Private room,4.24850,4.02198
16418296,NYC,Private room,4.33073,4.06156
20412454,NYC,Entire home/apt,4.58497,4.71778
16177747,SF,Entire home/apt,6.55108,6.29631
18108134,Boston,Entire home/apt,5.70378,5.74381
21104674,NYC,Entire home/apt,4.70048,4.78675
19701921,NYC,Entire home/apt,5.16479,5.09092
14868162,Boston,Entire home/apt,5.16479,5.50383
6422511,NYC,Private room,5.01064,4.77943
19199816,NYC,Private room,4.60517,4.47299
13901453,LA,Entire home/apt,6.21461,6.12211
10034113,LA,Private room,3.66356,3.58712
11042981,LA,Entire home/apt,5.81413,6.16658
4747624,Boston,Entire home/apt,5.16479,5.23747
1995511,NYC,Entire home/apt,5.24702,5.03063
7663099,NYC,Private room,4.12713,4.55025
19752474,NYC,Private room,3.91202,3.97995
20761244,NYC,Shared room,4.48864,3.78097
4771964,NYC,Entire home/apt,6.39693,5.85093
6866290,NYC,Private room,4.36945,4.30092
7582651,LA,Private room,4.06044,4.24585
18345482,LA,Shared room,3.36730,3.77091
7128626,Boston,Private room,4.40672,4.55176
3083523,LA,Private room,3.91202,4.04984
276370,LA,Entire home/apt,5.34711,5.31057
16323884,DC,Private room,4.17439,4.10272
20928111,NYC,Entire home/apt,4.97673,5.24168
8209117,SF,Entire home/apt,6.12030,5.84386
17554397,LA,Private room,4.36945,4.06925
2374228,NYC,Private room,4.82831,4.82285
13927587,NYC,Private room,4.40672,4.25288
8172915,DC,Entire home/apt,4.79579,5.01059
16285075,LA,Private room,4.12713,4.11341
16479459,LA,Entire home/apt,4.75359,4.52699
8367611,LA,Private room,5.01064,4.51406
17270565,SF,Entire home/apt,5.29832,5.61236
16032599,NYC,Entire home/apt,4.49981,4.67440
13533366,NYC,Private room,4.60517,4.37224
982038,Boston,Entire home/apt,4.57471,4.93367
7146478,LA,Entire home/apt,5.32301,5.13403
13721612,NYC,Private room,3.68888,4.67250
16646072,LA,Private room,4.48864,4.27269
15706741,NYC,Private room,4.31749,4.12770
20803938,DC,Private room,4.17439,4.83080
10984999,DC,Entire home/apt,4.69135,5.17700
23545,NYC,Private room,4.17439,4.39149
16039794,DC,Entire home/apt,4.74493,4.67856
4964365,NYC,Private room,4.44265,4.75002
16284298,Boston,Entire home/apt,5.19296,5.06607
14613430,LA,Shared room,3.21888,3.43324
4014942,LA,Private room,3.91202,3.88658
13687532,LA,Entire home/apt,4.60517,5.25486
15925191,LA,Entire home/apt,6.92756,5.73062
20325232,LA,Private room,4.09434,4.08164
6796992,LA,Private room,4.60517,4.34026
491977,NYC,Entire home/apt,6.39693,6.06352
6422875,LA,Private room,3.85015,3.98797
18253799,NYC,Private room,4.60517,4.56941
13937854,NYC,Entire home/apt,5.07517,5.20550
13530305,LA,Entire home/apt,5.78383,5.59915
11023170,LA,Private room,4.44265,4.19558
56467,DC,Entire home/apt,4.31749,4.78810
15522020,LA,Private room,4.09434,4.48527
13556363,LA,Private room,3.66356,3.62222
16416733,DC,Entire home/apt,4.93447,4.89673
3513653,Boston,Entire home/apt,5.70378,5.48621
1973889,NYC,Entire home/apt,5.09987,5.29121
19769905,NYC,Entire home/apt,4.59512,4.99269
19969013,DC,Shared room,3.91202,4.16406
14111154,NYC,Entire home/apt,4.74493,4.89210
19698409,SF,Entire home/apt,5.16479,5.24791
11450791,NYC,Private room,4.09434,4.12982
8950419,NYC,Private room,4.70048,5.08883
9593325,LA,Private room,4.09434,4.07514
18874579,NYC,Private room,4.09434,3.94564
6225547,DC,Private room,4.00733,4.92552
9599103,NYC,Private room,4.09434,4.20682
10809183,Chicago,Private room,4.17439,4.06625
18558810,NYC,Entire home/apt,4.86753,5.11699
15289972,LA,Entire home/apt,5.29330,4.32201
16634860,LA,Private room,5.00395,4.95344
6323369,LA,Private room,4.17439,4.54005
21063022,NYC,Private room,4.24850,4.83323
14435,SF,Entire home/apt,6.39526,6.35649
4244634,LA,Entire home/apt,5.01064,4.57470
16469637,LA,Private room,3.63759,3.86281
14396344,NYC,Private room,3.93183,3.84155
19532225,LA,Entire home/apt,4.86753,5.34890
13218737,SF,Entire home/apt,5.33272,5.07252
4745012,NYC,Private room,4.44265,3.92719
17907301,DC,Entire home/apt,5.25750,4.38567
9297307,NYC,Entire home/apt,4.70048,4.46642
3758669,SF,Entire home/apt,5.70378,5.85405
19260473,Chicago,Private room,4.49981,3.85407
112359,LA,Entire home/apt,4.38203,4.69025
5784111,Boston,Entire home/apt,4.59512,4.93199
16605782,NYC,Entire home/apt,5.29832,5.20930
7257920,NYC,Private room,4.60517,4.51494
6014947,NYC,Private room,4.86753,4.92033
11242044,NYC,Private room,3.91202,4.12164
3825437,NYC,Private room,4.36945,4.45718
369940,Boston,Entire home/apt,5.82008,5.78032
11306586,NYC,Private room,4.60517,4.59691
18007852,SF,Entire home/apt,5.66643,6.40817
5309281,NYC,Entire home/apt,5.98896,5.84618
19050002,NYC,Private room,4.55388,4.27731
15420941,NYC,Private room,4.60517,4.55239
7205584,LA,Entire home/apt,4.31749,4.66927
18750416,Chicago,Entire home/apt,4.82831,4.95035
9393127,LA,Private room,4.23411,4.10025
12765391,NYC,Entire home/apt,5.70044,5.12414
16633717,LA,Private room,4.31749,4.31890
15190019,Boston,Entire home/apt,4.60517,5.06069
14143113,Chicago,Private room,4.48864,4.28151
3112427,LA,Private room,4.07754,3.89415
1077105,NYC,Entire home/apt,4.38203,4.72146
1422595,Chicago,Entire home/apt,4.38203,4.77065
8993422,NYC,Entire home/apt,4.55388,4.48756
17268897,LA,Entire home/apt,4.33073,4.39342
12738473,NYC,Entire home/apt,4.80402,5.04708
14533955,NYC,Private room,4.31749,4.05765
66718,LA,Entire home/apt,5.28827,5.27794
15423731,NYC,Private room,4.60517,4.21355
6080461,LA,Entire home/apt,5.16479,4.82913
13565060,Boston,Entire home/apt,5.29832,5.33069
16667001,Boston,Entire home/apt,4.85981,4.82060
3173116,SF,Private room,4.69135,4.61352
16946246,NYC,Entire home/apt,4.68213,4.60174
13751276,NYC,Entire home/apt,4.31749,4.48187
8461879,SF,Private room,4.60517,4.62119
6527658,DC,Entire home/apt,4.31749,4.47020
11752544,NYC,Entire home/apt,4.86753,4.69971
3613461,NYC,Entire home/apt,4.49981,4.82359
586981,Chicago,Entire home/apt,4.67283,4.75653
14697748,LA,Private room,4.24850,4.26322
12124688,DC,Entire home/apt,5.29832,4.78078
14295885,LA,Entire home/apt,4.81218,4.81348
6013602,SF,Entire home/apt,7.13090,6.05920
17668004,LA,Private room,4.60517,4.54494
3351169,LA,Private room,4.97673,4.32766
8815099,SF,Entire home/apt,6.38856,6.28494
748598,LA,Entire home/apt,5.99146,5.58262
19226097,NYC,Entire home/apt,5.61677,5.14678
19830557,NYC,Private room,3.97029,4.04839
9093866,LA,Entire home/apt,5.29330,5.28445
4754844,SF,Entire home/apt,5.41610,5.25066
816459,DC,Entire home/apt,5.01064,4.78630
7958316,NYC,Entire home/apt,4.49981,4.40868
13685867,DC,Shared room,4.60517,4.29118
9920493,NYC,Private room,3.52636,4.35940
15788312,Chicago,Entire home/apt,4.48864,4.52911
7036112,DC,Entire home/apt,4.74493,4.70276
267535,NYC,Private room,4.09434,4.38227
3768496,LA,Entire home/apt,5.09375,5.14027
2798599,NYC,Private room,4.24850,4.23798
2935269,LA,Private room,4.09434,4.13461
3914363,LA,Private room,3.49651,3.78215
19819750,NYC,Entire home/apt,6.47697,5.94292
20235608,NYC,Entire home/apt,5.68698,5.01407
16945718,NYC,Private room,4.65396,4.37959
20527057,SF,Entire home/apt,5.01064,5.03649
18312678,NYC,Private room,4.41884,4.39109
13377111,NYC,Private room,4.38203,4.19626
8049964,NYC,Entire home/apt,5.39363,5.20967
3105998,Boston,Entire home/apt,4.60517,4.73427
3751869,LA,Private room,3.80666,3.91045
5123709,NYC,Private room,3.29584,4.04667
17209163,NYC,Entire home/apt,4.86753,4.90123
20843577,NYC,Private room,3.40120,3.84645
11438708,LA,Entire home/apt,4.17439,4.52787
14899813,LA,Private room,4.17439,4.24864
12901746,SF,Private room,3.91202,4.33668
5537683,SF,Entire home/apt,5.10595,5.61105
19952672,NYC,Private room,4.00733,4.22437
13325983,LA,Private room,4.31749,4.45005
11044660,LA,Private room,4.17439,4.12954
8569066,LA,Entire home/apt,5.29330,5.23016
7388741,NYC,Private room,4.00733,4.02180
17904869,NYC,Entire home/apt,5.39363,4.94938
18744844,NYC,Private room,4.24850,4.76649
17619874,LA,Entire home/apt,6.85646,5.28256
15205863,Boston,Entire home/apt,5.12990,5.41401
13810296,LA,Entire home/apt,4.59512,4.52090
9750308,NYC,Private room,4.29046,4.08741
13417020,NYC,Entire home/apt,5.13580,5.48148
8756017,NYC,Shared room,3.68888,3.77392
16632346,NYC,Private room,4.82831,4.47823
2014701,LA,Entire home/apt,7.35883,7.08672
1776946,NYC,Entire home/apt,4.70048,4.63997
5352840,NYC,Entire home/apt,4.60517,4.62182
13565502,NYC,Private room,3.68888,4.36145
13343219,NYC,Private room,3.78419,4.28733
3874702,NYC,Private room,4.24850,4.27082
16241096,NYC,Private room,4.60517,4.19384
11414577,NYC,Entire home/apt,5.10595,5.22424
20163793,SF,Entire home/apt,5.16479,5.18709
11603441,LA,Entire home/apt,5.06890,5.16434
19962915,LA,Private room,4.31749,4.53502
72444,NYC,Entire home/apt,4.55388,4.65815
644575,NYC,Private room,4.38203,4.17854
14133414,Boston,Entire home/apt,5.27300,5.29467
14153573,LA,Entire home/apt,5.47646,5.25809
15177458,LA,Private room,4.38203,4.60144
13563712,LA,Entire home/apt,5.41610,5.45856
7264511,NYC,Entire home/apt,5.85507,5.16653
732624,LA,Private room,4.17439,4.10345
16053848,NYC,Entire home/apt,5.61677,5.25407
12571474,DC,Private room,4.60517,4.60403
1339829,NYC,Private room,4.41884,4.19988
15987243,NYC,Entire home/apt,4.60517,4.52778
17994716,SF,Entire home/apt,6.80239,6.42721
15086862,LA,Shared room,3.17805,3.13847
9990026,DC,Entire home/apt,4.73620,4.96699
18807980,NYC,Private room,3.91202,3.94509
16202302,NYC,Entire home/apt,4.82831,4.86766
17014274,NYC,Entire home/apt,5.57973,5.84977
15207802,SF,Entire home/apt,5.61677,5.29064
9136338,LA,Private room,3.21888,3.99442
17044839,NYC,Entire home/apt,3.98898,4.46345
18493375,NYC,Entire home/apt,5.34711,5.46093
20363900,NYC,Private room,4.78749,4.73690
1261074,NYC,Entire home/apt,5.70044,5.43176
861658,LA,Private room,3.33220,3.90492
9889717,NYC,Private room,3.91202,3.98873
15919797,LA,Private room,4.48864,4.24168
16314041,Boston,Shared room,4.36945,4.45163
919990,DC,Private room,4.59512,4.42523
9428134,LA,Private room,4.55388,4.40594
15026970,NYC,Private room,4.38203,4.26403
13303942,Chicago,Private room,4.00733,4.17089
16633201,NYC,Entire home/apt,4.44265,4.57190
7280599,NYC,Private room,4.29046,4.22695
7021346,Chicago,Private room,4.09434,4.10612
9252303,NYC,Private room,5.19296,4.85933
13326584,LA,Private room,4.09434,4.08429
14239909,NYC,Private room,4.38203,4.51685
15547371,LA,Entire home/apt,4.82831,4.84415
16929969,DC,Entire home/apt,4.74493,5.12157
15714878,DC,Entire home/apt,6.04737,6.02489
14385698,NYC,Entire home/apt,4.49981,4.88768
4032756,NYC,Entire home/apt,4.60517,4.63954
1721354,LA,Entire home/apt,5.24702,5.04404
9515733,LA,Entire home/apt,4.29046,4.55637
15423962,LA,Private room,4.23411,4.09496
14186070,LA,Entire home/apt,4.60517,4.51859
18173618,DC,Entire home/apt,5.01064,5.23471
19141653,LA,Private room,4.09434,4.38285
17286082,DC,Entire home/apt,4.70953,4.78066
16425551,LA,Private room,4.31749,4.34475
16166720,LA,Private room,3.55535,3.92891
13125357,NYC,Private room,4.34381,4.59702
9902985,Boston,Entire home/apt,5.16479,5.37153
17649505,NYC,Private room,4.09434,4.11729
5811720,NYC,Entire home/apt,4.55388,4.93227
4462489,Chicago,Private room,4.09434,4.30742
6791838,SF,Private room,5.01064,4.71547
2012104,Boston,Entire home/apt,5.01064,5.17525
8671035,NYC,Private room,3.89182,4.22933
5038958,NYC,Private room,4.70048,4.37933
6880184,DC,Entire home/apt,5.19296,4.90000
10167436,LA,Private room,4.60517,4.73042
5691347,NYC,Entire home/apt,6.07074,5.67542
13192217,NYC,Entire home/apt,4.48864,4.63259
9755384,NYC,Entire home/apt,4.48864,4.35560
15705881,NYC,Entire home/apt,5.01064,5.21567
4772544,NYC,Entire home/apt,4.78749,5.07821
6869042,NYC,Entire home/apt,5.29832,5.11354
8132752,NYC,Private room,3.91202,3.92336
10864947,Chicago,Entire home/apt,4.59512,4.66967
17241089,DC,Private room,3.55535,3.76607
395613,NYC,Private room,4.60517,4.80591
13680118,NYC,Entire home/apt,5.29832,5.41538
4063357,SF,Entire home/apt,4.26268,5.42476
11825140,DC,Private room,4.07754,4.57067
820801,NYC,Private room,4.09434,3.93092
16273903,NYC,Entire home/apt,6.47697,6.03212
19799525,NYC,Entire home/apt,5.01064,5.51884
14703733,NYC,Entire home/apt,5.29330,5.07428
8701335,NYC,Private room,4.60517,4.87961
15603970,LA,Entire home/apt,4.38203,4.24722
4737830,NYC,Entire home/apt,5.01064,5.05917
17387259,NYC,Private room,4.09434,4.14642
14254583,LA,Entire home/apt,5.61677,5.70472
17750778,NYC,Entire home/apt,5.01064,5.12050
14176519,NYC,Entire home/apt,5.29330,5.22942
8664721,NYC,Private room,6.10925,4.16887
9061811,NYC,Private room,3.80666,4.31402
18346926,Chicago,Private room,3.89182,3.84166
16741491,NYC,Shared room,4.09434,3.84323
5014688,NYC,Shared room,4.85981,4.25988
14633272,SF,Entire home/apt,5.99146,5.66428
13109413,NYC,Private room,4.48864,4.38798
14332782,SF,Entire home/apt,4.94876,5.07797
15885264,NYC,Entire home/apt,5.39363,5.23216
9808151,LA,Entire home/apt,4.60517,4.70527
17189319,LA,Entire home/apt,5.01064,5.02291
3826908,NYC,Private room,5.01064,4.03609
3302759,LA,Entire home/apt,4.77912,4.84828
17044362,NYC,Private room,5.13580,5.10162
16089377,NYC,Entire home/apt,5.07517,5.30529
21090626,NYC,Private room,4.59512,4.34050
6249100,LA,Private room,4.60517,5.07864
16402570,LA,Entire home/apt,5.52146,5.60218
5233501,NYC,Entire home/apt,4.44265,4.81785
1693028,LA,Shared room,4.60517,4.12711
6993502,LA,Entire home/apt,4.72739,4.68790
2577336,Boston,Entire home/apt,5.98896,5.54582
14014799,LA,Private room,4.60517,5.12656
17734993,DC,Entire home/apt,5.58725,6.11303
17558031,SF,Private room,4.33073,4.41649
17685215,NYC,Private room,3.58352,3.76678
13717610,NYC,Private room,4.00733,4.08469
15099004,LA,Private room,4.48864,4.07275
17718746,LA,Entire home/apt,5.85507,5.46128
12713937,NYC,Private room,5.01064,4.18661
4650391,Chicago,Private room,3.73767,3.86254
15408519,Chicago,Entire home/apt,4.38203,4.36514
20620647,LA,Entire home/apt,4.07754,4.21257
1148625,NYC,Private room,5.01064,4.08903
4658261,NYC,Entire home/apt,4.78749,5.11710
3281581,LA,Private room,4.11087,4.25127
15115837,Boston,Private room,4.20469,4.41505
20940182,LA,Entire home/apt,4.17439,4.89213
371835,NYC,Entire home/apt,5.70378,5.76361
19906343,DC,Entire home/apt,5.51745,5.87743
690553,NYC,Entire home/apt,5.01064,4.82129
9047843,NYC,Entire home/apt,4.78749,5.07878
17432051,NYC,Entire home/apt,4.74493,4.55502
7418142,LA,Private room,4.00733,4.27379
8956655,NYC,Entire home/apt,5.52146,5.12297
7385961,SF,Entire home/apt,5.33272,5.62375
4154042,LA,Private room,3.91202,4.04220
4867256,NYC,Entire home/apt,4.59512,4.61202
16946007,LA,Shared room,3.21888,3.36740
14092808,LA,Private room,3.73767,4.08033
18474966,LA,Entire home/apt,5.54908,5.54572
7293583,NYC,Entire home/apt,5.29832,5.59236
9528733,LA,Private room,4.09434,4.60631
16320440,NYC,Private room,3.33220,4.04475
20785792,LA,Entire home/apt,5.39363,5.13329
18255194,NYC,Private room,3.68888,3.76601
13048874,NYC,Entire home/apt,5.99146,5.46671
3435214,LA,Private room,3.43399,3.72676
19638171,NYC,Private room,4.36945,4.32626
7717598,SF,Private room,4.60517,4.98072
8627286,NYC,Entire home/apt,4.70048,4.83043
7973730,NYC,Entire home/apt,4.60517,4.57562
8534267,NYC,Entire home/apt,4.82831,5.05601
17694873,NYC,Private room,4.09434,4.70012
7647651,NYC,Private room,4.09434,4.03491
18025342,Boston,Private room,4.14313,4.24917
18197623,NYC,Private room,4.78749,4.54528
11163298,NYC,Private room,5.01064,4.31808
13994649,NYC,Private room,4.60517,4.41249
14284660,LA,Entire home/apt,5.13580,5.17317
20652531,NYC,Entire home/apt,5.29330,5.10260
15379537,LA,Entire home/apt,6.10925,5.98162
11547352,NYC,Private room,4.31749,4.51214
15109337,NYC,Entire home/apt,5.41610,5.37091
10877828,NYC,Shared room,3.95124,3.69899
5347873,NYC,Entire home/apt,5.41610,4.98172
14842237,DC,Entire home/apt,4.24850,4.77654
17924239,LA,Entire home/apt,5.85793,5.57446
6823017,NYC,Entire home/apt,5.01064,5.29136
13548290,NYC,Entire home/apt,4.94164,4.76357
14247423,LA,Entire home/apt,5.29832,5.23206
9079629,LA,Entire home/apt,5.22036,5.18969
9493434,DC,Private room,4.09434,4.45751
21175023,Chicago,Entire home/apt,4.47734,4.84655
9861124,LA,Entire home/apt,4.85203,4.77130
9550171,LA,Entire home/apt,6.23441,5.99102
13959556,LA,Entire home/apt,4.31749,4.80660
13221242,Boston,Entire home/apt,5.41610,5.31185
253842,LA,Entire home/apt,5.52146,5.16915
8145441,NYC,Private room,3.40120,4.04656
10753840,Boston,Entire home/apt,5.97889,5.25637
1365335,DC,Private room,4.17439,4.35668
2586359,LA,Private room,3.40120,3.64256
16318864,Boston,Private room,4.20469,4.23889
1812072,SF,Private room,4.78749,4.37330
5202841,LA,Entire home/apt,5.41610,4.88915
4730379,SF,Entire home/apt,5.94017,5.86816
6390952,NYC,Private room,5.52146,5.11001
8153005,LA,Private room,4.07754,4.27765
2112118,LA,Private room,4.23411,4.06423
19237668,NYC,Entire home/apt,5.01064,5.16495
11570517,NYC,Entire home/apt,5.29832,5.08398
19964343,NYC,Private room,3.55535,4.05264
15944,LA,Private room,4.59512,3.98295
15876178,NYC,Entire home/apt,4.94164,5.50686
15499579,LA,Private room,4.36945,4.04812
12469556,NYC,Entire home/apt,4.38203,4.50002
12382773,NYC,Entire home/apt,5.52146,5.61257
11828769,NYC,Private room,4.31749,4.58908
4434797,NYC,Entire home/apt,5.85793,5.30304
11955101,LA,Private room,4.95583,4.66727
15860161,NYC,Private room,4.31749,4.11629
3499500,NYC,Private room,4.31749,4.44282
7524010,SF,Entire home/apt,5.41610,5.41605
14873181,SF,Entire home/apt,5.52146,5.49151
5127184,Chicago,Entire home/apt,5.00395,4.90959
9411914,LA,Entire home/apt,5.45959,5.07982
18792346,NYC,Private room,4.31749,4.47945
6133879,NYC,Private room,4.09434,4.13594
19576132,NYC,Entire home/apt,4.90527,5.32848
13416186,NYC,Entire home/apt,5.29832,5.00864
18158422,LA,Private room,3.85015,4.01145
6936903,NYC,Private room,3.36730,3.80854
15336038,NYC,Entire home/apt,5.07517,5.00518
7129785,LA,Entire home/apt,4.55388,4.65627
10654922,NYC,Entire home/apt,4.44265,5.13013
5619096,LA,Entire home/apt,4.79579,4.95740
10387373,NYC,Entire home/apt,5.29330,4.62167
17908626,SF,Entire home/apt,6.37673,6.47142
14976368,LA,Entire home/apt,5.29330,5.59178
18795229,LA,Private room,3.89182,3.92610
310220,Chicago,Private room,3.91202,3.96250
14946781,NYC,Entire home/apt,5.70378,5.06514
3053021,NYC,Entire home/apt,4.56435,5.09418
9450686,Boston,Private room,4.23411,4.25349
19117185,DC,Entire home/apt,4.49981,4.62285
2636534,LA,Private room,4.82831,4.48543
14015860,LA,Private room,4.60517,4.02703
18449005,SF,Entire home/apt,6.20456,6.31148
9589722,NYC,Private room,4.24850,4.25362
12983995,NYC,Entire home/apt,5.85793,5.49738
15598202,DC,Private room,4.27667,4.62284
7367648,NYC,Entire home/apt,5.07517,5.19597
7244955,NYC,Private room,4.35671,4.40549
14903530,NYC,Shared room,4.38203,4.38642
3971526,NYC,Private room,4.15888,4.00574
7769946,SF,Private room,4.24850,4.22564
15617049,NYC,Private room,4.23411,4.23329
13799436,SF,Private room,4.60517,4.65763
5739119,LA,Entire home/apt,4.29046,4.30954
14337161,DC,Private room,4.17439,4.05199
1847153,LA,Private room,3.98898,4.53431
3858902,DC,Private room,4.84419,5.57196
7580481,LA,Entire home/apt,4.59512,4.80020
696051,LA,Private room,3.71357,3.93472
9177409,NYC,Private room,4.59512,4.18106
5500197,NYC,Entire home/apt,5.85793,5.63570
8241894,SF,Entire home/apt,5.61677,5.36759
18375380,LA,Entire home/apt,4.31749,4.69989
3993553,NYC,Private room,4.60517,4.06246
20955287,LA,Private room,4.09434,4.24325
1082423,LA,Entire home/apt,5.88610,5.07613
20710508,SF,Private room,4.74493,5.17768
1843765,LA,Private room,4.27667,4.40635
6777603,SF,Entire home/apt,5.19296,5.08468
8634024,SF,Private room,4.31749,4.41812
4554577,LA,Entire home/apt,4.86753,4.60114
614278,LA,Shared room,3.87120,3.66426
11261614,Boston,Entire home/apt,4.60517,4.94906
17224745,NYC,Entire home/apt,4.17439,4.54249
7870370,NYC,Private room,4.17439,4.20403
13044668,NYC,Entire home/apt,5.07517,5.16576
6425619,NYC,Entire home/apt,5.23644,5.03058
14497750,NYC,Entire home/apt,5.49306,5.19761
10136917,NYC,Private room,4.38203,4.35042
5914638,NYC,Entire home/apt,4.38203,4.36949
9678389,SF,Entire home/apt,5.68698,5.58081
12055098,DC,Entire home/apt,4.60517,5.51657
11983806,SF,Entire home/apt,6.01616,6.24275
10553430,SF,Private room,5.16479,5.32232
17866455,Boston,Private room,5.29832,5.30443
16025694,NYC,Entire home/apt,5.41610,5.37237
9278192,NYC,Entire home/apt,5.29832,4.82498
10807,DC,Private room,3.68888,4.17670
10272034,NYC,Private room,5.85793,4.68193
20175926,LA,Entire home/apt,5.01064,5.31276
15966634,SF,Entire home/apt,5.70378,5.49256
18023284,LA,Private room,4.60517,4.35035
11410116,NYC,Entire home/apt,5.16479,5.16515
15521706,NYC,Entire home/apt,5.63121,5.66547
18735310,SF,Private room,4.65396,4.66267
17638403,LA,Entire home/apt,4.82831,5.14225
2219294,NYC,Private room,4.17439,3.85497
7713579,SF,Entire home/apt,5.34711,5.46039
953514,NYC,Private room,3.98898,4.51027
20632803,NYC,Private room,4.82831,4.88536
17363144,LA,Entire home/apt,5.16479,5.46322
18812810,LA,Entire home/apt,4.49981,4.66348
13451306,LA,Entire home/apt,6.05209,5.32379
3128420,NYC,Private room,4.70048,4.50330
691023,NYC,Private room,4.55388,4.55187
18228231,DC,Entire home/apt,5.34233,5.46075
16846485,NYC,Entire home/apt,4.43082,4.47992
20010327,LA,Entire home/apt,5.28320,5.39190
8318020,NYC,Shared room,3.89182,4.24011
15342600,DC,Entire home/apt,5.01064,5.35770
2847435,DC,Private room,4.09434,4.72981
14317685,LA,Entire home/apt,4.60517,4.91079
18041792,NYC,Entire home/apt,4.82831,4.86828
16856193,Boston,Entire home/apt,5.70044,5.72167
16429830,NYC,Entire home/apt,5.16479,5.20854
18349174,NYC,Entire home/apt,4.33073,5.14116
17881120,LA,Private room,4.44265,4.26700
18324167,SF,Private room,4.97673,4.86106
18749159,LA,Private room,4.17439,4.51491
546663,LA,Private room,4.00733,3.87102
5826030,LA,Private room,4.07754,4.35357
203621,NYC,Private room,4.55388,4.35057
17150899,NYC,Entire home/apt,4.60517,4.63565
20966516,NYC,Entire home/apt,5.92693,5.53868
20649310,NYC,Private room,4.12713,4.35637
2070286,NYC,Shared room,3.40120,4.29589
504526,Chicago,Private room,4.65396,4.10649
20947308,DC,Private room,4.06044,4.08687
13563835,NYC,Private room,3.91202,3.92183
19677749,Chicago,Entire home/apt,4.39445,4.67576
15952656,LA,Shared room,3.91202,3.53241
4786139,NYC,Private room,3.97029,4.29184
14909298,LA,Private room,5.29832,4.70850
13358706,LA,Entire home/apt,4.44265,4.97096
18010406,LA,Private room,4.09434,3.75945
8354231,LA,Entire home/apt,5.78383,5.35122
14568057,SF,Entire home/apt,5.39363,5.35169
15462245,LA,Private room,5.01064,4.15684
20103452,NYC,Private room,5.01064,4.91069
19199379,SF,Private room,4.23411,4.27436
1771677,LA,Private room,3.80666,4.04966
8625424,NYC,Private room,4.59512,4.73814
17860242,NYC,Private room,3.89182,4.05663
11888023,SF,Private room,4.91265,4.97621
5792144,NYC,Entire home/apt,5.51745,5.45634
12827964,NYC,Private room,2.30259,3.86427
18486723,Boston,Entire home/apt,4.78749,5.31786
21052765,LA,Entire home/apt,4.38203,4.65375
13941998,LA,Private room,3.89182,3.91532
13295664,LA,Entire home/apt,6.35437,5.72490
14532852,NYC,Private room,4.49981,4.52686
16221430,NYC,Entire home/apt,5.70378,5.45393
13448357,NYC,Private room,5.01064,4.53468
15760390,NYC,Entire home/apt,4.82831,4.98430
18253277,Boston,Private room,4.44265,4.17113
20861260,LA,Private room,4.36945,4.41962
7883623,NYC,Entire home/apt,6.55108,5.99709
65615,SF,Entire home/apt,5.98141,5.41631
14916283,SF,Private room,5.78383,5.02801
6313805,NYC,Private room,5.52146,5.05392
4392242,Boston,Private room,4.44265,4.60588
15678106,LA,Private room,4.55388,4.36672
7949480,LA,Private room,4.39445,4.18286
17188522,LA,Entire home/apt,6.10925,6.30393
21035261,NYC,Entire home/apt,5.29832,5.39910
14934112,LA,Private room,4.60517,4.23870
16281046,DC,Entire home/apt,5.41610,5.17260
530247,LA,Entire home/apt,5.01064,5.15290
4768982,DC,Entire home/apt,4.60517,5.04263
7025922,NYC,Entire home/apt,5.76832,5.27250
8162355,Boston,Private room,4.59512,4.50278
7347593,NYC,Private room,4.60517,4.23561
19999160,NYC,Private room,4.09434,4.35810
968921,LA,Entire home/apt,4.95583,5.18006
531249,NYC,Entire home/apt,5.98896,6.54714
16859979,SF,Entire home/apt,4.65396,5.12105
4672208,NYC,Entire home/apt,4.78749,4.81402
3215660,NYC,Entire home/apt,4.97673,4.87727
13659284,NYC,Entire home/apt,5.70044,5.51758
21047722,LA,Private room,3.63759,4.04552
6135500,LA,Entire home/apt,4.21951,4.19021
19455651,Chicago,Private room,4.17439,4.33105
283223,NYC,Private room,4.17439,4.43152
10163454,LA,Private room,3.71357,3.93222
7579821,LA,Private room,4.54329,4.47538
5649163,LA,Entire home/apt,5.24175,5.12325
10695252,Boston,Entire home/apt,5.16479,5.08772
15860051,NYC,Entire home/apt,4.90527,5.02023
16915050,NYC,Entire home/apt,5.16479,5.20609
13788749,NYC,Entire home/apt,5.03695,5.15862
12114017,LA,Entire home/apt,4.17439,4.42525
12972086,LA,Entire home/apt,5.70378,5.61812
3715721,NYC,Entire home/apt,3.91202,5.13095
7664991,NYC,Private room,3.78419,4.08049
18371067,LA,Entire home/apt,5.99146,6.03409
13332794,DC,Entire home/apt,5.85507,5.15497
12370570,NYC,Private room,4.31749,4.25706
7362770,SF,Private room,4.74493,4.86244
4658860,NYC,Entire home/apt,4.82831,4.77477
16916510,NYC,Private room,4.44265,3.95555
7823396,LA,Entire home/apt,4.78749,5.05818
13619670,LA,Private room,3.89182,4.00745
14535713,LA,Private room,4.70048,4.95846
6091388,LA,Private room,4.12713,4.07032
16960716,NYC,Entire home/apt,4.78749,5.02308
15074616,NYC,Shared room,4.78749,4.67737
17346085,DC,Entire home/apt,4.57471,4.83650
19222766,LA,Private room,4.31749,4.64944
9076037,NYC,Private room,3.98898,3.93756
16406982,NYC,Entire home/apt,4.82831,5.02682
15866509,SF,Entire home/apt,6.47697,6.26155
5195409,LA,Entire home/apt,4.82831,4.77087
9494212,NYC,Private room,4.60517,4.82242
2654743,SF,Private room,4.00733,4.80886
10447326,NYC,Private room,4.97673,4.70334
17929995,NYC,Shared room,5.85793,4.83057
5386991,SF,Entire home/apt,6.47697,6.17007
7350615,NYC,Private room,4.70048,4.30284
13393870,NYC,Private room,4.48864,4.27959
4950823,LA,Private room,5.52146,4.51601
1943175,Boston,Entire home/apt,5.99146,5.80161
4403905,NYC,Entire home/apt,5.07517,5.11958
14011742,LA,Entire home/apt,5.52146,5.40633
15866919,LA,Entire home/apt,5.70044,5.34729
6348631,Chicago,Entire home/apt,5.19296,4.76952
19695101,LA,Entire home/apt,4.55388,4.93099
11316497,LA,Private room,4.34381,4.16592
13121809,NYC,Private room,3.68888,4.31660
19720126,NYC,Shared room,5.48064,4.75934
18423958,NYC,Entire home/apt,5.52146,5.01468
9080327,Chicago,Private room,5.70378,4.57408
10610594,LA,Private room,3.49651,3.70681
18196551,LA,Entire home/apt,4.55388,4.78390
16305361,Boston,Entire home/apt,5.29832,5.34081
8034444,SF,Private room,4.44265,4.56471
20796595,NYC,Private room,4.31749,4.54964
15803635,DC,Entire home/apt,5.16479,5.35834
14980726,LA,Private room,3.63759,3.55462
17159716,Chicago,Private room,4.00733,4.01759
20662168,NYC,Private room,4.64439,5.05795
8202455,LA,Entire home/apt,4.82831,4.48829
7558236,NYC,Entire home/apt,5.04343,4.89962
14899794,LA,Entire home/apt,5.12990,5.05622
10968594,LA,Entire home/apt,6.10925,6.05514
6678594,SF,Entire home/apt,4.94164,5.15846
832762,LA,Private room,4.65396,4.67199
6870029,LA,Entire home/apt,4.93447,4.86947
2037508,DC,Entire home/apt,4.38203,4.45543
19413269,LA,Private room,4.59512,4.68554
16143844,DC,Entire home/apt,4.38203,4.97845
20982862,NYC,Private room,5.06260,4.78549
8147605,LA,Entire home/apt,5.57973,5.51012
19070970,NYC,Private room,4.82831,4.69530
12287838,NYC,Private room,4.17439,4.32119
1502700,NYC,Private room,4.00733,4.24896
11210992,NYC,Entire home/apt,4.97673,4.99862
7480795,LA,Entire home/apt,6.10479,5.95164
855135,NYC,Entire home/apt,5.16479,4.99362
20210515,LA,Private room,3.49651,4.03865
4681412,NYC,Entire home/apt,5.13580,5.25975
16276172,NYC,Private room,4.09434,4.29815
12039398,LA,Private room,4.31749,4.39547
568743,NYC,Shared room,3.76120,3.44235
12159114,NYC,Private room,4.82831,4.61456
16195246,NYC,Private room,4.58497,4.30057
17830195,NYC,Private room,4.31749,4.03654
12953201,SF,Entire home/apt,4.82831,4.78555
11633831,NYC,Entire home/apt,6.95655,6.29680
822340,LA,Entire home/apt,6.13123,5.27807
14557137,LA,Entire home/apt,5.01064,4.58539
13479161,LA,Private room,4.60517,4.65799
9310252,NYC,Private room,3.55535,3.79278
14490881,NYC,Entire home/apt,4.44265,4.86494
16503419,NYC,Private room,4.24850,4.75142
12623507,DC,Entire home/apt,4.23411,5.27734
13626507,LA,Entire home/apt,6.10925,6.06890
16085546,SF,Private room,4.59512,4.85183
2373127,LA,Private room,4.51086,4.16680
19824378,LA,Entire home/apt,4.60517,5.27552
12122605,NYC,Private room,5.29832,5.13800
6695,Boston,Entire home/apt,5.01064,5.31066
18675645,Chicago,Private room,4.06044,4.02243
16205358,LA,Private room,4.00733,4.22521
9759592,LA,Private room,3.89182,4.00075
17112455,NYC,Private room,4.07754,4.38869
18330959,NYC,Private room,5.01064,4.84429
6001713,DC,Entire home/apt,4.60517,4.66424
16518555,LA,Private room,6.89770,4.59191
16494169,LA,Entire home/apt,5.00395,5.21597
16348187,NYC,Entire home/apt,5.48064,5.37387
19785676,SF,Private room,4.65396,4.71915
18820901,Chicago,Entire home/apt,4.59512,4.62202
14506036,NYC,Entire home/apt,5.22036,5.24738
10553637,LA,Entire home/apt,4.82831,4.51714
1984545,DC,Entire home/apt,5.03044,4.76961
16914516,NYC,Entire home/apt,5.15906,4.93630
16300982,Chicago,Private room,3.91202,4.06520
5331188,LA,Entire home/apt,5.27300,5.07904
16537412,NYC,Entire home/apt,4.31749,4.32726
650082,LA,Entire home/apt,5.10595,5.29471
18075723,NYC,Entire home/apt,5.19296,5.05100
18992528,LA,Entire home/apt,5.07517,5.12604
18010859,NYC,Entire home/apt,5.29832,5.12246
6344096,NYC,Private room,3.73767,4.27227
13602195,SF,Private room,4.60517,4.87189
12536226,NYC,Entire home/apt,5.22036,4.87341
1635672,LA,Private room,4.38203,4.15241
16558681,NYC,Private room,3.71357,3.99264
1970756,LA,Entire home/apt,4.44265,4.56019
15162895,LA,Entire home/apt,4.77912,4.88021
20724,NYC,Entire home/apt,5.40268,5.31125
10812543,LA,Private room,4.46591,4.79116
11640682,LA,Private room,3.91202,3.99495
1526280,LA,Private room,5.01064,4.92777
16348273,NYC,Entire home/apt,5.03044,5.34203
10491594,DC,Entire home/apt,4.60517,5.60466
5810433,LA,Entire home/apt,4.59512,4.91595
7790483,NYC,Entire home/apt,5.00395,5.15600
8212752,NYC,Private room,4.99721,4.81452
18616637,DC,Entire home/apt,5.01064,5.12840
10733321,LA,Entire home/apt,4.20469,4.49807
15225003,LA,Entire home/apt,4.60517,4.64060
10368710,LA,Private room,4.02535,4.01993
13998223,Chicago,Entire home/apt,5.85507,4.88811
5979741,NYC,Private room,4.60517,4.43262
21137860,SF,Private room,4.48864,4.66117
16181951,NYC,Shared room,3.46574,3.62829
8270710,LA,Entire home/apt,5.85793,5.59486
13675246,NYC,Entire home/apt,5.01064,5.05760
561732,NYC,Private room,4.44265,4.19943
18579690,SF,Private room,4.60517,4.84168
1691903,LA,Entire home/apt,5.41610,5.62030
9138464,Boston,Entire home/apt,5.01064,4.95059
14713599,LA,Private room,4.31749,4.42567
14118723,NYC,Private room,3.36730,3.85928
19661554,LA,Private room,5.01064,4.26436
1039000,NYC,Entire home/apt,4.97673,5.06960
14731181,SF,Private room,4.60517,5.08545
16448634,NYC,Entire home/apt,5.06260,5.14672
2345525,NYC,Private room,3.76120,3.86910
19382201,NYC,Private room,4.60517,4.53504
16416650,NYC,Entire home/apt,5.01064,5.01665
8780339,LA,Entire home/apt,5.89990,5.62376
14518982,DC,Entire home/apt,4.60517,5.21687
8084588,LA,Entire home/apt,5.52146,5.02409
17825164,NYC,Private room,5.34711,5.22138
15974941,DC,Private room,4.38203,4.43962
15037036,LA,Private room,4.36945,4.55249
14086632,NYC,Entire home/apt,4.78749,5.13690
1830357,NYC,Entire home/apt,6.99851,6.39366
8171733,NYC,Private room,3.91202,4.15999
16663764,NYC,Entire home/apt,4.60517,4.65613
8309223,SF,Private room,4.38203,4.38846
18396365,NYC,Private room,4.82831,4.20336
20793,LA,Entire home/apt,4.73620,4.96330
19848373,LA,Private room,4.78749,4.48975
20836775,SF,Entire home/apt,5.41610,5.72914
188087,SF,Entire home/apt,5.27300,5.16345
9884357,LA,Entire home/apt,4.82831,4.80454
3452721,LA,Entire home/apt,5.01064,4.93922
17281898,LA,Entire home/apt,5.99146,5.65558
19767688,NYC,Private room,4.49981,4.75271
4822628,NYC,Entire home/apt,4.86753,4.90136
10024229,Boston,Entire home/apt,5.19296,5.31104
17254411,NYC,Entire home/apt,4.70048,4.70121
17284319,NYC,Entire home/apt,5.29832,5.32260
19466900,NYC,Entire home/apt,6.43775,5.86028
15118752,LA,Private room,4.23411,4.18287
10611799,NYC,Entire home/apt,5.01064,5.00614
2135185,Boston,Private room,4.60517,4.22595
1225319,NYC,Private room,3.91202,4.04358
13115616,LA,Entire home/apt,5.41610,5.29148
17496956,LA,Entire home/apt,4.85981,4.70318
12665113,LA,Private room,4.77912,4.61638
20652620,NYC,Private room,4.31749,4.27743
7948737,LA,Entire home/apt,4.93447,4.91919
908930,NYC,Private room,5.61677,3.99182
15285302,NYC,Private room,4.44265,4.41121
19630726,NYC,Entire home/apt,4.73620,5.06260
7970578,DC,Entire home/apt,6.39693,4.81783
11848786,NYC,Entire home/apt,6.85646,5.81500
7260152,NYC,Entire home/apt,4.59512,4.65633
3688420,LA,Entire home/apt,5.29832,5.68549
13856321,LA,Private room,4.00733,4.38539
18314920,Chicago,Entire home/apt,4.31749,4.80027
7919050,LA,Private room,4.09434,4.23855
1630098,LA,Entire home/apt,5.00395,5.05258
6762315,Boston,Entire home/apt,5.16479,4.94945
16689655,LA,Private room,4.17439,3.93811
9393184,NYC,Entire home/apt,4.49981,5.03996
679633,LA,Entire home/apt,6.73221,6.70411
18075956,NYC,Private room,4.60517,4.55245
13109131,LA,Entire home/apt,4.49981,4.47787
18210589,NYC,Entire home/apt,4.86753,5.03858
14856742,DC,Entire home/apt,4.60517,4.49679
20071018,LA,Private room,5.70378,4.38387
17933213,Chicago,Private room,4.38203,4.39543
14609199,Boston,Entire home/apt,5.56068,5.56579
20027800,NYC,Entire home/apt,4.94164,5.18567
18416677,NYC,Private room,4.09434,4.09739
9856629,NYC,Entire home/apt,5.18739,5.12913
14631690,NYC,Entire home/apt,5.24175,5.11195
9755064,NYC,Entire home/apt,4.82831,4.95150
16921655,NYC,Entire home/apt,5.13580,4.96818
435776,NYC,Private room,4.09434,4.46317
918341,NYC,Private room,4.39445,4.39523
4287386,NYC,Private room,4.59512,4.26709
6426292,NYC,Entire home/apt,6.21461,6.13137
9835350,NYC,Entire home/apt,5.41610,5.15744
15230907,LA,Shared room,3.40120,3.55769
8189688,NYC,Entire home/apt,5.61677,5.46333
174966,NYC,Entire home/apt,5.41610,5.72230
1810172,DC,Entire home/apt,4.44265,4.60997
16160621,NYC,Private room,4.78749,4.47081
4169764,LA,Entire home/apt,4.59512,4.81313
20481106,LA,Entire home/apt,4.78749,4.84349
3575859,NYC,Entire home/apt,5.02388,5.13876
6449718,NYC,Entire home/apt,5.66988,5.53294
15600085,LA,Entire home/apt,4.60517,5.57125
18096536,Chicago,Entire home/apt,5.01064,4.87063
2658946,LA,Entire home/apt,4.78749,4.90905
6531578,LA,Entire home/apt,5.29832,4.98855
594521,Boston,Entire home/apt,5.32301,5.44079
13828404,NYC,Private room,3.91202,3.97508
6902819,NYC,Private room,4.78749,4.19606
10254937,SF,Entire home/apt,5.47646,5.50133
13635848,LA,Entire home/apt,5.16479,5.20086
8015793,Chicago,Private room,5.01064,4.43026
683024,NYC,Private room,4.60517,4.04627
1827525,LA,Private room,4.31749,4.47619
16720148,NYC,Private room,4.24850,3.90787
14715325,LA,Entire home/apt,4.90527,4.92259
10658250,LA,Entire home/apt,5.29832,5.59613
1788754,Chicago,Private room,3.80666,4.11940
7258826,LA,Shared room,3.21888,3.05387
12402075,LA,Entire home/apt,4.38203,4.76848
18822775,LA,Private room,4.04305,4.26886
15790033,LA,Entire home/apt,5.89990,5.59699
2222970,NYC,Entire home/apt,3.93183,4.29777
4098302,NYC,Private room,4.24850,4.40707
12292226,LA,Entire home/apt,5.65249,5.56456
5241207,Chicago,Entire home/apt,4.78749,4.78458
4762718,NYC,Entire home/apt,4.94164,4.66831
15124661,LA,Private room,3.55535,3.73906
8869507,Chicago,Entire home/apt,5.10595,5.25360
9820684,SF,Entire home/apt,4.81218,5.40699
16313775,LA,Entire home/apt,4.82831,4.78756
752762,NYC,Entire home/apt,4.09434,4.49547
4679350,NYC,Shared room,3.29584,3.66707
18482729,NYC,Private room,4.67283,4.78341
15084332,LA,Entire home/apt,6.30079,6.38107
6656899,Boston,Entire home/apt,4.70048,4.96928
545585,LA,Private room,4.38203,4.37231
16014573,NYC,Private room,4.09434,4.38807
7019957,NYC,Private room,4.24850,3.93674
14616377,SF,Entire home/apt,5.23644,5.70600
18120635,NYC,Entire home/apt,4.55388,4.37690
6730758,NYC,Private room,3.85015,4.23351
1148279,LA,Private room,5.03044,4.17719
21070107,NYC,Private room,4.09434,4.53482
17860684,LA,Private room,4.44265,4.66961
10059353,Boston,Entire home/apt,5.70044,5.36088
16845814,NYC,Entire home/apt,6.73815,5.52070
15957707,SF,Entire home/apt,5.29330,5.19002
16797352,LA,Entire home/apt,4.59512,4.64250
18073864,NYC,Entire home/apt,5.30330,5.27505
10857454,LA,Entire home/apt,5.29832,5.55224
20943582,LA,Private room,4.31749,4.57405
17109108,LA,Entire home/apt,5.00395,5.03014
18006977,SF,Private room,4.89035,4.98421
487872,NYC,Private room,5.29832,4.39623
769175,NYC,Private room,4.59512,4.57538
6357128,NYC,Private room,3.91202,4.30758
6992342,LA,Entire home/apt,4.45435,4.41253
5237422,LA,Entire home/apt,4.24850,4.54660
20412719,NYC,Private room,4.86753,4.52962
20421016,LA,Private room,4.17439,4.12645
8351782,Chicago,Private room,3.87120,3.91351
12723523,LA,Private room,4.17439,4.38840
9115318,LA,Private room,4.44265,4.47571
14715423,NYC,Private room,4.24850,4.52171
7216355,SF,Entire home/apt,5.92693,5.82613
16260353,NYC,Entire home/apt,5.15329,4.93942
20498400,DC,Entire home/apt,5.85793,4.48038
7824640,NYC,Entire home/apt,5.10595,5.10285
8974796,NYC,Entire home/apt,4.85981,5.07733
19078903,Chicago,Entire home/apt,4.78749,4.76486
14883818,LA,Private room,4.82831,4.96290
10812755,NYC,Entire home/apt,5.17615,5.41549
9298319,LA,Private room,4.09434,4.56413
13266755,DC,Entire home/apt,5.29330,5.29724
3813292,LA,Entire home/apt,4.58497,4.72889
16964336,NYC,Private room,4.38203,4.34653
8320602,Chicago,Entire home/apt,4.93447,4.87455
3645824,NYC,Private room,4.24850,4.50789
12053638,SF,Entire home/apt,4.94164,5.37535
16797210,LA,Shared room,3.40120,3.87135
7943901,LA,Entire home/apt,4.47734,4.94701
13125371,NYC,Entire home/apt,4.59512,4.92104
4733949,NYC,Private room,4.24850,4.06268
17603736,NYC,Private room,4.24850,4.04953
5780460,NYC,Entire home/apt,5.04343,4.98818
14760208,LA,Private room,4.55388,4.62508
3771177,Chicago,Private room,4.60517,4.26244
15024328,LA,Private room,4.00733,4.14315
18521924,LA,Shared room,3.91202,3.84505
14882283,DC,Entire home/apt,4.82831,4.70631
18306436,SF,Private room,4.49981,4.09545
15205867,NYC,Entire home/apt,5.29330,5.40247
17321927,Chicago,Entire home/apt,4.59512,5.01418
18107404,NYC,Entire home/apt,5.01064,4.89548
4637146,Boston,Private room,4.59512,4.48958
16178596,Chicago,Private room,3.91202,3.73701
12382743,NYC,Entire home/apt,5.41610,5.30607
12357413,LA,Private room,4.06044,4.30459
41422,NYC,Entire home/apt,5.52146,5.21532
8888689,LA,Entire home/apt,4.31749,4.72503
2970480,DC,Entire home/apt,4.24850,4.57664
13078164,LA,Private room,4.38203,4.08546
7062828,DC,Entire home/apt,5.00395,6.23274
3200775,LA,Entire home/apt,4.74493,5.15317
7651418,LA,Entire home/apt,4.67283,4.59642
999248,Chicago,Entire home/apt,5.82895,5.48116
21057574,NYC,Entire home/apt,5.22036,5.04661
14606314,NYC,Private room,4.24850,4.76916
5048406,LA,Private room,4.31749,4.24403
5298659,LA,Entire home/apt,5.52146,5.22683
10728546,NYC,Entire home/apt,5.24702,5.71553
12951719,NYC,Private room,3.91202,4.20106
11566497,LA,Entire home/apt,5.92693,4.96865
16997074,NYC,Private room,4.24850,4.02783
17637495,NYC,Entire home/apt,4.17439,4.26464
7917925,SF,Private room,4.23411,4.53443
4539483,NYC,Entire home/apt,6.21461,5.05925
1342507,LA,Private room,4.38203,4.31884
16004955,NYC,Entire home/apt,5.01064,5.38802
4744592,NYC,Private room,4.24850,3.95460
398283,NYC,Private room,5.29832,4.02012
15984493,NYC,Entire home/apt,5.29832,4.94150
17520324,LA,Entire home/apt,5.01064,4.73670
20009993,NYC,Private room,4.31749,3.97198
3490317,NYC,Shared room,3.91202,3.96571
11871685,NYC,Private room,4.24850,4.34483
12445585,LA,Private room,4.26268,4.37875
15828400,LA,Entire home/apt,5.29832,5.20442
18060003,LA,Private room,5.61677,4.99893
17121880,LA,Shared room,4.27667,4.03639
3838416,NYC,Private room,3.73767,4.04757
8733620,LA,Private room,4.00733,4.18999
7998699,SF,Entire home/apt,5.00395,5.05142
17740480,NYC,Private room,4.07754,4.24701
1502985,NYC,Private room,4.65396,4.69216
15024427,NYC,Private room,4.74493,4.43350
14255198,LA,Entire home/apt,5.24702,5.28662
10596356,Chicago,Entire home/apt,4.82831,4.95398
8170978,NYC,Private room,5.04343,4.51722
9451334,LA,Private room,3.93183,4.30638
19528091,NYC,Entire home/apt,4.17439,4.57689
16666098,LA,Private room,4.31749,4.31975
17591012,NYC,Private room,5.29832,4.71067
20413729,LA,Entire home/apt,4.99721,5.25678
17366110,Chicago,Entire home/apt,5.16479,5.62214
19752415,Chicago,Private room,3.52636,4.01807
9878725,LA,Entire home/apt,5.00395,5.24021
15856339,LA,Entire home/apt,6.47697,5.18363
16806706,NYC,Private room,4.17439,4.58438
11458516,LA,Entire home/apt,4.09434,4.23353
9092024,LA,Entire home/apt,4.90527,5.06446
13910977,NYC,Entire home/apt,5.01064,5.15549
4370230,NYC,Private room,4.23411,4.46444
18866158,LA,Private room,4.49981,4.83241
16688786,NYC,Entire home/apt,5.63479,5.50933
3473305,LA,Entire home/apt,7.16935,6.44877
17048534,LA,Entire home/apt,4.59512,4.77454
11941101,NYC,Entire home/apt,4.78749,4.97361
4497294,NYC,Entire home/apt,5.85793,5.34526
4785136,LA,Entire home/apt,6.25190,6.93231
17420087,NYC,Entire home/apt,5.16479,5.22395
9127517,LA,Entire home/apt,4.93447,4.93151
1781786,NYC,Entire home/apt,5.73657,5.97008
18331031,NYC,Private room,3.91202,4.18048
9411467,SF,Entire home/apt,7.24423,6.38505
19056511,NYC,Entire home/apt,4.93447,5.09131
813554,NYC,Entire home/apt,6.21461,5.85361
16809012,LA,Entire home/apt,4.44265,4.81456
18370979,LA,Shared room,3.29584,3.47579
15801386,SF,Entire home/apt,5.07517,5.11146
18032873,LA,Private room,4.66344,4.49483
17461230,DC,Entire home/apt,7.31322,6.26597
9273903,Chicago,Private room,4.54329,4.02769
13412241,LA,Shared room,3.80666,4.13857
2523708,NYC,Entire home/apt,5.41610,5.25513
3939992,Boston,Entire home/apt,4.97673,5.20037
18124859,NYC,Private room,3.91202,4.04588
5805561,LA,Private room,3.43399,3.89154
29645,LA,Entire home/apt,4.31749,4.54421
15736200,NYC,Entire home/apt,5.29832,5.35241
13673951,LA,Private room,3.91202,4.07736
1036276,SF,Private room,4.31749,4.98832
15726469,LA,Entire home/apt,5.52146,4.92093
8612017,NYC,Entire home/apt,5.99146,5.68235
14078459,LA,Private room,4.44265,4.10830
8743749,NYC,Entire home/apt,5.29330,5.20808
9838523,LA,Entire home/apt,4.99721,4.69210
225224,LA,Private room,4.07754,4.01452
8421685,LA,Entire home/apt,5.07517,4.94777
9546533,LA,Entire home/apt,4.36945,4.79758
14316228,NYC,Private room,4.38203,4.12063
20440309,LA,Private room,3.76120,3.75342
16777456,SF,Private room,5.97889,5.08972
18049856,NYC,Entire home/apt,5.12990,5.32719
15648096,NYC,Private room,4.17439,3.96041
8693545,NYC,Private room,4.31749,4.34202
20326252,NYC,Private room,4.07754,4.13047
6005231,SF,Entire home/apt,5.01064,5.07644
19436446,NYC,Private room,4.38203,4.09405
10059380,NYC,Entire home/apt,5.37064,5.23294
12410639,NYC,Entire home/apt,5.18739,5.35222
4126676,LA,Private room,4.38203,4.49957
11046927,SF,Private room,4.60517,4.66724
3394508,LA,Private room,4.17439,4.12862
11952599,NYC,Private room,6.10925,4.57911
11532945,LA,Entire home/apt,5.39363,5.31086
5666253,NYC,Shared room,3.80666,3.96750
16469270,NYC,Private room,4.31749,4.24660
18880089,NYC,Entire home/apt,5.21494,5.10616
15986371,NYC,Private room,4.00733,4.03742
17218433,NYC,Private room,4.38203,4.33402
12917816,NYC,Private room,3.91202,3.95389
11718413,NYC,Entire home/apt,5.01064,4.85649
18086602,Chicago,Private room,3.68888,4.11196
16394700,NYC,Entire home/apt,4.60517,4.73844
546626,NYC,Private room,4.60517,4.26818
10999284,LA,Private room,4.59512,4.56190
8521188,LA,Private room,4.60517,4.16006
7516218,LA,Entire home/apt,5.03695,4.93616
20031697,DC,Entire home/apt,4.93447,4.75796
4879306,NYC,Entire home/apt,6.56948,6.55907
169152,NYC,Entire home/apt,5.70044,5.56303
3125185,LA,Private room,4.38203,4.15287
3884893,Chicago,Entire home/apt,4.97673,4.75535
2586794,SF,Entire home/apt,5.61677,5.25548
20815222,NYC,Entire home/apt,5.29832,5.75566
4725852,NYC,Private room,4.60517,4.21524
11782585,LA,Private room,3.40120,4.04201
8001513,SF,Private room,5.01064,5.10336
4392596,Chicago,Entire home/apt,5.70378,5.53767
14274748,NYC,Private room,4.70048,4.01758
1187188,LA,Private room,4.00733,4.06076
10708784,NYC,Private room,3.55535,4.21735
8864274,NYC,Entire home/apt,5.27300,5.35564
5413565,Chicago,Private room,4.09434,4.34458
9116972,Chicago,Private room,4.00733,4.07086
13130794,DC,Entire home/apt,5.29832,4.96533
20946727,NYC,Entire home/apt,5.52146,5.46255
1576762,LA,Entire home/apt,4.14313,4.58640
7472247,LA,Private room,5.01064,4.36760
14452500,SF,Entire home/apt,5.29832,6.04347
10392747,NYC,Entire home/apt,5.01064,4.85766
20055311,NYC,Entire home/apt,4.90527,5.30466
17575690,NYC,Shared room,6.21461,4.47594
5696455,NYC,Private room,4.60517,4.75249
9756521,NYC,Entire home/apt,5.99146,5.39382
20748805,NYC,Entire home/apt,4.93447,4.80596
13424027,SF,Private room,4.14313,4.37337
201170,SF,Entire home/apt,4.55388,4.82842
13698474,NYC,Private room,4.38203,4.22393
15326173,NYC,Entire home/apt,5.70378,5.18171
19409421,NYC,Entire home/apt,4.35671,4.52955
11513111,SF,Entire home/apt,5.41610,5.36313
2057403,LA,Private room,4.34381,4.19656
11097124,NYC,Private room,4.67283,4.63916
11121225,Chicago,Private room,4.31749,4.36041
18375261,NYC,Entire home/apt,4.94164,4.85609
7502079,LA,Entire home/apt,5.27300,5.41582
1586576,LA,Private room,4.07754,4.04998
9592983,LA,Shared room,3.33220,3.80314
11069190,SF,Entire home/apt,5.85793,5.66261
8474340,NYC,Private room,3.73767,3.97529
4143309,LA,Private room,4.09434,4.24734
794472,LA,Private room,4.09434,4.64297
4849513,LA,Private room,3.73767,4.08165
10766814,NYC,Private room,4.60517,4.18563
12816576,LA,Private room,4.65396,4.41255
9809356,NYC,Private room,5.01064,4.94793
17904418,LA,Private room,4.38203,3.93292
17051798,LA,Entire home/apt,6.38856,5.85105
15806813,NYC,Entire home/apt,5.43808,5.41235
15662917,NYC,Private room,4.65396,4.62436
8151925,LA,Private room,4.67283,4.69028
16855993,NYC,Entire home/apt,5.14166,5.09410
8741676,DC,Entire home/apt,5.24175,5.01649
17841755,NYC,Entire home/apt,4.60517,4.48350
4738709,LA,Private room,4.09434,3.73452
2967728,LA,Entire home/apt,6.30992,6.61193
17926693,NYC,Shared room,2.39790,3.71956
20465363,Boston,Private room,5.85793,5.74094
13230231,NYC,Private room,4.24850,4.10455
15988172,NYC,Entire home/apt,4.17439,4.54313
1754939,NYC,Private room,4.82831,4.88421
12483141,DC,Entire home/apt,6.47697,5.99628
16395148,LA,Entire home/apt,4.17439,4.50829
3205059,SF,Private room,5.12990,5.17947
7344289,NYC,Private room,4.00733,4.49313
16351140,NYC,Private room,4.09434,4.49824
10084216,LA,Entire home/apt,5.22036,5.04455
14066752,DC,Private room,4.18965,4.42346
1582263,NYC,Private room,4.09434,4.33533
19712101,LA,Entire home/apt,4.68213,4.83395
15731976,LA,Entire home/apt,4.60517,4.56828
10153654,Chicago,Entire home/apt,5.28827,4.89199
11638070,Chicago,Private room,3.55535,4.10954
2210493,SF,Entire home/apt,6.16331,5.95995
8389735,NYC,Private room,3.76120,3.73509
18102867,SF,Entire home/apt,5.19296,5.48070
11742689,SF,Entire home/apt,5.01064,5.21197
14828395,LA,Private room,4.97673,4.50632
18853338,LA,Entire home/apt,5.37064,5.07700
3300206,LA,Private room,3.55535,4.02862
13001509,NYC,Entire home/apt,5.75257,5.30651
15844652,NYC,Entire home/apt,5.52146,5.20660
15573146,NYC,Entire home/apt,5.16479,5.13800
14303038,LA,Entire home/apt,5.04343,5.17199
5998790,LA,Entire home/apt,5.01064,4.75677
19123306,LA,Private room,5.16479,4.40989
17370416,NYC,Entire home/apt,5.07517,4.90112
1606248,NYC,Entire home/apt,5.29832,5.45295
8636811,DC,Entire home/apt,7.31322,6.15610
8234510,LA,Entire home/apt,5.18178,5.13163
6706703,NYC,Private room,4.24850,4.46693
12954579,DC,Entire home/apt,5.52146,4.74633
16042365,LA,Entire home/apt,4.48864,4.57934
4032955,NYC,Entire home/apt,4.49981,4.87595
8222493,NYC,Private room,4.99721,4.63219
11607812,SF,Private room,4.94164,5.12628
6974249,Chicago,Entire home/apt,4.70048,4.36657
21123379,NYC,Entire home/apt,4.35671,4.62996
3637384,LA,Private room,3.49651,3.84181
14472317,NYC,Entire home/apt,5.70044,5.28717
11804245,LA,Entire home/apt,5.52146,5.17408
6390069,DC,Entire home/apt,4.59512,4.73371
12885472,NYC,Entire home/apt,5.39363,5.22228
13541175,NYC,Private room,4.09434,4.48663
13274776,NYC,Private room,3.91202,4.27102
7528301,NYC,Entire home/apt,4.90527,5.09492
2569359,SF,Private room,4.17439,4.37068
17606524,LA,Entire home/apt,4.85981,4.85052
16532013,NYC,Private room,3.91202,4.21856
20027170,Chicago,Private room,4.24850,4.12514
13399552,NYC,Private room,4.24850,4.14110
14716077,NYC,Shared room,3.17805,3.61075
14934043,LA,Entire home/apt,4.89784,4.95800
9546883,NYC,Entire home/apt,5.27300,5.07202
10996858,SF,Entire home/apt,4.55388,5.46786
19355497,NYC,Private room,3.82864,3.90959
10732591,NYC,Private room,3.73767,4.06722
4578720,NYC,Entire home/apt,5.29330,5.51706
3759368,NYC,Entire home/apt,5.00395,5.27799
20586405,NYC,Private room,5.43808,4.68296
15702606,LA,Entire home/apt,5.19296,5.04556
19265835,DC,Entire home/apt,4.23411,4.92236
14199482,NYC,Entire home/apt,5.06890,5.25369
10014783,NYC,Private room,4.02535,4.24814
1762727,DC,Entire home/apt,5.27300,4.95218
11786452,NYC,Entire home/apt,6.39526,5.97044
5382532,NYC,Entire home/apt,5.79606,5.35892
16940772,LA,Entire home/apt,4.65396,4.80282
3258696,SF,Entire home/apt,5.21494,5.12645
6050527,DC,Entire home/apt,7.24351,6.82290
4817016,NYC,Private room,4.46591,4.50783
18483354,DC,Entire home/apt,5.41610,4.99969
2569973,Boston,Entire home/apt,4.86753,5.43982
13374617,DC,Entire home/apt,4.31749,4.48910
14295043,NYC,Entire home/apt,4.70048,4.83434
17280743,LA,Private room,4.48864,4.29193
20515387,Boston,Entire home/apt,5.01064,5.13450
17264703,NYC,Private room,4.23411,4.36889
15346313,SF,Private room,4.60517,4.54412
2105618,NYC,Entire home/apt,5.04343,5.05541
16525923,LA,Private room,4.86753,4.68007
16754821,LA,Shared room,3.29584,3.46180
230877,Chicago,Entire home/apt,4.93447,4.99443
10305265,SF,Entire home/apt,5.85507,6.06996
14296598,NYC,Entire home/apt,5.18178,4.85626
9187221,LA,Private room,4.24850,4.23287
4550722,NYC,Private room,4.21951,4.17986
11386137,SF,Entire home/apt,6.80239,6.01941
1469895,DC,Entire home/apt,6.39693,5.87963
15470240,NYC,Entire home/apt,5.08760,4.78705
15914477,Boston,Entire home/apt,5.66988,5.20882
5697920,NYC,Entire home/apt,5.92693,5.82944
8498918,NYC,Entire home/apt,4.17439,4.58294
5806416,NYC,Entire home/apt,5.16479,5.15777
13207788,Boston,Private room,3.58352,3.74665
3600518,LA,Private room,4.20469,4.24753
16535211,NYC,Shared room,5.70044,4.53545
12795109,LA,Private room,3.80666,3.78865
20819948,LA,Private room,4.70048,4.15270
4365276,NYC,Entire home/apt,4.43082,4.80699
19697371,LA,Entire home/apt,5.90808,5.75457
9004969,LA,Private room,4.23411,4.02951
16163874,SF,Entire home/apt,5.70378,5.59845
6410010,LA,Entire home/apt,4.48864,4.78722
10040637,LA,Entire home/apt,4.09434,4.81690
2269742,NYC,Entire home/apt,5.07517,5.11375
15419891,NYC,Entire home/apt,4.78749,4.75372
2301709,NYC,Entire home/apt,4.49981,4.80523
17358528,NYC,Private room,4.65396,4.30165
18242203,NYC,Entire home/apt,5.07517,5.11724
21027999,DC,Entire home/apt,4.70048,5.04836
7852370,NYC,Entire home/apt,5.16479,5.19617
16870932,NYC,Entire home/apt,4.31749,4.68770
14732678,NYC,Entire home/apt,6.19441,5.87339
20207216,DC,Private room,4.24850,4.26756
7227910,LA,Entire home/apt,4.31749,5.21251
15819154,LA,Entire home/apt,5.26269,4.92300
21090630,NYC,Private room,3.91202,4.13363
14667333,LA,Private room,4.49981,4.28927
16019599,DC,Entire home/apt,4.82831,4.95455
6128347,DC,Entire home/apt,4.63473,4.61436
468573,SF,Private room,5.01064,4.86653
845362,DC,Entire home/apt,6.47697,5.63035
17683241,LA,Entire home/apt,4.86753,4.96132
5313584,LA,Entire home/apt,4.57471,4.64239
20845313,LA,Private room,4.24850,4.35506
11609655,NYC,Entire home/apt,5.70044,5.65841
1256537,SF,Private room,4.55388,4.37764
19680333,NYC,Entire home/apt,5.89440,6.09949
12007376,LA,Entire home/apt,5.24175,4.96324
11569331,NYC,Private room,5.55683,5.24257
4743840,SF,Entire home/apt,7.09008,5.90822
830949,LA,Private room,4.02535,4.18541
2163550,DC,Entire home/apt,4.55388,4.66940
14432317,LA,Entire home/apt,5.01064,4.73337
1283333,NYC,Entire home/apt,5.03695,4.70597
10152758,DC,Entire home/apt,4.38203,4.51250
12027870,SF,Private room,4.07754,4.66469
19653056,Chicago,Entire home/apt,5.08140,5.36606
13293574,Chicago,Entire home/apt,3.95124,4.19592
11236273,LA,Entire home/apt,4.77912,4.60062
16678379,NYC,Entire home/apt,4.60517,5.36446
11320334,NYC,Entire home/apt,5.68698,5.50541
16886605,LA,Shared room,3.40120,3.39729
18329545,NYC,Private room,3.76120,3.99272
17752261,LA,Entire home/apt,4.75359,4.89815
20292915,NYC,Private room,3.91202,4.02444
15125930,LA,Entire home/apt,4.86753,4.97178
18231518,SF,Entire home/apt,5.51745,5.62034
19388828,NYC,Private room,4.09434,3.86693
19863741,NYC,Entire home/apt,4.70048,4.94343
7572706,NYC,Entire home/apt,5.85793,5.99095
14388935,NYC,Entire home/apt,4.74493,4.69294
15659073,NYC,Entire home/apt,4.78749,4.70335
10628277,NYC,Private room,3.55535,4.05853
10186192,LA,Private room,4.60517,4.30152
20816265,LA,Entire home/apt,4.74493,5.16939
18840683,LA,Shared room,3.17805,3.65927
18508352,SF,Private room,5.52146,4.89084
1324435,LA,Entire home/apt,5.98896,6.13638
10058648,NYC,Private room,4.60517,4.19724
17110177,DC,Entire home/apt,4.48864,4.82585
256622,LA,Entire home/apt,5.59842,5.51531
3080233,NYC,Private room,4.09434,3.96256
311306,NYC,Private room,4.44265,4.04855
1238598,LA,Private room,4.31749,4.10908
7734670,LA,Entire home/apt,4.59512,4.75257
6725028,LA,Entire home/apt,6.21461,5.47472
17979497,NYC,Entire home/apt,5.29330,5.18115
7222504,LA,Entire home/apt,4.55388,4.36942
213086,NYC,Private room,4.59512,4.64091
15784247,LA,Entire home/apt,6.43775,6.33862
4767924,LA,Private room,4.86753,4.47357
15782924,Chicago,Private room,5.01064,4.18659
179244,LA,Private room,3.80666,4.21556
13435919,LA,Private room,3.82864,4.19321
14987516,NYC,Private room,4.38203,3.99996
20202498,NYC,Entire home/apt,5.76832,5.56901
2687394,LA,Entire home/apt,5.29832,4.77552
14039239,LA,Private room,4.48864,4.26087
8072371,NYC,Private room,4.31749,4.27184
15374106,NYC,Private room,4.47734,4.08213
4051455,Chicago,Entire home/apt,4.78749,4.57514
339386,NYC,Private room,3.80666,4.14959
16944868,LA,Entire home/apt,4.49981,4.63323
6814491,NYC,Private room,3.89182,4.50274
13855711,Boston,Entire home/apt,4.86753,4.50901
8271908,Boston,Entire home/apt,4.93447,4.75522
6090148,NYC,Private room,4.90527,4.37546
14075434,Chicago,Entire home/apt,5.19296,5.43471
9475020,Boston,Private room,4.78749,4.42660
15409749,DC,Entire home/apt,5.12990,5.07922
5557381,LA,Private room,4.38203,4.23829
479255,LA,Entire home/apt,7.17012,4.54625
12914749,NYC,Private room,4.65396,3.84211
20649520,NYC,Entire home/apt,4.82831,4.59310
9540414,Boston,Entire home/apt,5.27300,5.02911
20095208,SF,Entire home/apt,5.52146,5.06501
997404,NYC,Private room,4.36945,4.40452
9494764,LA,Entire home/apt,5.19296,5.01621
6551650,DC,Entire home/apt,5.06890,4.96254
10448095,DC,Entire home/apt,6.39693,5.86713
16378809,LA,Entire home/apt,5.99146,5.97704
5525977,NYC,Private room,3.91202,4.06496
1427518,NYC,Private room,4.36945,4.49657
15126054,NYC,Private room,4.49981,3.92765
409666,NYC,Private room,3.66356,3.99093
121861,NYC,Entire home/apt,4.86753,4.82550
1410197,Boston,Entire home/apt,5.01728,5.00126
9647450,NYC,Entire home/apt,4.31749,4.76274
478949,NYC,Private room,4.60517,4.57993
3325262,NYC,Private room,3.66356,3.93102
16475839,LA,Entire home/apt,5.01064,4.87420
14183900,Chicago,Private room,5.19296,4.10627
4379217,LA,Shared room,3.91202,3.82122
14983944,LA,Entire home/apt,4.60517,4.95637
8582762,SF,Entire home/apt,5.16479,5.44374
16829867,NYC,Private room,5.01064,4.86103
9634697,LA,Entire home/apt,5.50939,5.93702
883209,Chicago,Private room,3.21888,3.77381
7894907,LA,Private room,4.21951,4.05324
10043111,NYC,Entire home/apt,4.86753,5.01732
17524047,NYC,Private room,4.00733,4.55578
6897230,SF,Entire home/apt,5.68698,5.52655
5657221,LA,Private room,4.31749,3.85692
13222140,LA,Entire home/apt,4.43082,4.77110
12917210,LA,Entire home/apt,5.52146,5.37693
7802093,LA,Entire home/apt,5.41610,5.98838
6223959,LA,Entire home/apt,5.29330,5.78488
17879948,NYC,Private room,4.55388,4.22002
1216322,LA,Private room,4.00733,4.50411
14788862,Chicago,Entire home/apt,4.73620,4.68598
9236348,Boston,Entire home/apt,5.50126,5.13480
7435904,NYC,Entire home/apt,5.52146,5.37991
1112617,LA,Entire home/apt,5.00395,4.83284
5298624,NYC,Private room,4.38203,4.32337
175125,NYC,Entire home/apt,4.09434,4.63786
16070212,LA,Entire home/apt,5.41610,5.29782
17791674,Boston,Entire home/apt,5.70044,5.72526
17812564,NYC,Entire home/apt,4.59512,4.96037
4574972,LA,Entire home/apt,6.79682,5.75369
17014341,SF,Private room,5.01064,4.88412
15524898,NYC,Entire home/apt,4.38203,5.10205
2263248,NYC,Entire home/apt,5.19296,5.53679
5603949,Boston,Private room,3.61092,3.77752
2134400,NYC,Private room,4.38203,4.57291
9067319,LA,Private room,5.01064,4.51347
9804243,LA,Entire home/apt,5.29832,5.27253
12027205,LA,Entire home/apt,4.60517,4.80032
8166303,NYC,Entire home/apt,4.59512,4.82470
5932671,NYC,Entire home/apt,5.28827,4.79991
14261705,LA,Entire home/apt,5.16479,4.99707
7598279,SF,Private room,4.44265,4.53683
9476759,DC,Entire home/apt,6.39693,5.79435
16823590,SF,Entire home/apt,4.95583,5.20068
1750566,NYC,Entire home/apt,5.41610,4.93463
9846616,SF,Private room,4.82028,4.64650
1423038,NYC,Private room,3.91202,4.07069
11103456,SF,Entire home/apt,5.73657,5.63457
17802176,Boston,Private room,4.00733,3.93545
17388109,NYC,Private room,4.31749,4.25694
1696992,Boston,Entire home/apt,5.01064,4.70696
3877462,Boston,Entire home/apt,5.16479,5.34216
16555985,NYC,Private room,4.55388,4.65978
5762344,Boston,Private room,4.09434,3.84151
2663243,DC,Entire home/apt,5.19296,4.68905
10971937,NYC,Entire home/apt,4.82831,5.12587
4572171,NYC,Private room,4.38203,4.48525
17497415,LA,Shared room,3.49651,3.22190
20282032,LA,Entire home/apt,6.38856,5.49441
10015748,DC,Entire home/apt,4.60517,5.22884
18040212,NYC,Entire home/apt,5.16479,4.68685
17450196,NYC,Private room,3.63759,3.93788
12472883,SF,Entire home/apt,5.68698,5.56846
16130658,LA,Private room,4.07754,4.07962
15931280,LA,Private room,5.51745,4.47170
9759709,NYC,Private room,4.17439,4.23002
15206157,Chicago,Entire home/apt,4.90527,4.81335
14524022,LA,Private room,3.68888,4.77624
16243941,NYC,Entire home/apt,5.29330,5.28672
955426,NYC,Private room,3.36730,4.10628
14263451,SF,Entire home/apt,5.01064,5.47234
75422,NYC,Entire home/apt,5.18739,5.18957
9547143,SF,Entire home/apt,5.01064,5.11393
895432,NYC,Entire home/apt,4.24850,4.56623
16644129,DC,Entire home/apt,4.90527,4.81559
13300059,LA,Private room,5.45959,4.45701
2087914,NYC,Entire home/apt,4.24850,5.41700
11512743,SF,Entire home/apt,5.41610,5.55060
16987847,Chicago,Entire home/apt,4.55388,4.68524
11412169,NYC,Entire home/apt,4.44265,4.68343
8459183,DC,Entire home/apt,4.71850,4.81130
17285168,LA,Entire home/apt,4.31749,4.52866
14784377,NYC,Entire home/apt,4.81218,4.94530
9111410,SF,Entire home/apt,4.60517,5.53221
8226137,LA,Shared room,4.31749,4.05783
6379372,NYC,Private room,4.06044,4.41077
14857359,NYC,Private room,4.78749,3.97647
7762121,SF,Private room,6.10925,5.02128
5980645,NYC,Private room,4.70953,4.78908
6715492,LA,Shared room,3.55535,3.61518
8404771,NYC,Private room,3.46574,3.63308
11474006,NYC,Private room,4.21951,4.10510
16560007,NYC,Entire home/apt,5.01064,5.20262
7922002,NYC,Entire home/apt,5.19296,4.98411
15938442,Boston,Entire home/apt,4.59512,4.76233
12272602,NYC,Private room,3.91202,4.02223
1717916,LA,Private room,4.31749,4.15823
862181,NYC,Entire home/apt,5.16479,5.09505
15343995,NYC,Entire home/apt,5.29832,5.20011
20851055,NYC,Private room,4.04305,4.14243
18272185,DC,Entire home/apt,5.52146,5.16361
15783953,Boston,Entire home/apt,4.85203,5.12488
9586291,NYC,Private room,4.31749,4.18461
16586832,NYC,Private room,4.52179,4.38096
18572271,NYC,Entire home/apt,5.19296,5.14373
6390788,LA,Entire home/apt,4.49981,4.73561
8889145,SF,Entire home/apt,6.90776,6.32027
6913023,SF,Private room,4.31749,4.41567
8792682,NYC,Entire home/apt,5.24702,5.05202
651624,LA,Entire home/apt,4.78749,5.11438
16015934,DC,Entire home/apt,4.82831,4.58621
10878713,LA,Entire home/apt,5.07517,4.93384
8307479,NYC,Private room,4.34381,4.10171
20557017,LA,Private room,4.07754,4.56566
14505503,NYC,Entire home/apt,4.60517,4.56118
8505051,NYC,Entire home/apt,4.60517,4.56020
19716552,Boston,Shared room,4.82831,4.27238
220563,NYC,Private room,4.00733,4.14974
17445873,NYC,Entire home/apt,5.00395,5.00599
6249333,NYC,Entire home/apt,5.52146,5.79318
160572,LA,Entire home/apt,5.16479,4.89560
3426292,LA,Entire home/apt,5.00395,4.88660
1280331,Boston,Entire home/apt,5.06890,4.96031
2061367,LA,Entire home/apt,4.74493,4.66857
14255429,NYC,Private room,3.91202,4.16092
19763012,NYC,Entire home/apt,5.75257,5.19030
10420029,LA,Entire home/apt,5.29832,4.97669
1558897,SF,Entire home/apt,5.56068,5.60249
13378923,NYC,Private room,4.31749,4.42761
6103203,DC,Private room,4.49981,4.50609
1648950,SF,Entire home/apt,6.62007,6.49367
17877878,NYC,Private room,3.52636,4.13720
11048380,NYC,Entire home/apt,5.29832,5.18585
18162689,NYC,Private room,3.91202,4.35500
8340568,SF,Private room,6.90776,5.00347
8116523,NYC,Entire home/apt,4.68213,4.91579
8967165,NYC,Private room,4.38203,4.85272
14402702,NYC,Entire home/apt,5.01064,4.74551
4917323,SF,Private room,4.77912,4.51313
12828996,Boston,Entire home/apt,5.16479,5.10914
14357462,LA,Entire home/apt,4.90527,5.09017
11923958,LA,Entire home/apt,4.31749,4.48193
8273583,NYC,Private room,4.09434,4.26520
18790415,LA,Private room,3.91202,3.88223
2592640,LA,Entire home/apt,4.82831,4.66427
15912388,NYC,Entire home/apt,5.33272,5.33637
6688835,Boston,Entire home/apt,5.52146,5.45070
20871742,NYC,Private room,4.26268,4.17966
6574576,NYC,Private room,5.41610,4.77406
9018356,NYC,Entire home/apt,5.19296,4.88537
674940,NYC,Private room,4.55388,4.58798
13264260,LA,Private room,4.70048,4.77252
10450820,NYC,Entire home/apt,5.01064,4.84968
14219809,LA,Shared room,3.21888,3.56323
12231226,LA,Private room,3.09104,3.46495
979851,LA,Private room,5.41610,4.94377
13584318,NYC,Entire home/apt,5.29330,5.60354
12693458,NYC,Private room,4.49981,4.63122
12972129,NYC,Entire home/apt,4.60517,4.88241
16617515,NYC,Private room,3.66356,4.12901
3792294,NYC,Private room,4.38203,4.40248
12567631,DC,Private room,4.09434,4.20318
949159,DC,Private room,3.40120,4.06492
18120887,LA,Private room,4.30407,4.53316
6750883,Chicago,Private room,4.07754,4.13227
14164190,NYC,Entire home/apt,5.37064,5.57037
13081090,SF,Entire home/apt,5.70378,5.58048
8624412,NYC,Private room,4.09434,3.95819
7695187,NYC,Entire home/apt,5.70378,4.50813
578274,NYC,Private room,4.00733,4.09822
8053518,NYC,Private room,4.00733,3.99505
15867759,LA,Entire home/apt,5.06890,4.90331
4418183,LA,Entire home/apt,5.01064,4.92758
10812612,LA,Entire home/apt,4.74493,4.31917
13046767,NYC,Entire home/apt,4.98361,5.20153
936218,Boston,Entire home/apt,5.07517,5.12187
13465310,LA,Entire home/apt,6.20456,5.43559
3522984,NYC,Private room,4.55388,4.43402
6013171,NYC,Private room,3.73767,3.91986
20736892,NYC,Private room,4.38203,4.25216
17330483,LA,Private room,3.80666,4.06611
10723838,NYC,Entire home/apt,5.70378,6.12191
9504657,NYC,Private room,4.09434,3.89107
3874029,LA,Private room,4.38203,4.13064
16828011,NYC,Private room,4.07754,4.16774
17978332,LA,Entire home/apt,4.97673,5.03375
6483459,LA,Private room,3.58352,3.66270
13763236,NYC,Private room,4.44265,4.26909
9591358,NYC,Private room,4.82831,4.44591
15073278,Chicago,Entire home/apt,5.55683,5.39163
7660853,LA,Entire home/apt,4.70048,4.54710
1554433,LA,Entire home/apt,5.87212,6.37912
7937782,NYC,Private room,4.36945,4.33841
17525951,NYC,Private room,5.00395,4.77166
20408687,NYC,Entire home/apt,6.05209,6.01234
20837481,LA,Entire home/apt,4.82831,4.71354
13734276,DC,Entire home/apt,4.60517,4.75918
17459003,SF,Entire home/apt,5.52146,5.15301
16884506,LA,Entire home/apt,4.33073,4.39515
3792754,NYC,Private room,4.70048,4.16781
17571184,LA,Entire home/apt,5.00395,4.64882
11103386,NYC,Private room,3.73767,4.24798
8975190,SF,Private room,5.22036,5.08342
16530962,NYC,Private room,3.85015,4.07235
19790151,LA,Entire home/apt,4.31749,4.48758
10337916,NYC,Entire home/apt,4.94164,4.79159
18212572,NYC,Private room,4.07754,4.10327
14945975,NYC,Private room,4.23411,4.26905
11085577,DC,Entire home/apt,7.31322,6.28395
2847048,NYC,Entire home/apt,3.80666,4.50320
15940395,NYC,Entire home/apt,5.52146,5.33489
4447611,LA,Entire home/apt,4.54329,4.37899
8014792,LA,Entire home/apt,5.99146,5.97368
8705572,NYC,Private room,4.14313,4.68528
16005816,Boston,Private room,5.61677,5.02468
10019404,SF,Entire home/apt,5.07517,5.12285
7309611,LA,Private room,3.91202,3.89439
19207312,NYC,Private room,3.63759,4.06884
17554541,DC,Entire home/apt,4.62497,5.18098
14136445,NYC,Private room,4.82028,4.87167
13686585,NYC,Entire home/apt,5.14749,5.31690
19759638,NYC,Entire home/apt,4.49981,5.03492
13883706,DC,Entire home/apt,5.32301,5.35520
6729099,NYC,Private room,4.60517,4.74190
9300701,NYC,Entire home/apt,5.29832,6.07999
16789431,NYC,Private room,3.93183,4.28824
17610236,Chicago,Entire home/apt,5.04343,5.02252
8310024,LA,Private room,4.00733,3.92662
19876855,Boston,Entire home/apt,5.29832,5.17017
14824015,Chicago,Entire home/apt,4.74493,4.72133
16014247,NYC,Shared room,3.46574,3.87613
12252836,NYC,Private room,3.73767,4.30037
19014865,LA,Entire home/apt,6.54247,6.50812
10056245,LA,Entire home/apt,5.69709,5.68583
722085,NYC,Private room,4.34381,4.56390
3534562,NYC,Entire home/apt,5.68698,5.48318
8719769,Boston,Private room,4.09434,4.24071
11510962,NYC,Private room,4.24850,4.20707
6887127,Chicago,Private room,3.89182,3.92088
19439509,LA,Entire home/apt,4.60517,4.83964
13282756,SF,Entire home/apt,5.52146,5.50912
6018598,NYC,Private room,4.70048,4.22458
16869259,LA,Private room,4.29046,4.15649
4811375,NYC,Private room,4.31749,4.51746
1613859,NYC,Private room,4.55388,4.55509
18124996,Boston,Entire home/apt,5.16479,4.96519
14872918,SF,Entire home/apt,5.97889,5.37869
2017363,SF,Private room,5.19296,4.70647
11083685,LA,Private room,3.89182,3.80264
5359410,NYC,Shared room,3.13549,3.76954
13192601,NYC,Private room,3.66356,4.08520
1793411,LA,Entire home/apt,4.55388,4.92782
16868637,NYC,Private room,4.24850,4.19000
15045004,Boston,Entire home/apt,6.54965,5.25573
1292527,NYC,Entire home/apt,5.85793,6.16815
3271517,NYC,Entire home/apt,4.82831,5.16639
17701367,DC,Entire home/apt,6.62007,6.43510
15681036,SF,Entire home/apt,5.78383,5.41668
14886600,DC,Private room,3.97029,4.18836
8563943,NYC,Private room,3.80666,4.10394
9231869,NYC,Entire home/apt,5.52146,5.42041
19389707,Chicago,Entire home/apt,4.90527,4.98532
16038792,DC,Entire home/apt,6.39693,5.55096
6403217,NYC,Private room,3.98898,4.03114
15340622,NYC,Entire home/apt,4.82831,4.84356
17124014,DC,Entire home/apt,6.90274,6.61013
20309405,SF,Entire home/apt,5.52146,5.23812
10838084,LA,Private room,4.17439,3.93513
1869380,LA,Entire home/apt,5.12990,5.59285
19093685,SF,Entire home/apt,6.35437,6.18421
16748910,NYC,Private room,7.09008,4.51316
600877,LA,Entire home/apt,3.91202,4.44412
13820083,NYC,Private room,4.38203,3.95193
9887485,NYC,Entire home/apt,5.01064,5.18112
18036863,NYC,Private room,5.10595,4.27620
10414065,NYC,Private room,4.09434,4.31051
16124627,LA,Private room,4.49981,4.30239
14821118,NYC,Entire home/apt,5.01064,5.30389
13845194,DC,Entire home/apt,4.43082,4.89126
13590391,SF,Entire home/apt,6.55108,6.34616
17743923,NYC,Entire home/apt,5.06890,5.16945
18584891,NYC,Private room,4.00733,4.11821
15133612,Boston,Private room,4.17439,4.21851
755855,NYC,Private room,4.49981,4.08589
11657836,NYC,Entire home/apt,4.78749,4.91193
7541444,NYC,Private room,4.44265,4.69996
12972107,LA,Entire home/apt,5.01064,5.06450
6078234,LA,Private room,4.78749,4.18327
10995810,NYC,Entire home/apt,5.01064,5.24986
4575369,SF,Private room,4.48864,4.26809
7989078,LA,Entire home/apt,6.90776,6.47085
14233330,NYC,Private room,4.00733,4.43096
18924251,NYC,Private room,3.97029,4.06461
10017050,LA,Private room,3.91202,4.08810
565814,LA,Private room,4.09434,4.36524
12226594,NYC,Private room,4.17439,4.18480
12681933,DC,Entire home/apt,5.04343,5.00506
7912140,NYC,Entire home/apt,5.01064,5.38423
16334479,NYC,Entire home/apt,5.48064,5.55260
9429015,NYC,Private room,4.17439,4.96299
16983905,NYC,Entire home/apt,3.68888,4.87642
8188894,SF,Private room,4.17439,4.97005
1752286,NYC,Entire home/apt,5.00395,4.77865
15774149,NYC,Entire home/apt,4.82831,5.17083
10362654,NYC,Private room,3.91202,4.16259
17747778,Boston,Entire home/apt,5.76832,5.40525
9032968,SF,Entire home/apt,5.95064,6.16810
17441150,DC,Entire home/apt,4.48864,4.80361
3135916,SF,Private room,4.09434,4.55083
207351,SF,Private room,4.82831,4.95944
4343956,LA,Shared room,4.31749,3.98749
14327689,LA,Private room,4.07754,4.26383
21098387,LA,Private room,4.24850,4.50004
14319899,DC,Private room,3.66356,4.09781
4309648,LA,Private room,4.30407,4.30015
16395401,NYC,Entire home/apt,4.55388,4.80804
13101408,NYC,Entire home/apt,5.41165,5.26268
20742462,NYC,Entire home/apt,5.52146,5.18967
7734236,NYC,Entire home/apt,4.60517,4.52278
15266468,LA,Entire home/apt,5.04343,4.86248
12873061,NYC,Private room,3.91202,3.99685
12948696,NYC,Private room,3.68888,4.06758
19039703,NYC,Entire home/apt,5.16479,5.48575
11796425,NYC,Entire home/apt,5.18739,5.37285
17186576,LA,Entire home/apt,5.07517,4.93729
535095,LA,Entire home/apt,4.90527,4.87432
17704706,DC,Entire home/apt,5.06890,4.90472
1006909,LA,Entire home/apt,4.20469,4.35579
190542,NYC,Private room,4.60517,4.81499
4288271,SF,Entire home/apt,5.91350,5.61429
15679326,NYC,Private room,4.55388,4.22822
19121136,NYC,Private room,4.39445,3.96949
8523209,NYC,Private room,4.07754,4.13561
6779912,NYC,Private room,4.49981,3.72181
10064209,NYC,Private room,5.16479,4.64955
8810937,LA,Entire home/apt,4.59512,4.65082
6215083,LA,Entire home/apt,5.16479,5.14743
16593929,NYC,Private room,4.38203,4.21782
15628671,SF,Private room,4.82831,4.73902
915058,NYC,Private room,5.29832,4.70645
9063139,SF,Entire home/apt,5.34233,5.51972
12780527,NYC,Private room,3.91202,4.03779
20571036,NYC,Private room,4.55388,4.36943
4757501,SF,Private room,4.71850,4.40341
13466609,SF,Entire home/apt,5.01064,5.03777
15789317,LA,Shared room,3.21888,3.58695
17922658,NYC,Private room,3.91202,4.32968
5884429,LA,Private room,3.21888,4.15209
6052238,LA,Entire home/apt,5.27300,5.03813
18294753,Boston,Entire home/apt,5.80212,5.46465
10577807,LA,Entire home/apt,4.57471,4.82435
705901,NYC,Private room,4.17439,4.02753
8327297,NYC,Private room,3.68888,4.01687
18827284,LA,Private room,5.52146,4.29861
3230459,LA,Entire home/apt,4.60517,4.70351
9132731,Chicago,Private room,4.60517,4.52609
14426124,DC,Entire home/apt,5.24175,6.06280
13688676,NYC,Entire home/apt,5.52146,5.17767
16579236,NYC,Private room,4.38203,4.11059
12891981,NYC,Entire home/apt,5.70378,5.71050
19274661,NYC,Private room,4.49981,4.81399
13466100,DC,Entire home/apt,4.59512,4.94932
14860539,Boston,Private room,4.09434,4.04606
17385564,NYC,Entire home/apt,5.94017,5.45150
12874869,LA,Entire home/apt,5.99146,6.24610
4000579,NYC,Private room,4.82831,4.76946
3310262,DC,Entire home/apt,4.17439,4.45980
20775449,NYC,Private room,4.17439,4.18534
18193552,NYC,Entire home/apt,5.52146,5.25341
4218129,Chicago,Private room,4.17439,3.98734
5467665,LA,Private room,4.48864,4.15444
2243321,LA,Entire home/apt,5.22036,4.91452
8409891,NYC,Entire home/apt,5.52146,5.31711
16354659,NYC,Private room,4.23411,4.15221
235651,NYC,Private room,3.58352,4.01014
1937433,LA,Entire home/apt,5.69709,5.60521
14240790,SF,Entire home/apt,5.68698,5.25772
3609024,NYC,Private room,4.90527,4.51103
12657888,LA,Entire home/apt,5.18739,5.29325
7930082,LA,Private room,5.01064,4.61165
12268144,NYC,Entire home/apt,5.16479,5.23858
13642019,NYC,Private room,3.95124,3.95252
21173707,NYC,Private room,4.59512,4.17656
12155727,LA,Entire home/apt,5.39363,4.79343
2547335,SF,Private room,4.60517,4.47607
20245130,LA,Private room,4.27667,4.27342
10229094,LA,Entire home/apt,4.60517,5.13833
1887507,Boston,Private room,6.90675,4.18662
18191965,SF,Private room,4.65396,4.45980
14174793,LA,Entire home/apt,4.49981,4.88443
14138031,DC,Entire home/apt,5.01064,5.32440
1213544,NYC,Entire home/apt,5.29832,6.23936
463133,DC,Private room,3.97029,4.22206
11420330,NYC,Private room,3.33220,3.74866
14107909,LA,Private room,4.60517,4.37204
996577,NYC,Private room,3.71357,3.92366
9715404,LA,Private room,3.68888,4.30611
2539391,LA,Entire home/apt,4.59512,4.65237
8310194,DC,Private room,4.00733,4.39006
17157954,NYC,Entire home/apt,5.16479,5.28540
6170705,NYC,Shared room,3.80666,4.16962
17626590,LA,Entire home/apt,5.12990,4.88926
8089814,Chicago,Private room,4.17439,4.00891
21010735,NYC,Entire home/apt,5.32301,5.17937
1251570,LA,Entire home/apt,5.70044,5.70233
14196523,NYC,Entire home/apt,5.04343,4.86197
18004070,LA,Entire home/apt,7.59085,6.32556
9507795,NYC,Private room,3.95124,4.13033
1203172,LA,Private room,4.17439,4.08069
20332825,LA,Shared room,4.44265,3.79246
6849332,LA,Entire home/apt,4.78749,4.65706
17042235,SF,Private room,5.07517,4.77942
16542558,LA,Private room,4.30407,4.14642
1421933,LA,Private room,4.14313,4.05754
18238397,DC,Private room,4.60517,4.32636
6481703,Boston,Entire home/apt,5.34711,5.09781
234781,DC,Entire home/apt,4.77068,5.21272
4072794,Boston,Entire home/apt,4.85981,5.12654
5593975,LA,Entire home/apt,6.01616,5.70635
10790389,DC,Private room,4.24850,4.42673
10282307,NYC,Private room,4.12713,4.58467
21134834,LA,Private room,3.68888,3.97635
15084743,LA,Entire home/apt,5.37064,5.55217
16194914,DC,Entire home/apt,5.47646,5.43162
248536,LA,Entire home/apt,3.68888,5.14243
17925200,DC,Entire home/apt,5.85793,5.88218
9317779,LA,Private room,4.82831,4.33373
13559613,NYC,Private room,4.60517,4.44100
16443296,NYC,Private room,4.17439,4.07353
20946797,SF,Entire home/apt,4.96284,5.13892
7603341,NYC,Entire home/apt,4.85981,5.27804
21173134,LA,Private room,2.99573,4.28835
15642735,NYC,Private room,4.90527,4.78044
18464144,SF,Entire home/apt,4.58497,5.05862
16638694,Chicago,Private room,3.87120,3.90542
6493622,Boston,Entire home/apt,5.07517,5.04780
6696278,NYC,Shared room,3.46574,3.73217
12836723,SF,Private room,4.70048,4.82642
4452641,Chicago,Shared room,4.09434,3.89526
4080849,NYC,Shared room,4.24850,4.06765
17834499,LA,Private room,4.44265,4.29685
14345834,LA,Entire home/apt,2.70805,4.34896
15288813,NYC,Private room,4.09434,3.95027
17961804,LA,Entire home/apt,4.94164,4.88773
15100064,LA,Private room,4.24850,4.27176
805028,DC,Private room,5.01064,4.44415
4741103,LA,Entire home/apt,5.28827,5.14010
7048973,Boston,Entire home/apt,6.34739,5.42740
11744428,LA,Private room,4.24850,4.49337
1198231,NYC,Private room,3.91202,3.76723
8225,LA,Shared room,4.31749,4.01309
20572606,NYC,Entire home/apt,5.55683,5.17602
6027345,NYC,Private room,5.16479,4.78081
10233104,SF,Private room,4.49981,4.48269
12324550,SF,Entire home/apt,6.30992,5.72120
12252049,NYC,Private room,4.60517,4.98588
16754004,LA,Entire home/apt,4.40672,4.54777
15771536,LA,Entire home/apt,4.49981,4.47718
9492969,NYC,Private room,3.63759,3.91091
18462008,DC,Entire home/apt,5.63479,5.39108
3372089,NYC,Entire home/apt,5.70378,5.35115
19541423,NYC,Entire home/apt,6.21461,6.32526
14732580,NYC,Private room,4.31749,4.10862
13463768,LA,Entire home/apt,4.45435,4.57762
5243259,LA,Private room,4.31749,4.23865
3605045,NYC,Private room,5.29330,5.01480
18174268,SF,Entire home/apt,5.04343,5.39291
15721641,LA,Entire home/apt,4.58497,4.57898
9669305,NYC,Private room,4.09434,4.56727
9679337,LA,Private room,4.12713,4.30242
12232198,LA,Entire home/apt,4.59512,4.70070
2309559,SF,Entire home/apt,5.70378,5.52474
4216774,NYC,Private room,4.65396,4.77310
3438037,NYC,Entire home/apt,6.10925,5.83219
12008385,Chicago,Entire home/apt,5.16479,5.06801
18849349,LA,Entire home/apt,4.30407,4.71614
9492750,LA,Private room,3.91202,3.91763
7513709,NYC,Private room,4.55388,4.76926
20817322,NYC,Private room,4.44265,3.93323
19591253,NYC,Private room,3.91202,3.84280
14634272,NYC,Entire home/apt,4.60517,4.74662
846294,NYC,Entire home/apt,4.45435,4.63035
13064828,NYC,Entire home/apt,5.52146,5.29469
18895782,LA,Private room,4.00733,4.28090
10225827,LA,Entire home/apt,4.60517,5.07917
18637795,NYC,Private room,5.18739,4.75804
15679333,NYC,Private room,4.49981,4.30155
2500661,LA,Private room,4.17439,4.47151
3333016,NYC,Shared room,3.80666,3.80391
12901803,DC,Entire home/apt,6.90776,6.30483
13099377,NYC,Entire home/apt,5.07517,5.04773
20776052,Chicago,Entire home/apt,4.44265,4.71186
3889219,NYC,Entire home/apt,5.01064,4.72966
18584762,SF,Private room,4.75359,4.55651
16072935,Boston,Entire home/apt,4.77912,5.07825
12139271,NYC,Private room,5.29832,4.72042
13893848,SF,Entire home/apt,5.52146,6.24577
4909347,NYC,Private room,4.30407,4.21516
11849414,NYC,Private room,4.29046,4.49972
16164164,NYC,Entire home/apt,4.38203,4.63549
15618206,NYC,Entire home/apt,5.85793,5.32381
13926664,LA,Private room,4.36945,4.11327
13689706,Boston,Private room,3.73767,4.00133
13533861,NYC,Private room,4.60517,4.25595
19608383,LA,Private room,3.91202,3.89558
14925231,NYC,Private room,4.31749,4.31494
18195822,LA,Entire home/apt,4.36945,4.72182
5572024,NYC,Entire home/apt,4.21951,4.99820
4822006,NYC,Entire home/apt,5.16479,5.23987
6401592,NYC,Private room,4.60517,4.19516
7291481,LA,Private room,4.36945,4.42765
19738695,NYC,Entire home/apt,5.16479,5.28972
3434710,LA,Shared room,3.66356,3.68693
13529652,SF,Entire home/apt,4.99721,5.13533
13956367,LA,Entire home/apt,4.86753,4.85866
8815147,NYC,Private room,4.38203,4.33167
13355833,DC,Entire home/apt,5.48894,4.93762
15511188,LA,Entire home/apt,4.70048,4.61964
20707419,DC,Private room,4.60517,4.04908
18394875,NYC,Private room,4.09434,4.11714
19236205,NYC,Entire home/apt,5.41610,5.34495
9976509,LA,Entire home/apt,5.26786,5.26239
10282408,Boston,Entire home/apt,4.30407,4.72164
10966013,NYC,Entire home/apt,5.00395,5.00003
17030136,NYC,Private room,4.09434,4.34630
20788674,LA,Entire home/apt,5.63479,5.27912
11623480,DC,Entire home/apt,5.24175,5.25920
15818608,NYC,Entire home/apt,4.86753,4.93748
17706988,NYC,Private room,4.31749,4.00375
197942,NYC,Entire home/apt,5.29832,5.16890
19507408,NYC,Entire home/apt,4.70048,4.79315
10809568,NYC,Entire home/apt,4.49981,5.01029
15300449,NYC,Entire home/apt,5.19296,5.41924
6556411,NYC,Private room,4.07754,4.28785
15162961,LA,Private room,4.17439,4.34842
13522613,DC,Entire home/apt,4.78749,4.51489
9189408,LA,Shared room,3.68888,4.04167
4427676,LA,Private room,4.70953,4.13123
3156442,NYC,Private room,5.16479,4.97698
5455653,DC,Entire home/apt,5.52146,4.74880
6794998,DC,Entire home/apt,4.70048,4.50506
973535,NYC,Private room,4.24850,4.42660
16911596,LA,Entire home/apt,4.94164,4.92940
1989368,LA,Entire home/apt,6.39693,6.27349
2028272,NYC,Entire home/apt,5.29832,5.00322
5619588,NYC,Entire home/apt,5.56068,5.00378
21055868,NYC,Entire home/apt,5.00395,5.17272
15508103,LA,Entire home/apt,4.59512,4.83224
13747991,NYC,Private room,3.91202,3.99160
6673748,SF,Entire home/apt,6.68461,6.45319
16802129,Chicago,Private room,4.24850,4.40920
51778,DC,Private room,4.31749,4.82065
9061204,LA,Entire home/apt,5.29832,4.84783
6238281,DC,Private room,4.59512,5.27464
18196279,LA,Entire home/apt,4.55388,4.37934
12861956,SF,Private room,4.31749,4.50358
20459680,NYC,Entire home/apt,5.52146,5.10640
7384072,NYC,Entire home/apt,4.82831,4.57491
10923245,NYC,Entire home/apt,4.68213,4.95456
2287888,NYC,Private room,3.91202,4.04879
18408746,LA,Private room,4.00733,4.28045
949455,DC,Shared room,3.80666,3.75164
13975292,NYC,Entire home/apt,5.29832,5.04958
20997574,NYC,Entire home/apt,5.19296,4.72412
5762674,NYC,Entire home/apt,5.85793,5.65786
14450331,NYC,Entire home/apt,4.78749,4.57323
16721710,LA,Entire home/apt,4.49981,4.75471
12308927,NYC,Entire home/apt,5.10595,5.01804
4977744,NYC,Entire home/apt,5.78383,5.31598
16757579,DC,Private room,4.00733,4.01094
19229464,LA,Private room,4.44265,4.03327
6612744,DC,Entire home/apt,5.78383,5.54634
7573553,LA,Entire home/apt,4.49981,4.54694
13224465,NYC,Entire home/apt,5.01064,5.22147
715286,NYC,Private room,4.49981,4.15637
10838701,LA,Entire home/apt,5.27300,5.02351
14049725,NYC,Entire home/apt,4.86753,5.07671
4776771,Boston,Private room,4.26268,4.40798
9349949,NYC,Entire home/apt,5.19296,5.24863
15530266,Boston,Private room,4.43082,4.20150
17712863,NYC,Private room,4.60517,4.42726
563922,NYC,Entire home/apt,5.99146,5.23348
6611547,LA,Entire home/apt,5.29832,5.27199
16087364,NYC,Entire home/apt,4.74493,4.60562
16011513,LA,Entire home/apt,4.78749,4.61481
5232527,NYC,Private room,4.09434,4.17346
811950,NYC,Entire home/apt,4.82831,4.73995
17413506,DC,Entire home/apt,5.27300,5.28048
2371632,NYC,Private room,3.29584,3.81475
4662584,Chicago,Entire home/apt,5.29832,5.55964
6807079,Boston,Private room,4.27667,3.93067
4707159,NYC,Private room,4.24850,4.65384
19326306,LA,Private room,4.48864,4.11009
9028916,Chicago,Entire home/apt,5.04343,5.01276
1132876,NYC,Entire home/apt,5.07517,5.19087
7009269,NYC,Entire home/apt,4.67283,4.95958
8309843,LA,Shared room,3.82864,4.38076
9530797,NYC,Entire home/apt,5.13580,5.12139
2949716,Chicago,Shared room,4.09434,4.25845
12325045,LA,Private room,4.59512,4.48408
5702292,Boston,Entire home/apt,4.60517,4.52365
13491888,LA,Entire home/apt,5.24175,5.51748
152071,NYC,Private room,5.70378,5.38738
11801800,Boston,Private room,3.68888,3.79795
7419076,DC,Entire home/apt,5.61677,5.02491
9156195,NYC,Entire home/apt,4.70048,4.87087
21177575,NYC,Entire home/apt,5.41610,5.46561
13752805,Boston,Private room,4.60517,4.64048
9739230,LA,Entire home/apt,5.23644,4.85211
8217454,LA,Entire home/apt,5.01064,5.03600
5211296,LA,Private room,3.66356,3.95342
3361346,NYC,Entire home/apt,5.50126,5.17804
15561225,NYC,Entire home/apt,5.10595,5.27501
875189,LA,Entire home/apt,5.74620,5.49942
14969337,NYC,Entire home/apt,4.39445,4.94047
14949548,NYC,Entire home/apt,5.29832,5.17692
9476353,LA,Private room,4.21951,4.29232
13891670,NYC,Private room,4.70048,4.98495
12812577,NYC,Private room,4.49981,4.21592
6043340,NYC,Entire home/apt,5.70044,5.32646
11588543,DC,Entire home/apt,5.81413,5.55827
12053823,Boston,Entire home/apt,5.00395,4.92314
8972673,Boston,Entire home/apt,5.33754,5.53061
13947092,NYC,Entire home/apt,5.52146,5.03344
13252502,NYC,Entire home/apt,4.59512,4.66978
4751010,NYC,Entire home/apt,5.29330,5.51272
7509273,Chicago,Shared room,3.40120,4.05305
8482952,LA,Entire home/apt,4.59512,4.68989
8293522,NYC,Entire home/apt,5.48064,5.42644
10298783,Boston,Entire home/apt,4.65396,5.00369
306190,LA,Private room,4.17439,4.07424
4710311,SF,Entire home/apt,7.09008,6.11154
16878911,SF,Entire home/apt,5.76832,5.42481
10564375,Chicago,Entire home/apt,4.34381,4.34515
10084117,LA,Entire home/apt,5.18178,5.03185
3115424,SF,Entire home/apt,5.10595,5.10272
10121883,NYC,Private room,3.80666,4.09245
20797389,Boston,Private room,4.09434,4.07640
18853665,DC,Private room,4.58497,4.37791
12735192,LA,Private room,3.80666,3.92376
10124945,SF,Private room,5.00395,4.89042
8880707,NYC,Private room,4.21951,4.03770
14548579,LA,Private room,4.27667,4.32110
3998646,NYC,Private room,3.68888,4.04018
18197932,LA,Private room,4.35671,4.56543
9652413,NYC,Entire home/apt,5.10595,4.73316
4287481,NYC,Private room,3.66356,4.03666
16120005,DC,Private room,3.49651,4.11508
18524413,NYC,Entire home/apt,5.39363,5.31102
846671,LA,Entire home/apt,4.90527,5.05531
14296299,LA,Private room,4.48864,4.10921
17762158,NYC,Entire home/apt,5.04343,4.91029
10342806,NYC,Shared room,4.09434,4.08211
10806401,NYC,Private room,4.24850,4.67427
6936794,LA,Private room,4.59512,4.13910
15024349,NYC,Entire home/apt,5.29832,5.15792
984380,NYC,Private room,4.00733,4.18166
5850897,LA,Private room,5.06890,5.03032
11370389,Boston,Private room,3.40120,4.06590
18122173,NYC,Entire home/apt,5.61677,5.25286
16604023,Chicago,Private room,4.17439,4.34355
4444204,Chicago,Private room,3.87120,4.21709
15157079,NYC,Entire home/apt,5.70378,5.44401
5298617,LA,Private room,4.17439,4.13330
3735483,NYC,Entire home/apt,6.10925,5.98066
15341369,NYC,Private room,3.91202,4.10265
5875702,LA,Private room,5.29832,3.75888
16769450,SF,Entire home/apt,5.99146,5.58599
9335210,DC,Entire home/apt,6.68461,6.31015
16167148,NYC,Entire home/apt,5.41610,5.31527
16661802,DC,Entire home/apt,4.71850,5.42344
15217571,LA,Entire home/apt,3.80666,4.47103
5756952,SF,Private room,4.49981,4.60672
16560573,SF,Entire home/apt,5.10595,5.85945
10925833,NYC,Entire home/apt,5.40268,5.16207
19962013,NYC,Private room,4.24850,4.71437
13573101,NYC,Entire home/apt,4.36945,5.11445
21015937,LA,Private room,4.93447,4.07004
10090599,Boston,Entire home/apt,4.94164,4.93706
21152489,NYC,Private room,4.31749,4.19369
14596193,LA,Private room,4.12713,4.13468
20000820,SF,Entire home/apt,4.77068,4.89805
15500699,NYC,Private room,4.78749,4.45633
11168825,LA,Private room,4.00733,3.91982
5615801,NYC,Entire home/apt,6.90776,6.28435
9233338,DC,Entire home/apt,4.46591,4.52391
5151423,Boston,Private room,4.68213,4.64168
7161868,NYC,Private room,4.31749,4.43037
6369333,DC,Private room,4.31749,4.35138
4531802,Chicago,Entire home/apt,4.85981,4.50247
18999934,NYC,Private room,4.31749,4.44256
14167825,DC,Private room,5.10595,4.57967
12368109,NYC,Entire home/apt,5.79606,5.80884
13495082,NYC,Shared room,3.91202,3.96336
13998161,NYC,Entire home/apt,5.17615,5.42373
16587632,NYC,Private room,5.01064,4.88539
17177424,NYC,Entire home/apt,4.31749,4.63103
8182629,LA,Private room,4.30407,4.29930
2399406,NYC,Private room,4.78749,4.48725
10467122,DC,Entire home/apt,4.60517,4.50436
14347681,Chicago,Shared room,3.95124,3.59464
923992,Chicago,Private room,3.78419,4.22878
2639521,NYC,Private room,4.59512,4.10989
16814973,NYC,Entire home/apt,4.55388,4.81160
11567796,Boston,Entire home/apt,5.29832,5.47747
6819732,DC,Private room,4.24850,4.25868
3325741,SF,Entire home/apt,5.06890,5.02766
4840455,Chicago,Entire home/apt,4.70048,5.11175
16189851,NYC,Entire home/apt,4.82831,4.93203
779561,LA,Entire home/apt,5.85793,5.83892
10708300,LA,Entire home/apt,5.27300,5.16948
14933829,NYC,Private room,4.38203,4.49584
649982,Chicago,Entire home/apt,4.77912,4.91003
14754902,DC,Entire home/apt,4.70048,4.68174
5046422,DC,Private room,4.59512,4.66572
14596029,LA,Entire home/apt,5.41610,5.02713
19055136,NYC,Entire home/apt,5.07517,4.92649
765203,NYC,Entire home/apt,4.31749,4.88285
3303101,Boston,Entire home/apt,5.24175,5.12235
5784179,LA,Private room,4.44265,4.48323
3308112,SF,Private room,5.47646,5.03529
10031678,SF,Entire home/apt,5.75257,5.99037
13674970,LA,Private room,3.91202,4.13269
8342053,DC,Entire home/apt,5.01064,5.17912
13771228,LA,Entire home/apt,7.49276,7.54826
9296598,NYC,Entire home/apt,5.70378,4.77189
9863626,NYC,Entire home/apt,4.38203,4.94966
8238934,NYC,Private room,4.49981,4.37952
14499123,NYC,Entire home/apt,4.59512,4.34688
14609935,NYC,Entire home/apt,4.17439,4.48748
17955423,NYC,Private room,4.09434,4.51553
14261875,NYC,Private room,4.82831,4.64301
12540623,LA,Entire home/apt,4.94164,4.94563
2862900,NYC,Entire home/apt,5.34233,5.35937
17415602,NYC,Entire home/apt,5.16479,5.04726
356791,NYC,Entire home/apt,4.34381,4.39986
8235906,LA,Entire home/apt,4.86753,4.55528
19592393,NYC,Entire home/apt,5.16479,5.09284
8148182,Chicago,Private room,3.55535,3.78792
19588726,LA,Private room,4.00733,3.91656
12149019,LA,Private room,3.95124,4.12629
15582683,NYC,Entire home/apt,5.61677,4.96645
10156716,NYC,Entire home/apt,5.22036,4.93287
2292681,LA,Entire home/apt,4.86753,5.14408
18485463,NYC,Private room,4.94164,3.92763
2307885,NYC,Private room,4.44265,4.48240
15728250,Boston,Entire home/apt,5.57595,5.44794
2515100,NYC,Entire home/apt,4.59512,5.18728
19360213,NYC,Private room,4.38203,4.19635
18180627,LA,Shared room,4.26268,3.87869
17444637,NYC,Private room,4.24850,4.53450
4219855,SF,Entire home/apt,4.60517,5.10675
2010572,NYC,Private room,4.23411,4.50907
847690,Boston,Private room,4.17439,4.11746
15260915,Chicago,Entire home/apt,5.94017,5.60658
4560053,LA,Private room,3.49651,3.73977
17795462,NYC,Entire home/apt,4.71850,4.58064
3304111,LA,Private room,4.17439,4.53010
19387598,Boston,Entire home/apt,5.29832,5.20518
4622981,NYC,Private room,4.24850,4.34579
5705605,LA,Entire home/apt,5.00395,5.34950
18768127,LA,Private room,3.87120,4.03979
10067075,Boston,Private room,4.00733,4.16087
13543746,Chicago,Entire home/apt,4.77912,4.94383
7227121,LA,Private room,3.66356,3.70961
15215153,DC,Private room,4.09434,4.14211
10377156,NYC,Entire home/apt,5.61677,5.02566
12093618,DC,Entire home/apt,5.19296,4.90331
20775620,NYC,Entire home/apt,4.94164,4.97868
8839465,NYC,Private room,4.38203,4.47008
11417523,DC,Entire home/apt,4.85981,4.57829
4885569,NYC,Private room,4.82831,4.65589
2247557,NYC,Entire home/apt,5.29832,5.25587
3511898,NYC,Private room,3.91202,3.73233
9625039,SF,Entire home/apt,5.10595,5.32960
689419,LA,Entire home/apt,4.94164,5.09426
18993023,LA,Entire home/apt,5.98896,5.37666
11412868,LA,Entire home/apt,4.94164,4.83499
15166475,DC,Entire home/apt,5.88332,5.14415
17464202,NYC,Entire home/apt,5.51745,6.17475
14549157,NYC,Private room,4.70048,4.55390
4968633,NYC,Private room,4.82831,4.35962
14807325,NYC,Private room,4.82831,4.52552
20085832,LA,Entire home/apt,5.70044,5.07654
99913,NYC,Entire home/apt,4.04305,4.47802
10769139,NYC,Entire home/apt,5.52146,5.22402
9668663,DC,Entire home/apt,4.77068,4.86843
14340124,Boston,Entire home/apt,4.82831,5.11086
1201385,LA,Entire home/apt,5.70378,5.31370
9436096,Boston,Entire home/apt,5.66296,5.42954
20215160,LA,Entire home/apt,5.18739,5.47755
13280112,NYC,Entire home/apt,5.13580,5.04653
3478889,LA,Private room,4.55388,4.27330
4371658,NYC,Private room,4.07754,4.13956
18156961,NYC,Private room,4.09434,4.20249
8499493,NYC,Entire home/apt,4.78749,5.00155
19469130,NYC,Entire home/apt,4.90527,5.13666
5309217,LA,Private room,4.07754,4.25953
10328918,Chicago,Entire home/apt,4.60517,4.83192
15532958,SF,Private room,4.24850,4.60204
5956257,NYC,Entire home/apt,5.19296,5.47582
16596118,NYC,Entire home/apt,4.86753,4.47798
2751311,LA,Entire home/apt,5.39363,5.30948
17159813,NYC,Entire home/apt,5.29330,5.38201
8085549,NYC,Entire home/apt,5.85793,5.25353
8506127,NYC,Entire home/apt,5.29832,5.15643
16394824,NYC,Entire home/apt,4.60517,4.84680
16174963,LA,Entire home/apt,4.58497,4.52229
6377384,SF,Private room,3.76120,4.34884
19520573,NYC,Private room,4.70048,4.73116
1511569,LA,Entire home/apt,3.91202,4.44788
17305192,NYC,Entire home/apt,5.39363,5.28186
1117756,LA,Entire home/apt,5.87493,6.09276
7580779,NYC,Entire home/apt,5.61677,5.25093
302649,LA,Private room,4.00733,4.24234
16207508,LA,Private room,3.98898,4.26018
15729321,LA,Private room,4.38203,4.39562
8790941,NYC,Private room,4.24850,4.04907
4605840,NYC,Entire home/apt,4.23411,4.96789
15635467,LA,Private room,4.35671,4.30499
12537221,Chicago,Private room,3.98898,3.86370
16810491,SF,Entire home/apt,4.74493,5.04984
1683677,NYC,Entire home/apt,5.01064,5.79231
14205259,LA,Entire home/apt,4.78749,4.43205
15324045,LA,Entire home/apt,4.49981,4.84557
2182254,SF,Entire home/apt,6.47697,5.69839
17545999,NYC,Entire home/apt,4.82831,5.33774
14573912,LA,Private room,4.00733,4.15929
4596832,Boston,Private room,4.18965,4.18062
12814447,LA,Entire home/apt,5.55683,5.35172
82637,DC,Entire home/apt,5.59471,5.51752
16030858,NYC,Entire home/apt,5.70044,6.01750
723867,NYC,Entire home/apt,5.07517,4.94584
8737645,Boston,Entire home/apt,4.60517,5.46222
15923050,DC,Private room,4.59512,4.81667
18894931,SF,Private room,4.49981,4.49492
9078632,SF,Private room,5.16479,4.95229
4721007,NYC,Entire home/apt,4.70048,4.94182
17458291,NYC,Entire home/apt,5.29832,5.23090
16708143,NYC,Private room,4.24850,4.51219
19767464,NYC,Private room,4.36945,4.26974
14501652,LA,Private room,4.24850,4.23663
18450490,Chicago,Shared room,3.43399,3.62338
4439839,NYC,Private room,4.00733,4.16913
6007826,NYC,Private room,4.17439,4.18261
13184355,NYC,Private room,4.38203,4.45862
14281331,LA,Entire home/apt,4.86753,4.95423
7329759,NYC,Entire home/apt,4.06044,5.16606
17138076,LA,Entire home/apt,4.31749,4.59426
13993820,LA,Entire home/apt,4.36945,4.41102
9342263,NYC,Private room,4.24850,4.46352
4880771,NYC,Entire home/apt,4.56435,4.46935
4030581,NYC,Entire home/apt,4.94164,4.62192
14809302,NYC,Entire home/apt,5.06890,4.75268
16430333,LA,Entire home/apt,4.60517,4.95314
5671573,NYC,Entire home/apt,4.86753,5.01538
7710687,LA,Private room,3.91202,4.11220
6341943,SF,Entire home/apt,5.51745,5.51618
15659647,NYC,Entire home/apt,4.70048,4.75467
15166399,NYC,Entire home/apt,5.78383,5.75714
18359374,LA,Entire home/apt,4.97673,4.83863
4131751,LA,Entire home/apt,4.70953,4.76603
8024915,NYC,Private room,4.60517,4.09979
5219396,DC,Entire home/apt,5.16479,4.67352
909859,LA,Entire home/apt,4.94164,4.63687
7817784,SF,Entire home/apt,5.65249,5.64294
9316306,DC,Entire home/apt,4.57471,4.62454
13451720,NYC,Entire home/apt,5.16479,5.26412
10117472,NYC,Entire home/apt,4.97673,5.15178
8069684,NYC,Entire home/apt,4.69135,4.57209
18191892,NYC,Private room,3.73767,3.96933
18584019,NYC,Private room,4.09434,4.06937
9915257,LA,Private room,4.86753,4.44058
19841999,DC,Private room,4.21951,5.04153
3839791,LA,Entire home/apt,5.78383,5.79863
2372459,DC,Entire home/apt,5.00395,4.92368
10136569,NYC,Entire home/apt,4.38203,4.50080
8634337,LA,Entire home/apt,4.97673,5.62070
13427084,LA,Shared room,4.09434,3.77355
60935,LA,Entire home/apt,4.90527,5.27297
7095758,NYC,Entire home/apt,5.01064,5.16186
11069291,LA,Entire home/apt,5.68698,5.76733
11694245,NYC,Private room,4.24850,4.55827
1346925,NYC,Private room,4.60517,4.54960
17188286,NYC,Entire home/apt,5.29832,4.77793
1399273,LA,Private room,4.06044,4.42489
16443290,Boston,Entire home/apt,6.90675,5.94639
20583998,Chicago,Entire home/apt,4.93447,4.90202
17633820,Chicago,Entire home/apt,5.68698,5.17063
16336638,Boston,Entire home/apt,5.16479,5.08025
6849356,LA,Entire home/apt,4.44265,4.41749
13407354,NYC,Entire home/apt,4.82831,4.77933
17577646,LA,Entire home/apt,4.85981,5.19310
10073940,Chicago,Private room,4.17439,4.37753
9302110,LA,Private room,5.00395,4.46111
4104978,Boston,Private room,3.68888,4.02167
10474722,Boston,Entire home/apt,5.61677,5.35751
10056358,LA,Private room,5.16479,4.61106
8558627,NYC,Private room,4.59512,4.18920
16390686,DC,Entire home/apt,4.69135,4.92210
9453245,NYC,Entire home/apt,5.65249,5.42435
20120739,LA,Private room,4.02535,4.17060
3915431,NYC,Entire home/apt,4.36945,4.76417
832157,NYC,Private room,4.23411,4.27621
16741453,NYC,Private room,4.09434,4.33747
13404689,SF,Private room,4.59512,4.76007
15249493,NYC,Private room,4.23411,4.37234
13910936,NYC,Entire home/apt,4.59512,5.19903
17973824,LA,Shared room,3.80666,3.82785
13942488,NYC,Entire home/apt,6.10702,5.76440
18491108,LA,Private room,4.60517,4.30816
16369362,Chicago,Private room,4.31749,3.91621
13280184,DC,Entire home/apt,4.77912,4.72197
18042810,SF,Private room,4.55388,4.70773
16976026,LA,Private room,4.65396,4.23115
14888467,SF,Shared room,3.91202,3.89323
18348802,LA,Private room,4.07754,4.40539
21109844,LA,Private room,4.44265,4.56903
751113,Chicago,Entire home/apt,5.29832,5.08293
20119733,NYC,Entire home/apt,5.29832,5.27850
11911271,LA,Private room,4.60517,4.00744
13315699,LA,Entire home/apt,4.70048,4.90459
4768678,NYC,Private room,4.21951,4.14887
8522395,Chicago,Entire home/apt,4.82831,4.95777
8994904,NYC,Entire home/apt,5.18178,5.09951
13128405,Boston,Private room,4.31749,4.38115
7859825,NYC,Entire home/apt,4.90527,4.80727
6450560,NYC,Entire home/apt,5.29832,5.20981
17526691,NYC,Private room,4.49981,4.06118
7037537,NYC,Entire home/apt,6.16331,5.91017
18238955,LA,Entire home/apt,6.68336,6.42504
9754695,NYC,Entire home/apt,5.24175,5.30617
19589612,LA,Private room,4.49981,4.43129
20186887,NYC,Private room,3.89182,4.00467
7956414,NYC,Private room,3.91202,3.96435
1483853,Boston,Entire home/apt,4.27667,4.86735
20054400,DC,Entire home/apt,5.70378,5.10722
11699367,NYC,Entire home/apt,5.16479,5.02035
7873893,Boston,Private room,4.23411,4.55709
494227,SF,Entire home/apt,5.13580,5.44664
17762853,LA,Entire home/apt,4.21951,4.55505
13170777,NYC,Private room,3.91202,3.81949
18166015,Chicago,Private room,4.65396,4.38237
10368714,NYC,Entire home/apt,5.24175,5.05594
15555116,DC,Entire home/apt,4.74493,4.61377
15340321,NYC,Entire home/apt,5.39363,5.59677
14406256,NYC,Private room,4.09434,4.32769
16707332,LA,Private room,4.55388,4.44115
20483084,LA,Private room,3.80666,4.25602
832560,NYC,Private room,3.55535,3.99127
13787558,LA,Entire home/apt,4.59512,4.52823
16846559,LA,Private room,4.23411,4.09136
16547103,LA,Entire home/apt,4.89784,4.51159
20591358,NYC,Entire home/apt,4.60517,4.55215
9006920,LA,Entire home/apt,4.21951,4.51913
927327,NYC,Shared room,3.66356,3.98987
8689298,NYC,Entire home/apt,5.29330,5.21427
4783674,SF,Entire home/apt,4.86753,5.05158
4440020,DC,Entire home/apt,5.52146,5.43232
2216060,LA,Entire home/apt,4.86753,4.60606
19733889,LA,Entire home/apt,4.99721,4.81642
20279672,NYC,Private room,4.31749,4.40370
6818511,LA,Private room,4.09434,4.30092
10390390,LA,Private room,4.31749,4.48138
18255784,LA,Entire home/apt,4.60517,4.54559
16352680,NYC,Private room,4.59512,4.11680
6078594,NYC,Entire home/apt,4.82831,4.98927
914784,DC,Entire home/apt,7.09008,6.76191
10105844,NYC,Entire home/apt,4.97673,5.18165
16994530,NYC,Entire home/apt,5.63479,5.44838
1529864,LA,Private room,4.38203,4.22145
6375890,NYC,Private room,4.55388,4.47086
9362280,DC,Private room,5.29832,4.89256
1405046,NYC,Entire home/apt,5.39363,5.69515
19946302,NYC,Private room,4.86753,4.54366
18613432,SF,Entire home/apt,6.90776,6.38375
8274008,NYC,Entire home/apt,5.41610,5.47600
4718216,LA,Entire home/apt,5.61677,5.11930
16548147,NYC,Private room,4.70048,4.29916
13660249,LA,Private room,4.38203,4.27671
486950,LA,Private room,4.55388,4.27372
6502731,DC,Entire home/apt,6.68461,6.61704
20558470,NYC,Private room,4.82831,4.54787
1677894,LA,Entire home/apt,4.44265,4.38187
8689532,DC,Private room,5.22036,4.81326
10677991,SF,Entire home/apt,4.85203,5.89421
16561205,LA,Entire home/apt,5.22036,5.25959
11146814,LA,Private room,4.09434,4.37116
13157375,DC,Private room,4.43082,4.30360
20680045,LA,Entire home/apt,4.85981,4.73047
20727991,NYC,Private room,4.31749,4.18250
5121,NYC,Private room,4.40672,4.23151
3377114,SF,Private room,4.23411,4.45760
15447362,LA,Private room,4.09434,4.42972
3730447,LA,Private room,4.55388,4.41582
4550602,LA,Entire home/apt,4.93447,5.20691
16427669,NYC,Private room,4.44265,4.22964
14168466,DC,Entire home/apt,4.85981,5.13517
1934444,LA,Private room,4.57471,4.28110
9430567,NYC,Entire home/apt,5.66643,5.37215
19019592,DC,Entire home/apt,5.78383,5.94346
9711829,NYC,Private room,4.24850,3.76374
14854304,DC,Private room,3.68888,4.07598
11531107,NYC,Private room,4.24850,3.80947
19270270,LA,Entire home/apt,4.77912,4.55223
17529215,LA,Shared room,3.68888,3.62154
21010664,LA,Private room,3.52636,4.08758
2898588,LA,Entire home/apt,5.37064,5.45673
15951922,NYC,Entire home/apt,5.29832,5.80467
264323,NYC,Entire home/apt,5.19296,4.83553
1198366,NYC,Private room,4.07754,3.96126
18503938,NYC,Private room,4.82831,4.51298
19363071,LA,Private room,3.91202,4.34197
8970393,Chicago,Private room,3.91202,4.43283
11065145,SF,Private room,4.86753,4.80356
12330769,LA,Entire home/apt,5.01064,5.06776
8184007,LA,Private room,4.36945,4.77723
7583060,NYC,Private room,5.18739,4.41032
6953013,Chicago,Private room,4.38203,4.50867
5375829,NYC,Private room,4.41884,4.42266
14342080,LA,Entire home/apt,5.52146,5.11868
18211555,NYC,Private room,3.68888,4.52548
14042940,LA,Private room,5.07517,4.83829
9561076,NYC,Entire home/apt,5.28320,5.29225
6615010,LA,Private room,4.78749,4.29011
733051,LA,Private room,3.55535,4.15587
7713993,NYC,Private room,4.09434,4.32091
15633213,NYC,Entire home/apt,5.63479,5.45176
16300101,Chicago,Entire home/apt,4.44265,4.38890
13620158,NYC,Entire home/apt,5.48064,5.24112
11626869,NYC,Entire home/apt,6.55108,5.86252
4867585,NYC,Entire home/apt,4.36945,4.63793
8995610,NYC,Entire home/apt,5.12990,5.08050
8503562,LA,Entire home/apt,4.97673,4.75571
14119320,LA,Private room,4.18965,4.31007
16617183,LA,Private room,6.62007,5.28389
16328372,LA,Entire home/apt,5.01064,4.93728
13198842,NYC,Entire home/apt,4.70048,5.10762
8424897,DC,Private room,3.91202,3.98580
5406143,NYC,Entire home/apt,5.29832,5.25468
18394653,NYC,Entire home/apt,4.78749,5.13609
18858761,NYC,Entire home/apt,5.27300,5.04594
8815120,NYC,Entire home/apt,5.01064,4.99817
9770560,NYC,Entire home/apt,5.01064,4.73560
5948665,NYC,Private room,4.55388,4.25570
17899730,NYC,Entire home/apt,4.66344,4.79414
16897875,NYC,Private room,4.17439,4.39298
9996642,LA,Private room,4.31749,4.18687
11790749,LA,Entire home/apt,4.99721,5.28851
6088910,Boston,Entire home/apt,5.39363,5.32135
11721409,NYC,Private room,4.48864,4.52114
6613250,LA,Entire home/apt,5.29330,5.34611
6968520,DC,Entire home/apt,5.07517,5.15552
14628297,NYC,Entire home/apt,5.07517,5.07100
11461798,DC,Entire home/apt,5.38907,5.18162
8335066,DC,Entire home/apt,4.55388,5.11903
15220120,SF,Private room,4.24850,4.70863
3345172,NYC,Entire home/apt,5.04343,4.68793
13802510,LA,Entire home/apt,4.36945,4.78354
18520516,SF,Entire home/apt,5.07517,5.08841
3695493,SF,Entire home/apt,5.52146,5.00792
4436185,Boston,Entire home/apt,4.24850,4.88844
18550910,NYC,Entire home/apt,6.01372,5.63809
11229102,NYC,Entire home/apt,5.01728,4.71130
6145637,NYC,Entire home/apt,5.01064,4.52452
172445,NYC,Private room,4.82831,4.79224
18471815,NYC,Entire home/apt,5.34233,5.21546
2076101,SF,Entire home/apt,5.70044,5.83900
4847855,NYC,Entire home/apt,5.10595,5.31593
8878603,SF,Private room,4.70048,4.81973
16155288,DC,Private room,4.85203,4.46760
12778021,Boston,Private room,4.24850,4.35961
9452887,NYC,Entire home/apt,4.38203,4.58642
47478,NYC,Shared room,4.24850,3.70495
7331958,NYC,Private room,4.40672,4.26532
16413440,DC,Private room,4.90527,5.00114
9645396,SF,Entire home/apt,5.65249,5.51722
1649720,NYC,Private room,3.40120,4.74106
13995561,LA,Entire home/apt,5.01064,5.06781
17845211,SF,Entire home/apt,5.70378,5.54012
18106815,Boston,Private room,4.59512,4.41761
13139850,LA,Private room,4.36945,4.24221
12342207,LA,Private room,4.92725,4.57197
592996,LA,Entire home/apt,5.23644,4.91841
13656292,LA,Private room,3.85015,4.69980
13307983,DC,Private room,5.01064,5.09049
4117263,NYC,Entire home/apt,4.70048,4.76245
3257345,LA,Entire home/apt,5.41610,5.45087
1895196,NYC,Entire home/apt,5.01064,5.27631
5606748,LA,Entire home/apt,5.41610,5.24174
13099330,NYC,Entire home/apt,5.19296,4.87761
15898448,NYC,Private room,3.73767,3.91522
8323915,SF,Private room,4.38203,4.42789
20955734,DC,Private room,4.06044,4.18292
20355437,NYC,Private room,5.43808,4.90492
21006212,NYC,Private room,3.80666,3.84193
14412511,LA,Entire home/apt,5.27300,4.80338
6639120,Boston,Entire home/apt,5.19850,5.04878
10332866,LA,Private room,4.00733,4.10105
13398931,LA,Private room,3.73767,4.17251
13033226,NYC,Private room,4.65396,4.61047
18471241,NYC,Private room,3.80666,4.10203
12455130,SF,Entire home/apt,5.00395,5.91447
7160118,LA,Entire home/apt,4.52179,4.93260
1283340,DC,Private room,3.68888,4.54117
5480976,SF,Entire home/apt,6.26340,6.14140
15492252,NYC,Private room,4.36945,4.41731
15887753,Boston,Private room,5.96615,4.41540
14340085,LA,Entire home/apt,5.51745,5.42653
12233032,LA,Entire home/apt,4.82831,4.78321
3286862,LA,Entire home/apt,4.33073,4.82695
13330638,NYC,Entire home/apt,5.19296,5.04516
6812270,LA,Entire home/apt,4.55388,5.84626
3299332,NYC,Private room,4.58497,4.71904
17387235,SF,Entire home/apt,6.90776,5.88680
16363651,LA,Entire home/apt,4.49981,4.77983
9706724,NYC,Private room,4.60517,4.70180
9449114,NYC,Private room,4.09434,4.57919
17457735,DC,Entire home/apt,5.29832,5.87032
8702595,NYC,Private room,4.44265,4.39577
18961150,SF,Private room,5.19296,5.24082
3952676,Boston,Entire home/apt,5.99146,5.60627
20906209,NYC,Private room,4.24850,4.07598
3455410,LA,Entire home/apt,4.70048,4.74408
13716271,Boston,Private room,5.04343,4.24369
19730428,NYC,Private room,4.49981,4.60652
13546425,LA,Entire home/apt,4.82831,5.33099
4738429,LA,Private room,4.70048,4.68658
16276572,LA,Entire home/apt,5.52146,5.71353
5621141,NYC,Private room,3.80666,4.10151
11739580,NYC,Entire home/apt,4.97673,5.10895
7403989,NYC,Entire home/apt,4.59512,4.61447
20249634,NYC,Private room,3.97029,4.06469
1979122,LA,Entire home/apt,5.24175,4.93818
16720783,Chicago,Private room,4.00733,3.97769
3262216,LA,Entire home/apt,4.86753,4.60459
12601401,NYC,Entire home/apt,4.82831,4.79339
21067805,LA,Entire home/apt,4.69135,4.46063
3176180,NYC,Shared room,3.40120,3.94138
3040265,LA,Entire home/apt,5.07517,4.89859
12917510,NYC,Private room,4.24850,4.18024
2242987,NYC,Private room,3.40120,4.25583
12015378,Chicago,Entire home/apt,4.93447,5.17066
12842613,Boston,Entire home/apt,5.37528,5.22909
20675149,Boston,Entire home/apt,6.34739,5.43010
6799932,SF,Entire home/apt,4.70048,4.91305
11338485,NYC,Entire home/apt,5.52146,5.16300
14632608,LA,Entire home/apt,6.17170,6.40512
14823077,LA,Private room,4.44265,4.06545
10837271,SF,Entire home/apt,5.04986,5.14604
6556105,DC,Entire home/apt,4.91265,5.39999
8555250,NYC,Private room,4.65396,4.85288
17384568,NYC,Entire home/apt,6.54391,6.25754
9514935,LA,Private room,3.89182,3.88746
15857862,LA,Private room,3.29584,3.93655
6373394,Chicago,Entire home/apt,5.27811,5.30136
12709582,LA,Entire home/apt,4.90527,4.73036
3372642,NYC,Private room,4.97673,4.83979
17944125,Chicago,Private room,4.31749,3.97172
13634685,LA,Entire home/apt,5.27300,5.05479
18894648,LA,Private room,4.31749,3.85141
802559,NYC,Entire home/apt,6.21261,5.88089
10102377,SF,Entire home/apt,5.78383,5.34842
7972343,LA,Private room,4.09434,3.92587
17142343,Boston,Private room,3.91202,4.21425
12954789,NYC,Entire home/apt,5.41610,5.50509
9174180,SF,Entire home/apt,4.09434,4.28163
16131645,NYC,Private room,4.38203,4.25331
15822143,DC,Private room,4.31749,4.25779
9389507,LA,Entire home/apt,4.35671,4.72560
253590,NYC,Private room,4.09434,4.01003
17749800,NYC,Private room,3.68888,4.82632
15239467,NYC,Private room,3.91202,4.33861
9945221,SF,Private room,4.78749,4.96954
15146022,NYC,Entire home/apt,5.52146,5.23390
7150867,SF,Private room,4.63473,4.73161
994884,Boston,Private room,4.09434,4.15069
14759741,LA,Entire home/apt,5.04343,4.69872
18616441,LA,Entire home/apt,5.91080,5.34176
16297725,NYC,Private room,3.55535,3.99308
20404465,NYC,Private room,4.00733,4.04218
7677595,NYC,Entire home/apt,4.21951,4.43538
19839424,NYC,Entire home/apt,4.06044,4.34040
7910223,Chicago,Entire home/apt,4.27667,5.05711
21123235,Chicago,Entire home/apt,4.77912,5.01523
14027508,LA,Private room,4.77912,4.28751
524000,SF,Private room,4.59512,4.58362
20466152,LA,Entire home/apt,4.77068,4.80878
19501218,NYC,Entire home/apt,5.09987,5.14064
16544251,NYC,Private room,4.97673,5.14374
13896597,LA,Private room,4.44265,4.37135
19714490,NYC,Entire home/apt,6.21461,6.25545
6412693,NYC,Private room,4.09434,4.45555
17030718,NYC,Private room,3.89182,4.19385
8825701,LA,Entire home/apt,5.25750,4.77647
5883741,NYC,Private room,4.94164,4.73453
12009779,LA,Entire home/apt,4.74493,4.75919
16701980,NYC,Entire home/apt,4.82831,4.61784
18238474,LA,Private room,4.94164,4.83708
2262616,NYC,Private room,3.49651,3.88669
7965847,LA,Entire home/apt,5.70378,5.32564
1455665,SF,Entire home/apt,5.01064,5.37432
5260265,NYC,Entire home/apt,4.54329,4.74262
4976924,DC,Private room,4.45435,4.96952
825193,SF,Entire home/apt,5.29330,5.22115
6599689,Boston,Entire home/apt,4.81218,4.99409
16616546,NYC,Entire home/apt,5.51745,5.57036
7158417,LA,Entire home/apt,5.49306,5.49588
238119,LA,Private room,3.49651,3.56894
4660939,NYC,Entire home/apt,5.29330,5.16337
7632804,SF,Entire home/apt,5.99146,5.21781
8880999,Chicago,Entire home/apt,7.31322,5.86248
15148530,NYC,Private room,3.80666,4.18667
4462326,LA,Entire home/apt,4.24850,4.75823
3186641,NYC,Entire home/apt,4.82831,4.97572
4538549,Chicago,Entire home/apt,4.27667,4.87637
15288922,LA,Entire home/apt,5.12990,5.04597
11546080,DC,Entire home/apt,4.72739,4.79444
5249226,NYC,Entire home/apt,6.43775,5.93879
3020248,NYC,Private room,3.40120,3.96532
12681206,NYC,Private room,3.76120,4.04962
7143,NYC,Entire home/apt,4.17439,4.55714
15482268,LA,Entire home/apt,6.18621,6.08990
3206224,Boston,Entire home/apt,5.73979,5.35894
3522237,LA,Entire home/apt,5.04343,5.19364
9859861,SF,Private room,4.49981,4.48381
15453102,NYC,Private room,3.91202,3.75052
8172257,NYC,Private room,4.09434,3.66660
17126243,DC,Entire home/apt,5.12990,5.36827
21176345,Boston,Entire home/apt,5.22036,4.94883
20379446,LA,Private room,3.89182,4.08159
2476456,LA,Private room,5.99146,5.09653
17704277,NYC,Private room,4.24850,4.07312
1534782,LA,Entire home/apt,5.17048,5.11860
15453636,LA,Entire home/apt,5.24175,4.88825
258774,NYC,Private room,4.38203,4.75387
5915468,DC,Private room,2.77259,4.63821
20654667,NYC,Private room,4.94164,4.61450
10992652,LA,Private room,4.09434,4.50610
20560553,NYC,Private room,5.10595,5.28007
15286645,NYC,Private room,4.17439,4.01081
16233164,NYC,Entire home/apt,5.27300,5.19915
13740850,LA,Entire home/apt,4.93447,4.99023
16546876,NYC,Private room,3.55535,3.94159
8403475,NYC,Entire home/apt,4.97673,5.21118
808802,NYC,Private room,4.55388,4.55795
9624481,NYC,Entire home/apt,5.52146,6.21133
15410289,LA,Entire home/apt,4.38203,4.48552
13620073,Boston,Entire home/apt,5.04343,5.26678
2764392,NYC,Entire home/apt,6.55108,5.85035
21162932,DC,Entire home/apt,6.18415,5.41866
8101297,SF,Entire home/apt,5.67675,5.56688
2038938,NYC,Entire home/apt,4.24850,4.49423
9612260,LA,Private room,3.91202,4.16381
16601748,NYC,Private room,4.17439,4.54221
14758871,NYC,Entire home/apt,5.19296,5.47570
20170975,DC,Entire home/apt,4.52179,4.68337
1742471,LA,Entire home/apt,5.51745,5.74821
1695731,SF,Entire home/apt,4.60517,5.35447
11690274,NYC,Entire home/apt,4.46591,4.80085
12581300,SF,Private room,4.69135,4.42348
8571709,SF,Private room,4.51086,4.68933
21078966,NYC,Entire home/apt,5.85793,5.38123
6371373,DC,Shared room,3.68888,4.13373
743501,NYC,Entire home/apt,5.18739,5.07663
11625336,DC,Entire home/apt,5.22036,5.19334
17049204,NYC,Private room,4.09434,4.09892
13550010,LA,Private room,4.55388,4.76369
18347989,SF,Entire home/apt,5.27300,5.04737
4329915,LA,Private room,4.17439,4.35577
2387536,Boston,Entire home/apt,5.24175,5.01548
14430518,LA,Entire home/apt,5.00395,5.14257
6705264,LA,Entire home/apt,4.31749,4.71894
15448800,NYC,Private room,4.48864,4.60492
12792109,NYC,Private room,4.59512,4.58556
9887654,NYC,Entire home/apt,4.59512,4.91909
10120327,NYC,Entire home/apt,4.46591,4.74643
7679393,DC,Private room,5.27300,5.00964
13210196,NYC,Entire home/apt,4.60517,4.98275
4907692,DC,Entire home/apt,5.57973,4.95500
13997388,NYC,Entire home/apt,5.41610,5.10180
18413609,NYC,Private room,4.59512,4.10835
16230969,LA,Entire home/apt,5.70378,5.61371
7513667,NYC,Private room,3.91202,3.98857
13139229,SF,Private room,5.52146,4.84919
458377,Boston,Entire home/apt,4.59512,5.20013
10361885,Chicago,Private room,3.80666,4.34186
16813540,Chicago,Entire home/apt,4.78749,4.50735
15631030,NYC,Entire home/apt,5.99146,5.74147
7240624,LA,Entire home/apt,5.70044,5.47947
9827941,SF,Entire home/apt,5.61677,5.96310
13175300,NYC,Private room,4.70048,4.57583
807882,NYC,Private room,3.91202,4.17756
8842752,NYC,Entire home/apt,4.92725,4.77045
1651228,NYC,Private room,4.36945,4.77687
14970356,SF,Entire home/apt,5.34711,5.28751
16284453,NYC,Private room,4.78749,4.42040
12241870,Chicago,Private room,4.21951,4.58026
11112181,LA,Entire home/apt,4.55388,4.65335
16477095,NYC,Private room,4.38203,4.45790
7809021,LA,Entire home/apt,5.16479,5.30960
2215303,NYC,Private room,4.18965,4.18406
18482700,NYC,Entire home/apt,4.82028,4.80220
19265766,Boston,Entire home/apt,5.00395,4.90857
9479062,NYC,Entire home/apt,6.09807,5.20230
5803068,NYC,Entire home/apt,5.70378,5.00237
19845637,NYC,Entire home/apt,5.29832,5.30973
8800573,DC,Private room,3.80666,4.19185
20873223,NYC,Shared room,3.80666,3.82676
18135358,DC,Entire home/apt,6.34739,5.34662
602250,LA,Entire home/apt,4.59512,6.05191
2197401,NYC,Private room,4.09434,4.17555
6836319,NYC,Private room,5.04343,4.07597
14300866,SF,Private room,4.78749,4.51169
7707274,NYC,Entire home/apt,5.78383,5.69254
21204503,NYC,Shared room,3.40120,3.86114
17366687,Chicago,Private room,4.00733,4.44306
16456097,NYC,Entire home/apt,4.38203,4.38836
15656329,NYC,Private room,4.31749,4.08692
18161964,DC,Entire home/apt,5.28827,5.45420
4090299,NYC,Entire home/apt,5.29832,4.44128
3522990,Chicago,Entire home/apt,4.82831,5.15174
12905314,NYC,Entire home/apt,4.78749,4.80866
433914,LA,Entire home/apt,4.70048,4.69672
5726139,NYC,Entire home/apt,5.16479,5.06089
15831218,NYC,Entire home/apt,5.52146,5.66467
20819710,NYC,Private room,5.01064,4.25833
16297227,LA,Entire home/apt,4.82831,4.67084
4251912,LA,Private room,4.94164,4.92408
9996741,NYC,Entire home/apt,5.96615,5.17538
83081,DC,Entire home/apt,5.70044,5.61830
3740282,NYC,Private room,4.30407,4.49646
21154569,SF,Entire home/apt,5.10595,4.77407
13940096,Chicago,Private room,3.55535,3.89907
12663817,NYC,Private room,4.07754,4.41874
6976282,DC,Entire home/apt,4.44265,5.17951
5040218,Boston,Private room,5.01064,4.72013
16547283,Boston,Private room,4.60517,4.47092
17945279,LA,Shared room,4.00733,4.00188
177606,SF,Entire home/apt,5.80814,5.31193
9057917,NYC,Entire home/apt,5.29832,5.17339
8799098,NYC,Entire home/apt,5.25750,5.13071
6344612,NYC,Private room,4.49981,4.56129
16243957,LA,Entire home/apt,4.61512,4.55291
8739326,Boston,Entire home/apt,4.93447,5.36396
1807493,LA,Private room,4.55388,4.27467
16781500,LA,Entire home/apt,5.10595,4.68210
13340168,DC,Entire home/apt,6.89770,5.92525
5058344,NYC,Entire home/apt,5.39363,5.61466
14577594,NYC,Private room,3.58352,3.82940
294227,NYC,Private room,4.31749,3.89107
2117802,NYC,Private room,4.44265,4.47706
18414969,LA,Private room,3.87120,4.33428
9759420,NYC,Private room,4.24850,4.71873
12228640,NYC,Private room,4.06044,4.41121
9548311,Boston,Entire home/apt,6.68461,5.52964
1279292,Boston,Entire home/apt,4.69135,5.02479
14421786,NYC,Shared room,4.09434,4.37830
9886178,DC,Entire home/apt,5.22036,4.75076
6854663,LA,Entire home/apt,5.24175,5.16286
19847087,SF,Private room,4.38203,4.56496
17906601,Chicago,Private room,3.91202,4.32080
13191447,Chicago,Private room,5.34711,4.58594
7053237,LA,Entire home/apt,4.82831,5.36112
16338361,Chicago,Entire home/apt,5.29832,5.29957
3534012,Boston,Entire home/apt,5.50126,5.17089
12521143,NYC,Entire home/apt,5.01064,4.96576
1259730,LA,Private room,4.36945,4.67423
1826125,NYC,Entire home/apt,5.00395,4.92225
15357529,NYC,Private room,5.29832,4.48336
5862599,NYC,Private room,4.44265,4.24799
21111912,SF,Entire home/apt,6.50728,5.93140
13361626,NYC,Private room,3.68888,4.28243
7470320,NYC,Entire home/apt,4.55388,4.84879
15052939,NYC,Private room,4.55388,4.43756
328473,LA,Entire home/apt,7.13090,7.06788
8326588,NYC,Private room,4.49981,4.45539
12549389,NYC,Entire home/apt,4.07754,4.40245
2065296,LA,Entire home/apt,4.48864,4.62047
12289793,LA,Private room,4.24850,4.13456
14578385,LA,Entire home/apt,4.45435,4.66447
7861113,NYC,Entire home/apt,4.85981,4.93831
15463211,NYC,Entire home/apt,4.82831,4.70511
16055506,NYC,Private room,4.15888,4.35642
5384279,NYC,Private room,3.93183,3.98332
18197134,LA,Private room,4.24850,4.24320
16777403,Chicago,Private room,4.17439,4.27630
16779999,NYC,Private room,4.70953,4.46599
1530561,NYC,Private room,4.12713,4.34465
6260411,NYC,Entire home/apt,5.32301,4.99135
13824,NYC,Entire home/apt,4.78749,5.16873
5346743,LA,Private room,3.91202,4.14177
1766915,NYC,Private room,4.09434,4.01800
8072141,Boston,Entire home/apt,5.85793,5.54137
2253397,LA,Entire home/apt,6.39693,6.15930
16081706,DC,Entire home/apt,6.62007,5.94646
2323502,NYC,Entire home/apt,5.66643,5.11372
8914109,NYC,Entire home/apt,5.41610,5.03946
13979270,Boston,Entire home/apt,4.97673,4.88577
16477020,NYC,Private room,3.80666,4.37763
2887761,NYC,Entire home/apt,4.92725,5.03605
16898899,SF,Entire home/apt,6.39693,6.38277
18196763,LA,Entire home/apt,5.73334,5.93375
8547691,NYC,Entire home/apt,6.80239,6.80509
17405841,LA,Entire home/apt,5.01064,5.00674
2621386,SF,Entire home/apt,5.99146,5.55987
18540749,SF,Private room,4.45435,4.30072
18571803,LA,Entire home/apt,4.59512,4.88419
3319449,NYC,Private room,4.70048,4.45238
634310,DC,Private room,5.99146,5.01129
9786659,LA,Private room,4.44265,4.55572
6321475,NYC,Entire home/apt,5.41610,5.88884
1045685,Chicago,Entire home/apt,5.10595,5.33634
1665388,NYC,Private room,3.80666,3.89186
17437278,NYC,Entire home/apt,4.77912,4.96633
17813303,LA,Private room,4.86753,4.73876
15178081,NYC,Private room,4.00733,4.18177
18486698,NYC,Entire home/apt,4.89035,4.95540
10309805,NYC,Private room,4.17439,4.57543
15254793,NYC,Private room,5.01064,4.63020
13935511,DC,Entire home/apt,5.01064,4.66627
17654685,Chicago,Private room,4.47734,4.58249
5602027,LA,Entire home/apt,4.93447,4.86474
8241372,LA,Private room,4.74493,4.69625
13731634,NYC,Private room,4.46591,4.17351
4776635,LA,Entire home/apt,4.82831,4.65664
2011593,LA,Entire home/apt,5.52146,5.35089
6747958,SF,Private room,4.94164,4.71305
1273356,Chicago,Entire home/apt,5.51745,5.79724
10551108,NYC,Private room,3.80666,3.91686
6602167,LA,Private room,4.09434,4.00424
845514,NYC,Private room,3.91202,3.95343
14882046,NYC,Entire home/apt,5.52146,5.38542
726657,NYC,Private room,3.91202,3.97654
15434352,NYC,Private room,4.36945,4.21152
4041715,NYC,Entire home/apt,5.00395,4.70586
8886703,LA,Entire home/apt,5.61677,5.34990
16663556,NYC,Private room,4.38203,4.87656
9253823,NYC,Private room,5.29832,4.29285
15655004,LA,Entire home/apt,5.45959,5.94042
16798165,NYC,Entire home/apt,5.01064,5.17271
17605731,LA,Entire home/apt,4.47734,4.51788
17009854,NYC,Private room,4.74493,4.81500
3158364,NYC,Entire home/apt,5.52146,5.22039
16860546,LA,Private room,4.52179,4.48375
14842338,LA,Entire home/apt,4.85981,4.76078
18394812,LA,Private room,3.52636,3.94202
7982791,LA,Shared room,4.31749,4.46022
1891874,NYC,Entire home/apt,4.67283,4.59054
5060481,LA,Private room,5.01064,4.75855
2545771,NYC,Private room,4.59512,4.65734
15620833,SF,Entire home/apt,6.21261,6.07287
11774259,Chicago,Entire home/apt,4.23411,4.39261
9094970,LA,Private room,3.91202,4.14450
9955493,NYC,Entire home/apt,5.25750,5.39588
4530670,LA,Private room,4.60517,4.28418
12222953,SF,Entire home/apt,5.06890,5.10239
18524857,NYC,Entire home/apt,5.01064,5.07654
16406203,NYC,Entire home/apt,5.99146,6.28370
6377375,NYC,Entire home/apt,6.10925,5.79516
15465203,NYC,Private room,4.59512,4.59881
5524115,NYC,Entire home/apt,5.78383,5.44359
12112284,NYC,Entire home/apt,5.27300,5.16140
16381075,NYC,Entire home/apt,4.82831,4.87726
8470124,SF,Entire home/apt,4.97673,4.94646
15815123,LA,Private room,4.39445,4.79709
6560508,LA,Private room,4.23411,4.17821
12084253,NYC,Entire home/apt,4.82831,4.82985
2255169,LA,Entire home/apt,5.24702,4.84673
17957197,Chicago,Entire home/apt,5.27300,5.41316
5725804,Chicago,Private room,4.70048,4.23704
18256022,LA,Private room,4.82831,4.30944
138772,LA,Entire home/apt,5.59842,5.83528
2020393,LA,Entire home/apt,4.44265,4.51373
21138361,LA,Private room,4.17439,4.10286
899928,NYC,Private room,4.49981,4.51380
20828302,DC,Entire home/apt,5.55296,5.58844
10472004,SF,Private room,4.47734,4.36851
9050105,NYC,Entire home/apt,5.04343,4.87079
20267253,NYC,Private room,4.09434,4.21664
17757976,LA,Entire home/apt,5.01064,4.91276
9973680,LA,Private room,4.09434,3.99755
17487953,NYC,Entire home/apt,5.70378,5.37365
16201980,DC,Private room,4.86753,4.58442
8869579,NYC,Entire home/apt,6.10925,5.62853
11888624,NYC,Private room,3.91202,3.90740
3288539,LA,Entire home/apt,4.36945,4.68735
11442339,DC,Entire home/apt,4.24850,4.39601
11013441,LA,Shared room,3.55535,3.58123
14179603,LA,Entire home/apt,5.01064,5.36548
13435204,LA,Private room,3.68888,4.11168
17577585,NYC,Entire home/apt,5.13580,5.28746
14709260,LA,Private room,3.89182,3.91746
4623217,LA,Entire home/apt,5.85507,5.41559
19191340,Boston,Private room,4.47734,4.20511
13916815,Boston,Entire home/apt,5.18739,5.28750
15775049,LA,Entire home/apt,7.31322,7.59235
18120946,NYC,Entire home/apt,4.60517,4.53064
14554545,Chicago,Entire home/apt,5.27300,5.08766
9392042,NYC,Private room,4.48864,4.60287
15269838,LA,Entire home/apt,4.90527,4.91148
8091505,SF,Private room,4.60517,4.82674
12989767,LA,Entire home/apt,5.01064,5.32047
16838501,LA,Entire home/apt,6.90675,6.49955
1089240,DC,Entire home/apt,5.29832,4.73336
16530877,LA,Entire home/apt,4.59512,4.53087
138244,NYC,Entire home/apt,5.29832,4.96963
17364846,NYC,Private room,4.60517,4.79084
9476545,NYC,Entire home/apt,5.50126,5.12751
16282938,SF,Entire home/apt,5.52146,5.33288
7019122,NYC,Entire home/apt,4.60517,4.90096
4342581,LA,Entire home/apt,4.45435,4.55755
7053129,Chicago,Private room,4.07754,3.99265
16631575,NYC,Private room,4.65396,4.57351
13562498,LA,Entire home/apt,5.52146,5.58084
7956643,SF,Entire home/apt,5.66643,5.26299
16488882,LA,Private room,3.52636,3.66391
19036818,LA,Entire home/apt,4.57471,4.83032
1645915,LA,Private room,4.00733,4.27182
20780654,LA,Private room,3.91202,3.95706
14759413,DC,Private room,4.24850,4.41700
18478624,NYC,Entire home/apt,4.38203,4.46906
14109500,LA,Private room,4.24850,4.42791
12684974,LA,Private room,4.21951,4.30025
13226164,NYC,Private room,4.70048,4.72870
24463,Boston,Entire home/apt,5.52146,5.25398
18276757,SF,Entire home/apt,5.85793,5.63112
8651887,LA,Entire home/apt,3.78419,5.69568
16578547,NYC,Private room,3.76120,3.76721
14887491,DC,Entire home/apt,6.10925,4.78702
14268800,NYC,Entire home/apt,5.39363,5.59385
4698079,DC,Entire home/apt,4.59512,4.56246
5872722,DC,Entire home/apt,5.12990,5.50709
18251773,SF,Entire home/apt,4.70048,4.94658
17605683,LA,Entire home/apt,4.69135,4.68970
4849390,LA,Entire home/apt,4.60517,4.74252
7563462,NYC,Entire home/apt,5.30827,5.32793
10766848,NYC,Entire home/apt,5.41610,5.36071
321987,NYC,Private room,3.91202,4.26052
18182356,NYC,Private room,4.31749,4.13878
12561923,LA,Private room,3.66356,3.84659
11049716,NYC,Private room,4.51086,4.46360
12134627,NYC,Entire home/apt,5.16479,5.07857
13190905,NYC,Private room,4.60517,4.33885
3110978,NYC,Private room,4.31749,3.93371
2243396,LA,Private room,4.00733,4.26455
18264681,SF,Private room,4.55388,4.43284
13466663,NYC,Entire home/apt,6.54391,5.61224
15708769,LA,Entire home/apt,4.97673,4.86710
15788324,SF,Entire home/apt,4.73620,5.36062
17364871,NYC,Entire home/apt,5.41610,5.49092
10682536,Boston,Entire home/apt,5.02388,5.07517
13002308,NYC,Private room,5.70378,5.12053
11480280,Boston,Private room,4.36945,4.12565
13900294,LA,Private room,5.29832,3.94149
4335296,NYC,Entire home/apt,5.16479,5.21011
13280241,NYC,Private room,3.80666,4.44728
14591302,DC,Entire home/apt,4.86753,4.82301
13861122,NYC,Entire home/apt,4.60517,4.70983
13209317,LA,Private room,3.40120,4.03056
7602426,Chicago,Private room,4.31749,3.81720
8525292,NYC,Entire home/apt,5.00395,4.99095
15988145,LA,Entire home/apt,4.31749,4.75937
5173043,LA,Private room,3.68888,4.32822
3808405,NYC,Entire home/apt,6.39693,5.73465
16878118,LA,Entire home/apt,4.69135,4.75344
561345,NYC,Entire home/apt,5.70378,5.60568
8440178,LA,Entire home/apt,4.93447,4.89861
19701365,LA,Entire home/apt,5.47646,5.62082
15923040,LA,Entire home/apt,5.41610,5.82473
15566074,SF,Entire home/apt,5.85793,6.04686
16826986,NYC,Shared room,3.76120,3.64735
11303640,LA,Entire home/apt,4.77912,4.88563
12212943,LA,Entire home/apt,4.48864,4.89007
15510233,LA,Entire home/apt,5.76205,5.80774
218224,Chicago,Entire home/apt,4.64439,4.74566
51850,NYC,Private room,3.89182,4.35959
2763675,LA,Entire home/apt,4.44265,4.57354
14398950,LA,Entire home/apt,4.59512,4.83173
6761402,LA,Private room,4.31749,4.16878
19948870,NYC,Entire home/apt,4.36945,4.39466
19248978,LA,Shared room,3.55535,4.15156
9300954,LA,Entire home/apt,5.78383,5.26002
18877694,NYC,Entire home/apt,4.86753,5.04032
12386834,LA,Entire home/apt,5.48064,5.35775
10213726,DC,Private room,4.60517,4.89387
6776299,NYC,Private room,5.29832,5.04863
19376114,NYC,Private room,4.60517,4.33815
18090668,NYC,Entire home/apt,4.84419,4.47055
20689395,LA,Private room,4.60517,4.12672
1599414,DC,Entire home/apt,4.89784,5.00434
16753095,LA,Entire home/apt,5.99146,6.27008
17922860,LA,Entire home/apt,4.77912,4.92197
20504933,NYC,Entire home/apt,4.31749,4.99731
16762072,LA,Entire home/apt,5.59842,5.00620
13266521,NYC,Private room,4.04305,4.01752
16037400,NYC,Entire home/apt,5.39363,5.10646
18790023,LA,Entire home/apt,5.10595,4.95275
1292654,NYC,Private room,4.60517,4.49235
17737576,LA,Entire home/apt,5.97889,5.80948
20650288,LA,Entire home/apt,5.93754,5.95620
15717978,NYC,Private room,4.55388,4.83623
6107389,NYC,Private room,5.01064,3.90808
16232570,NYC,Private room,3.91202,4.16136
17780968,LA,Entire home/apt,4.60517,4.84536
7673007,LA,Entire home/apt,6.35437,5.94391
9496836,NYC,Private room,3.78419,3.85599
17106014,NYC,Entire home/apt,5.01064,5.46841
14653791,NYC,Private room,3.80666,3.99741
5869529,NYC,Private room,4.02535,4.37784
13006732,NYC,Entire home/apt,5.29330,5.32841
16275669,NYC,Private room,5.27300,5.28059
19905553,NYC,Entire home/apt,5.70378,5.89470
14326524,NYC,Private room,4.31749,4.15360
7011378,DC,Entire home/apt,5.12990,5.46065
6673408,LA,Private room,4.24850,4.03826
6217423,LA,Entire home/apt,4.74493,4.83086
15299052,LA,Entire home/apt,6.10925,6.03854
6374167,LA,Entire home/apt,5.29832,4.79981
19625051,SF,Entire home/apt,5.01064,5.15008
3021592,NYC,Entire home/apt,5.24702,5.21889
8047942,LA,Private room,3.73767,4.00775
1252289,LA,Entire home/apt,6.77422,6.78373
20310432,NYC,Entire home/apt,4.70048,5.04024
17583990,LA,Private room,4.24850,4.06453
16768807,LA,Entire home/apt,4.59512,4.70708
17927340,Boston,Entire home/apt,5.46806,5.33815
11494647,LA,Private room,3.91202,4.08565
516839,LA,Entire home/apt,4.44265,4.52143
8583445,NYC,Entire home/apt,4.78749,5.10883
19195602,NYC,Entire home/apt,5.16479,4.94047
19643499,LA,Entire home/apt,4.74493,4.90858
18159280,NYC,Entire home/apt,5.03695,5.11811
17132111,NYC,Entire home/apt,5.24702,4.97243
9953144,NYC,Private room,4.38203,4.24556
19360560,DC,Private room,4.49981,4.78616
12284747,Chicago,Entire home/apt,6.39693,5.83351
732999,LA,Entire home/apt,5.18739,4.90213
15707125,NYC,Private room,4.04305,4.47978
4549627,NYC,Private room,5.27300,5.13335
8543591,NYC,Entire home/apt,4.85981,4.71971
2565129,LA,Entire home/apt,4.34381,4.77279
7252174,Boston,Entire home/apt,4.60517,5.14137
683670,NYC,Entire home/apt,4.78749,4.97192
21029678,LA,Entire home/apt,5.38907,5.40337
8445013,NYC,Entire home/apt,5.37064,5.10634
12972292,LA,Entire home/apt,5.01064,4.90672
15374003,Boston,Private room,4.24850,4.73657
4803750,NYC,Private room,4.23411,4.12379
5774013,NYC,Entire home/apt,4.97673,4.99158
6516344,NYC,Entire home/apt,6.90776,6.55325
15942358,NYC,Entire home/apt,4.31749,4.43034
18516072,LA,Entire home/apt,7.08590,6.36867
19590968,DC,Entire home/apt,5.99146,5.64521
16336436,NYC,Private room,3.85015,3.83206
18265387,Chicago,Entire home/apt,4.77912,5.18462
17013882,Chicago,Entire home/apt,4.44265,4.47495
6968737,LA,Entire home/apt,5.12990,5.41641
15060745,NYC,Entire home/apt,5.29832,5.58244
17175058,NYC,Entire home/apt,5.29330,5.26545
16038196,LA,Shared room,3.58352,3.68964
4234644,SF,Entire home/apt,5.22036,5.19500
1130839,NYC,Private room,4.17439,4.08587
1235905,Chicago,Entire home/apt,5.29330,5.41935
12427785,LA,Entire home/apt,4.82028,4.78936
10742225,SF,Entire home/apt,5.66988,5.88232
16485949,NYC,Entire home/apt,4.92725,4.93564
20898298,LA,Private room,4.23411,4.20438
15208609,DC,Private room,4.31749,4.34221
16319470,NYC,Private room,4.23411,4.47733
8013810,LA,Shared room,2.70805,2.59675
20129950,NYC,Entire home/apt,4.93447,5.31429
18161036,NYC,Private room,3.91202,4.02125
19922292,NYC,Entire home/apt,5.32301,5.34820
2636365,NYC,Entire home/apt,4.97673,5.12430
15564777,SF,Shared room,3.49651,3.84886
14819300,NYC,Private room,4.60517,4.29252
14823526,NYC,Private room,4.44265,4.42689
18586351,LA,Entire home/apt,5.41610,5.34806
5833227,NYC,Entire home/apt,4.74493,4.51490
12092399,DC,Private room,4.09434,4.04133
12974628,NYC,Private room,3.40120,4.00383
17733797,NYC,Entire home/apt,4.55388,4.81153
2461673,DC,Entire home/apt,7.60040,5.53044
3048605,LA,Entire home/apt,4.82831,5.13889
7615490,NYC,Shared room,4.00733,4.61239
15831564,LA,Private room,4.60517,4.79615
5456061,LA,Private room,4.44265,4.16846
17311213,NYC,Entire home/apt,5.70044,5.66585
15986033,NYC,Entire home/apt,4.38203,4.75912
10947430,NYC,Private room,3.68888,4.32407
8235,NYC,Entire home/apt,5.29832,4.92410
9883870,NYC,Private room,4.55388,4.71439
4083306,NYC,Private room,4.09434,4.15525
13193534,NYC,Private room,4.24850,4.23008
18073697,NYC,Private room,3.95124,4.08521
6973563,NYC,Shared room,3.97029,4.17118
3780206,NYC,Private room,4.49981,4.88533
10997225,NYC,Private room,4.00733,4.03895
20819958,NYC,Entire home/apt,5.41610,5.49841
11624515,Chicago,Private room,2.94444,3.74425
5580648,SF,Entire home/apt,6.47697,6.53724
2182456,NYC,Private room,4.38203,4.17012
18077717,NYC,Private room,4.59512,4.39805
11816814,DC,Private room,3.91202,4.11377
7791787,NYC,Entire home/apt,5.70044,5.89665
9840044,NYC,Private room,4.82831,4.33659
2942260,DC,Private room,4.82831,4.82259
16425613,LA,Private room,3.91202,4.04510
19626464,Boston,Private room,4.94164,4.79517
1550047,NYC,Private room,4.09434,4.48138
8391532,NYC,Private room,4.17439,4.09491
16230291,NYC,Private room,3.80666,4.18942
21010537,DC,Entire home/apt,4.86753,4.82600
13681237,NYC,Entire home/apt,4.56435,4.75961
7433174,LA,Private room,4.55388,4.15768
5059943,DC,Private room,5.85507,4.76634
17927099,NYC,Private room,4.12713,4.05742
16382645,LA,Entire home/apt,4.86753,4.78066
16260880,NYC,Entire home/apt,4.59512,4.44801
10515945,NYC,Entire home/apt,5.01064,4.91660
19811114,Boston,Entire home/apt,5.18739,4.99188
7200503,LA,Entire home/apt,4.90527,4.85067
15648413,Boston,Entire home/apt,5.24175,4.72430
15360220,NYC,Private room,4.17439,4.11405
2208295,LA,Entire home/apt,5.04343,4.91290
3654510,NYC,Private room,4.63473,4.44312
9078918,SF,Private room,4.23411,4.27599
18241803,NYC,Private room,3.80666,4.05637
15420562,NYC,Entire home/apt,6.20456,5.71495
396013,DC,Entire home/apt,6.39693,6.17069
2731202,NYC,Entire home/apt,4.48864,4.55863
1776732,NYC,Entire home/apt,5.41610,5.37265
18826776,LA,Private room,4.11087,3.81247
16897705,NYC,Entire home/apt,5.24175,5.00825
7027826,NYC,Entire home/apt,4.84419,4.52081
17334498,LA,Private room,4.65396,4.30894
12268056,LA,Entire home/apt,4.44265,4.51193
16422834,NYC,Private room,3.76120,4.15222
4693875,NYC,Entire home/apt,5.01064,4.74829
2425871,LA,Private room,4.44265,4.41498
10052587,NYC,Private room,4.17439,4.13771
3712757,LA,Entire home/apt,5.19296,4.99756
9980859,NYC,Private room,4.60517,4.17586
4573768,LA,Entire home/apt,5.61677,5.65100
4263488,NYC,Private room,4.29046,4.47356
7368190,NYC,Entire home/apt,5.29330,5.17021
9488188,NYC,Private room,4.94164,4.15629
6415249,NYC,Private room,4.49981,4.39514
16453160,LA,Entire home/apt,6.25190,6.15111
13379421,LA,Entire home/apt,4.31749,4.84093
8840959,Boston,Entire home/apt,5.01064,5.42340
5694422,LA,Private room,4.60517,4.27341
16577069,NYC,Private room,4.59512,4.67262
16111476,SF,Entire home/apt,5.01064,5.55179
16583269,LA,Entire home/apt,5.00395,5.07296
15555464,LA,Entire home/apt,6.62007,6.47300
18096644,NYC,Private room,4.23411,4.00285
21006709,NYC,Entire home/apt,4.38203,5.25429
6674826,SF,Entire home/apt,5.29832,5.25675
15126414,NYC,Entire home/apt,5.16479,5.58597
17711806,LA,Entire home/apt,5.43808,5.28545
14474519,DC,Entire home/apt,5.37064,5.69939
11588486,NYC,Entire home/apt,5.87493,5.47093
15683732,NYC,Private room,5.43372,5.20758
9298008,DC,Private room,3.91202,4.13496
9064112,NYC,Private room,4.38203,4.43330
8740923,LA,Private room,4.24850,4.28491
19749719,LA,Entire home/apt,5.01064,5.22340
840103,SF,Private room,3.80666,4.41878
12735969,NYC,Entire home/apt,5.01064,5.38478
20874350,LA,Private room,4.55388,4.54107
13316998,NYC,Private room,4.24850,4.40588
19636727,LA,Entire home/apt,4.78749,5.01488
19674485,LA,Private room,4.41884,4.29409
16988061,NYC,Entire home/apt,5.45959,5.72527
1682958,NYC,Private room,4.00733,4.57282
1226324,DC,Entire home/apt,5.52146,6.16051
6884320,Boston,Entire home/apt,5.70378,5.41863
13990920,LA,Entire home/apt,4.70048,4.39857
5146120,NYC,Entire home/apt,5.29330,5.34998
1081059,NYC,Entire home/apt,5.01064,5.05313
15939618,LA,Entire home/apt,5.79606,6.62468
1393717,DC,Private room,4.18965,4.19582
8028280,DC,Entire home/apt,6.60530,6.29845
4644688,NYC,Entire home/apt,5.52146,5.19383
3441130,NYC,Private room,3.68888,3.73584
18466089,LA,Shared room,3.21888,3.10954
19733847,LA,Entire home/apt,6.30992,6.60927
5296068,NYC,Private room,4.44265,4.31187
17334391,DC,Entire home/apt,5.07517,5.41660
20788865,LA,Entire home/apt,5.57973,5.41718
12010033,Boston,Private room,4.82831,4.28716
212140,NYC,Entire home/apt,5.01064,4.76847
8933705,NYC,Private room,4.17439,4.04791
13915699,NYC,Private room,3.97029,4.00834
13596544,Chicago,Entire home/apt,6.21461,5.52837
10039256,SF,Entire home/apt,5.70378,5.67690
15829371,SF,Entire home/apt,5.24175,5.71498
4526315,Boston,Entire home/apt,5.05625,5.21710
16634568,SF,Private room,5.23644,4.59196
16674406,NYC,Private room,4.11087,4.10303
11935301,LA,Private room,4.07754,3.93661
2206115,DC,Private room,5.01064,4.37252
14041379,LA,Entire home/apt,4.17439,4.36531
3442067,LA,Entire home/apt,5.29832,5.25320
15154905,DC,Private room,3.93183,4.53376
20116323,NYC,Private room,4.06044,4.02878
357157,NYC,Private room,6.48464,4.67716
7854569,LA,Private room,5.29832,4.49235
1797001,SF,Entire home/apt,7.14677,5.99093
2538348,LA,Private room,4.56435,4.10155
12205224,Boston,Entire home/apt,4.90527,5.01375
4808738,NYC,Entire home/apt,4.78749,4.68184
7775711,Chicago,Entire home/apt,4.29046,4.81087
9994860,DC,Entire home/apt,5.29330,5.93878
18177280,SF,Entire home/apt,6.43775,6.15317
4430774,LA,Private room,4.77068,4.47635
20197582,DC,Entire home/apt,2.30259,4.96249
11228185,LA,Entire home/apt,5.34711,5.38786
16122684,LA,Entire home/apt,5.12990,4.89516
8174958,NYC,Private room,4.17439,4.15003
12836881,NYC,Entire home/apt,5.00395,5.17473
5804746,NYC,Entire home/apt,5.19296,4.80926
4343510,SF,Private room,4.49981,4.61396
10710892,SF,Entire home/apt,5.52146,5.42657
15915145,Boston,Entire home/apt,5.01064,5.13474
8310864,LA,Private room,4.38203,4.48826
4948953,NYC,Private room,4.24850,4.07414
8934887,NYC,Entire home/apt,5.10595,4.82633
17701565,DC,Private room,5.70378,4.79545
16812429,DC,Entire home/apt,4.53260,5.04786
13694429,LA,Entire home/apt,4.57471,4.68870
6832557,LA,Private room,3.46574,3.87520
9457917,NYC,Private room,4.44265,4.52269
3371088,DC,Private room,4.59512,4.48157
16130748,NYC,Entire home/apt,5.29832,5.15717
18929229,DC,Entire home/apt,5.52146,5.08361
15758558,NYC,Entire home/apt,4.55388,4.68236
1398326,NYC,Private room,4.65396,4.71968
531363,SF,Entire home/apt,5.16479,5.12563
20427684,NYC,Entire home/apt,5.01064,5.24557
16268949,NYC,Entire home/apt,5.00395,5.33180
11534242,NYC,Entire home/apt,5.29832,5.14601
17348224,LA,Entire home/apt,5.98896,4.73986
14555325,DC,Entire home/apt,5.29832,5.66968
11529762,DC,Private room,4.55388,4.57467
14920207,NYC,Entire home/apt,4.38203,4.73462
9907257,NYC,Private room,3.95124,4.21487
7581690,DC,Entire home/apt,4.97673,4.99713
17421828,NYC,Private room,4.60517,4.67137
8781837,DC,Private room,4.38203,4.23665
17827973,NYC,Private room,3.91202,4.06130
20648797,LA,Entire home/apt,5.22036,5.12864
15506892,NYC,Entire home/apt,5.16479,5.08860
3547163,LA,Entire home/apt,5.06890,5.03912
8635973,LA,Private room,4.17439,4.18301
6479228,LA,Entire home/apt,4.21951,4.45457
13786370,LA,Private room,4.88280,4.58891
1467233,LA,Entire home/apt,4.79579,4.71795
18944494,DC,Private room,3.55535,4.08188
6934874,LA,Private room,3.36730,3.70755
5307894,LA,Entire home/apt,4.44265,4.56924
4031951,NYC,Entire home/apt,5.04343,5.31391
1311602,NYC,Entire home/apt,5.13580,5.08017
64107,LA,Private room,4.55388,4.28277
1919647,Chicago,Entire home/apt,6.15060,5.97530
7028199,LA,Private room,4.17439,4.90217
144428,NYC,Private room,4.60517,4.34322
8421068,LA,Entire home/apt,4.82831,4.72685
12807447,NYC,Entire home/apt,4.91998,5.25946
18312426,NYC,Entire home/apt,5.52146,5.21137
13771851,LA,Entire home/apt,4.85981,4.90168
20760187,DC,Entire home/apt,5.51745,4.94042
17011237,LA,Entire home/apt,4.38203,4.50757
15787428,Chicago,Private room,4.31749,4.12059
19329546,Boston,Entire home/apt,4.85981,5.27110
4440611,SF,Private room,4.85981,4.49048
13683592,LA,Private room,4.09434,4.29433
11302528,NYC,Private room,3.66356,3.91629
9592239,SF,Private room,4.58497,4.51198
7966943,SF,Entire home/apt,5.98896,5.34564
17827301,SF,Private room,3.91202,4.35052
12368082,NYC,Private room,3.80666,4.09367
21149360,NYC,Entire home/apt,5.29330,5.66983
4823183,DC,Entire home/apt,5.41610,5.71028
3801701,LA,Entire home/apt,4.96981,4.89445
3465175,NYC,Entire home/apt,5.85793,5.46574
3642278,NYC,Private room,3.89182,4.21378
14808561,NYC,Entire home/apt,5.52146,5.26443
12127932,NYC,Private room,3.55535,4.00862
16314494,NYC,Entire home/apt,5.19296,5.07027
17718021,Boston,Entire home/apt,5.20401,5.28619
20255262,SF,Entire home/apt,6.21461,5.91663
8732244,NYC,Entire home/apt,5.66988,5.26916
18169608,NYC,Private room,4.23411,4.29834
900673,NYC,Private room,4.49981,4.60664
18470412,LA,Entire home/apt,5.29330,5.29650
6691047,NYC,Private room,5.24702,4.78618
7363327,LA,Private room,4.07754,3.61130
16054326,NYC,Private room,4.69135,4.90573
20031008,NYC,Private room,4.17439,4.03244
13630755,LA,Entire home/apt,4.24850,4.36027
18373345,NYC,Private room,4.00733,4.15436
5825904,NYC,Entire home/apt,6.10925,5.24679
5857692,NYC,Entire home/apt,5.55683,5.39906
1582106,SF,Entire home/apt,5.61677,6.02379
1472071,LA,Entire home/apt,5.00395,4.93110
9124709,NYC,Private room,4.24850,4.35851
15023813,NYC,Private room,3.89182,4.13223
15421276,Chicago,Private room,4.31749,4.51395
6558650,LA,Entire home/apt,4.24850,4.59564
189181,LA,Entire home/apt,4.36945,4.48912
12243795,LA,Private room,4.38203,4.59725
18615202,NYC,Private room,4.77068,4.67488
2563683,SF,Entire home/apt,5.59842,5.62102
16828817,NYC,Entire home/apt,4.90527,4.99402
3377936,LA,Entire home/apt,5.65249,5.53767
17500336,LA,Private room,4.49981,4.34078
12584879,NYC,Private room,4.18965,4.60464
865873,NYC,Private room,4.17439,4.35501
9606425,Boston,Private room,4.58497,4.25521
2298711,SF,Entire home/apt,5.85793,5.51961
8034092,LA,Private room,4.23411,4.33639
3384720,LA,Entire home/apt,5.70378,5.62038
13438388,LA,Entire home/apt,4.60517,4.66930
20216179,LA,Entire home/apt,5.70378,5.91019
18312786,LA,Entire home/apt,4.70048,4.43062
18733604,NYC,Entire home/apt,5.29832,5.15926
300329,LA,Entire home/apt,4.65396,4.52882
17704215,NYC,Entire home/apt,4.90527,5.17647
59314,LA,Shared room,3.25810,3.55326
16633198,NYC,Private room,4.24850,4.42062
9870,LA,Entire home/apt,4.74493,5.28129
17178923,DC,Entire home/apt,4.94164,4.59337
17156850,NYC,Entire home/apt,5.52146,5.17843
13547323,LA,Entire home/apt,4.97673,4.88333
11077282,SF,Entire home/apt,5.00395,5.48568
18040218,LA,Private room,3.91202,3.88439
8700337,NYC,Private room,4.60517,4.29746
5433961,Boston,Private room,4.96981,4.73664
3415335,NYC,Entire home/apt,5.28827,5.27682
2722983,DC,Entire home/apt,5.70378,5.95588
16476403,DC,Entire home/apt,5.12990,4.94421
8306923,NYC,Shared room,3.80666,3.68964
17664517,NYC,Entire home/apt,4.82831,4.69065
8813794,SF,Entire home/apt,5.41610,5.97555
20409516,NYC,Entire home/apt,5.29832,5.17596
16272617,Chicago,Entire home/apt,5.92693,5.90514
12266452,Boston,Private room,4.17439,4.05041
2944266,Boston,Entire home/apt,4.76217,4.83887
3283844,NYC,Private room,3.55535,3.92249
17978999,NYC,Entire home/apt,5.54126,4.80512
15398380,NYC,Private room,3.80666,4.00727
15830044,LA,Private room,4.09434,4.27010
16163991,LA,Private room,4.31749,4.43112
20638170,DC,Private room,4.24850,4.42996
7498508,LA,Entire home/apt,5.52146,5.63063
17558130,NYC,Private room,4.49981,4.28768
17138093,NYC,Entire home/apt,4.93447,4.83800
12170073,NYC,Private room,4.24850,4.05972
53470,NYC,Entire home/apt,4.90527,5.21851
18892937,LA,Entire home/apt,4.97673,4.96279
12681936,LA,Private room,3.87120,4.18196
7341983,NYC,Entire home/apt,5.39363,5.08394
5262416,NYC,Entire home/apt,4.82028,4.64446
13506168,NYC,Entire home/apt,4.40672,5.18761
16351081,LA,Entire home/apt,6.10925,5.29220
20552015,NYC,Entire home/apt,5.52146,5.19037
15512302,LA,Private room,5.01064,4.71664
13128045,NYC,Private room,4.24850,4.53735
18190439,LA,Entire home/apt,4.82831,4.65294
19304903,SF,Entire home/apt,5.49717,5.93451
18329309,LA,Private room,3.91202,4.28308
6428581,DC,Entire home/apt,4.73620,6.46986
16071326,NYC,Entire home/apt,4.54329,4.51768
16298317,LA,Private room,4.23411,4.31304
13941545,Boston,Private room,3.82864,4.21713
17895036,SF,Entire home/apt,5.44674,5.64413
18376901,NYC,Shared room,3.68888,3.83697
8352469,Boston,Entire home/apt,5.68698,5.40743
8904076,NYC,Entire home/apt,5.07517,4.97663
16352458,NYC,Entire home/apt,5.99146,5.38053
9331072,LA,Private room,4.00733,4.26214
2165679,LA,Entire home/apt,4.60517,4.67677
17525917,NYC,Entire home/apt,5.70378,4.91441
18539793,DC,Entire home/apt,5.51343,5.58545
6227470,SF,Entire home/apt,5.94017,6.13329
14322,NYC,Entire home/apt,5.24702,5.25668
12267668,LA,Entire home/apt,4.75359,4.84979
7885034,SF,Private room,4.17439,4.02306
20542163,NYC,Private room,4.00733,4.23538
20616929,NYC,Entire home/apt,5.01064,5.23079
13727297,NYC,Entire home/apt,4.60517,4.85961
14953026,DC,Entire home/apt,5.16479,5.02578
7278845,NYC,Entire home/apt,5.52146,5.43617
10020717,LA,Private room,3.98898,4.09114
4410142,NYC,Private room,3.91202,3.89093
1296218,Chicago,Private room,4.36945,3.99651
14433076,Chicago,Private room,4.24850,4.50442
13551088,DC,Entire home/apt,4.59512,4.77175
20844571,LA,Entire home/apt,4.36945,4.66873
18685694,LA,Private room,4.24850,4.01665
14100582,NYC,Entire home/apt,4.60517,4.77794
84480,NYC,Private room,4.31749,4.17718
19892110,LA,Entire home/apt,5.16479,5.00969
3981082,LA,Entire home/apt,5.24702,5.58645
1890388,NYC,Entire home/apt,5.29832,5.14908
14668858,NYC,Entire home/apt,4.36945,4.59331
5447656,NYC,Private room,3.55535,3.90939
8153240,LA,Entire home/apt,5.99146,6.14537
3748684,NYC,Entire home/apt,6.55108,5.34866
880102,DC,Entire home/apt,4.47734,4.37359
16517301,Chicago,Private room,4.00733,4.18224
13493656,NYC,Entire home/apt,5.43372,5.20990
17573056,LA,Entire home/apt,6.10702,5.59869
480549,DC,Entire home/apt,4.60517,4.65656
17123646,NYC,Shared room,3.91202,4.09911
15196172,NYC,Entire home/apt,5.01064,5.04678
17513051,NYC,Entire home/apt,5.48064,5.36233
16766700,DC,Private room,4.00733,3.98241
598732,DC,Private room,4.31749,4.27858
16396521,LA,Entire home/apt,4.60517,4.91013
18223898,Chicago,Entire home/apt,5.18739,5.49511
2209038,LA,Entire home/apt,5.01064,5.42882
11368434,NYC,Private room,3.63759,4.24941
9537970,NYC,Private room,4.06044,4.26492
13561897,NYC,Private room,4.09434,4.24897
14156170,NYC,Entire home/apt,5.19296,5.15787
16813633,NYC,Private room,4.00733,4.32152
8032781,LA,Private room,4.23411,4.23011
14633324,SF,Entire home/apt,5.29832,5.08529
4216296,LA,Private room,3.80666,3.87224
13033130,NYC,Private room,4.45435,4.46774
17841354,DC,Private room,4.09434,4.30989
6466590,NYC,Entire home/apt,4.49981,4.84359
19052002,SF,Entire home/apt,5.23111,5.72782
6791878,LA,Shared room,3.21888,3.37411
19266652,LA,Entire home/apt,4.49981,4.45749
7037791,LA,Private room,5.12990,4.63018
19457062,Boston,Private room,5.29832,4.33756
7093540,LA,Private room,3.91202,4.13090
15902185,LA,Private room,4.44265,4.54475
14187084,NYC,Entire home/apt,5.01064,5.10399
11964716,DC,Entire home/apt,6.12468,5.73968
19594735,LA,Private room,4.45435,4.05662
13038474,DC,Shared room,4.09434,3.64589
6130861,LA,Private room,4.07754,3.82655
3207719,SF,Entire home/apt,5.99146,5.25577
13072490,Boston,Private room,4.85981,4.49989
15867158,NYC,Private room,4.33073,4.33913
12829059,LA,Private room,3.91202,4.25444
12892588,NYC,Entire home/apt,5.75257,5.83007
16069541,NYC,Entire home/apt,5.24702,4.83197
11953056,NYC,Entire home/apt,5.41610,5.14027
3359768,Boston,Entire home/apt,5.16479,5.06733
10086344,NYC,Private room,4.30407,4.50667
5050157,Boston,Entire home/apt,4.86753,4.99197
15944313,Chicago,Entire home/apt,6.21261,5.55458
12540640,LA,Entire home/apt,5.51745,5.88906
11594975,LA,Entire home/apt,5.41610,5.18380
16313671,NYC,Entire home/apt,4.85981,4.99086
17122914,LA,Private room,4.24850,4.31699
3231409,LA,Private room,5.01064,4.63494
8904701,LA,Private room,5.01064,4.49948
9411607,Boston,Entire home/apt,5.00395,4.99437
6043642,NYC,Private room,4.09434,4.40858
20874101,NYC,Private room,4.43082,4.51286
19298102,NYC,Private room,5.12990,4.90450
13447109,NYC,Private room,4.49981,4.84314
976177,NYC,Private room,4.44265,4.31222
13308317,LA,Entire home/apt,4.85981,4.67662
20726692,LA,Private room,4.31749,4.24573
14231889,LA,Private room,4.00733,3.94499
17961202,SF,Entire home/apt,5.61677,5.27526
15021862,LA,Entire home/apt,5.16479,5.18639
15805615,NYC,Entire home/apt,5.01064,4.78259
14639518,NYC,Private room,5.41610,4.36493
12467517,LA,Shared room,6.07074,3.77917
15821752,SF,Entire home/apt,6.21461,5.86652
16688334,LA,Entire home/apt,4.47734,4.52164
16794429,SF,Entire home/apt,7.09008,6.45075
6303165,Boston,Private room,4.09434,4.19740
7661218,NYC,Entire home/apt,4.86753,4.95533
1831355,Boston,Private room,4.58497,4.23654
14186493,NYC,Private room,4.09434,3.89539
18410445,NYC,Private room,4.31749,4.23908
4874722,NYC,Entire home/apt,4.59512,5.05776
8257585,NYC,Entire home/apt,5.24702,5.09885
20742461,LA,Entire home/apt,5.32301,5.74589
14822445,SF,Entire home/apt,5.85507,5.66135
669005,Boston,Entire home/apt,5.29832,5.64221
766700,NYC,Private room,4.38203,4.23672
18850750,NYC,Private room,4.00733,4.29915
19830610,NYC,Shared room,5.29832,4.23612
18311582,NYC,Private room,4.24850,4.34718
16477270,NYC,Entire home/apt,5.07517,5.16373
3917367,NYC,Private room,4.62497,4.58614
1581579,NYC,Entire home/apt,4.49981,4.85619
10724597,NYC,Entire home/apt,5.28827,5.15224
7884731,NYC,Entire home/apt,5.00395,4.80847
17383428,NYC,Entire home/apt,5.10595,5.45941
2482902,NYC,Entire home/apt,4.31749,4.62188
10257097,NYC,Entire home/apt,6.08904,6.10300
9096011,LA,Entire home/apt,4.71850,4.75030
19325952,Boston,Entire home/apt,5.70044,5.53128
4663060,NYC,Entire home/apt,4.78749,4.96355
2966453,DC,Entire home/apt,4.31749,4.75358
17160500,NYC,Entire home/apt,4.70048,4.87647
10469108,NYC,Entire home/apt,5.16479,5.21626
14453043,DC,Shared room,4.09434,4.21352
8388278,LA,Private room,4.07754,4.21066
14809727,NYC,Private room,3.80666,4.32972
18037392,NYC,Entire home/apt,5.52146,5.49036
9148197,NYC,Private room,4.38203,4.10569
21055320,LA,Entire home/apt,4.53260,4.92058
15094609,LA,Private room,4.17439,4.25714
2208545,NYC,Entire home/apt,4.86753,4.86790
10053505,LA,Entire home/apt,5.30330,6.13858
1215836,SF,Entire home/apt,5.29832,5.48913
13262480,LA,Private room,4.00733,4.05365
1924920,NYC,Entire home/apt,4.24850,4.68665
1279234,DC,Entire home/apt,4.02535,4.91675
7278653,NYC,Entire home/apt,5.04343,5.04691
12161990,NYC,Private room,5.22036,4.45197
12307449,NYC,Private room,4.23411,4.58223
17152350,Boston,Entire home/apt,5.51745,5.16666
17014113,LA,Private room,4.47734,4.52521
185630,LA,Entire home/apt,4.54329,4.91582
7345468,LA,Entire home/apt,5.48064,5.61104
16723252,NYC,Entire home/apt,4.21951,4.34878
11348540,Chicago,Entire home/apt,5.27300,5.33729
9611121,NYC,Entire home/apt,4.70048,5.07452
577883,LA,Private room,4.65396,4.58678
7254172,NYC,Entire home/apt,5.03695,5.15764
8213379,LA,Private room,3.85015,4.05857
11106074,NYC,Entire home/apt,4.85981,4.81861
4022990,DC,Private room,3.78419,4.25110
19704114,SF,Entire home/apt,5.70378,5.72094
8829023,DC,Entire home/apt,4.70048,5.04575
14806212,LA,Entire home/apt,5.01064,4.74903
5525005,NYC,Entire home/apt,5.20401,5.10412
13503536,NYC,Private room,5.27300,5.11835
6822277,LA,Private room,3.85015,4.06623
11826897,DC,Entire home/apt,5.52146,6.13527
13918656,NYC,Entire home/apt,4.31749,4.46347
12167857,DC,Entire home/apt,4.38203,4.30777
17676563,SF,Entire home/apt,5.92693,5.97875
20788754,NYC,Entire home/apt,5.29832,5.43291
16134194,DC,Private room,4.04305,4.41134
13452121,LA,Entire home/apt,4.55388,4.56313
10017847,NYC,Private room,3.82864,3.90737
8663101,DC,Private room,5.13580,5.09087
11688611,LA,Private room,4.17439,3.87990
7968888,NYC,Entire home/apt,5.52146,5.55831
15494746,NYC,Private room,6.90776,3.95947
17724001,Chicago,Entire home/apt,4.77912,5.31164
1016604,NYC,Entire home/apt,5.70378,5.58963
8337703,Chicago,Entire home/apt,6.31897,5.79263
11324565,NYC,Private room,3.93183,4.19096
17921167,NYC,Entire home/apt,5.70378,5.43257
51773,NYC,Entire home/apt,6.21461,5.62021
20394850,NYC,Entire home/apt,5.24702,5.28438
15986225,DC,Entire home/apt,5.70378,5.81334
12546799,NYC,Entire home/apt,5.01064,5.27049
12472839,NYC,Entire home/apt,5.16479,5.37353
6092506,NYC,Entire home/apt,4.92725,5.07909
11152754,NYC,Entire home/apt,5.24175,5.13943
176135,NYC,Entire home/apt,4.49981,4.49961
350479,LA,Entire home/apt,3.43399,4.40280
4384442,LA,Private room,4.79579,4.70150
3344918,SF,Entire home/apt,5.76832,5.35102
553648,LA,Private room,4.60517,4.41050
17539859,LA,Private room,3.91202,3.93615
19575223,NYC,Entire home/apt,4.99043,4.87225
12593801,NYC,Private room,4.09434,4.27939
21063674,DC,Entire home/apt,4.78749,4.75903
13392820,LA,Entire home/apt,4.59512,5.22962
17269328,NYC,Entire home/apt,5.29330,5.01349
209514,SF,Private room,4.54329,4.99566
3101746,LA,Private room,4.56435,4.46957
17192420,NYC,Private room,4.21951,3.87901
17546482,LA,Private room,3.80666,4.24206
9313758,NYC,Entire home/apt,5.78383,5.49381
20040994,NYC,Entire home/apt,4.55388,4.54855
17019650,NYC,Entire home/apt,6.47697,6.12834
4083095,NYC,Private room,4.72739,4.22221
16350448,LA,Private room,4.54329,4.85481
4469264,LA,Entire home/apt,4.44265,4.91679
3808683,NYC,Entire home/apt,5.03695,4.99616
7330060,NYC,Entire home/apt,5.29832,5.34535
20082804,NYC,Entire home/apt,5.01064,4.95162
7711392,NYC,Private room,4.59512,4.68419
16794755,LA,Entire home/apt,5.29330,4.82504
18714427,NYC,Entire home/apt,4.48864,4.88156
8578865,NYC,Entire home/apt,5.01064,4.98601
13157631,LA,Entire home/apt,5.63479,5.47321
14840963,Boston,Entire home/apt,5.16479,5.48577
15064738,DC,Private room,6.68461,4.99199
14027069,LA,Entire home/apt,6.20051,6.54255
2501809,LA,Entire home/apt,5.29832,5.07363
16756677,Chicago,Entire home/apt,4.85981,5.32811
15377107,NYC,Private room,3.46574,3.77460
11942275,NYC,Private room,4.69135,4.90363
3509822,LA,Private room,4.65396,4.45700
18359326,LA,Private room,4.59512,3.97374
12083451,LA,Private room,4.17439,4.02367
9197404,SF,Entire home/apt,4.90527,5.37503
13543796,Chicago,Private room,3.80666,3.82170
2471393,NYC,Private room,4.14313,4.01679
17961936,NYC,Private room,3.71357,3.76855
17847345,NYC,Private room,4.78749,4.40229
18504204,NYC,Entire home/apt,6.21261,5.50384
15630258,LA,Entire home/apt,6.90776,5.71517
8218942,NYC,Entire home/apt,5.29832,5.14036
5445805,NYC,Private room,4.24850,3.99817
8425251,SF,Entire home/apt,5.01064,5.01388
4200067,LA,Private room,3.58352,3.79900
7308623,NYC,Entire home/apt,5.76832,5.33785
14219518,NYC,Entire home/apt,5.01728,5.18297
9574564,NYC,Entire home/apt,4.90527,4.72668
9275244,SF,Private room,4.44265,4.53744
7858096,NYC,Entire home/apt,4.82831,5.07324
11362459,DC,Entire home/apt,4.78749,4.98203
15418736,NYC,Private room,4.09434,4.08233
3042547,LA,Entire home/apt,4.82831,5.32356
13531398,NYC,Private room,4.17439,4.17064
8581470,SF,Private room,5.29832,4.92329
17237026,DC,Entire home/apt,5.85793,6.13007
10595561,NYC,Entire home/apt,5.34711,5.46732
17252724,DC,Entire home/apt,5.29832,4.78965
17117602,Chicago,Entire home/apt,5.29832,4.73881
4407557,Boston,Private room,4.45435,4.69947
18909224,NYC,Private room,4.09434,4.41830
17893064,Chicago,Private room,3.80666,3.82955
7086626,NYC,Entire home/apt,5.10595,5.31327
9966717,LA,Entire home/apt,3.97029,4.48741
17875851,LA,Entire home/apt,4.60517,4.59937
19021031,SF,Private room,5.06890,4.71494
16567925,DC,Entire home/apt,4.78749,5.13693
7196827,LA,Entire home/apt,4.23411,4.28335
15424599,NYC,Entire home/apt,5.43808,5.14481
17193862,LA,Entire home/apt,4.69135,4.46143
12094028,Chicago,Entire home/apt,5.12990,4.96775
16230205,Boston,Entire home/apt,5.24175,5.19347
13201687,LA,Entire home/apt,6.90776,7.13770
14473876,NYC,Private room,4.58497,4.51502
20557463,NYC,Private room,4.55388,3.99156
11361106,NYC,Entire home/apt,6.39693,5.11397
18314512,LA,Private room,4.36945,4.90047
13343372,NYC,Private room,3.91202,4.01993
10213446,NYC,Entire home/apt,4.47734,4.62038
16723963,LA,Private room,4.82831,4.88148
14680276,SF,Entire home/apt,4.82831,4.96545
10930621,Chicago,Private room,4.48864,4.44359
16436970,LA,Entire home/apt,4.31749,4.64247
14707466,LA,Private room,4.24850,4.09021
14197533,NYC,Entire home/apt,5.59471,5.55389
515588,NYC,Entire home/apt,4.96981,4.91603
12036817,DC,Entire home/apt,5.06890,5.05761
9729535,Chicago,Private room,3.55535,3.58337
13361326,NYC,Private room,4.44265,4.17503
16583485,NYC,Entire home/apt,5.57973,5.30661
15266239,LA,Entire home/apt,6.21461,5.38480
19118803,NYC,Private room,4.60517,4.66565
562083,LA,Private room,3.91202,4.13760
15478604,NYC,Entire home/apt,5.39363,5.33356
19315654,NYC,Private room,4.58497,4.76055
5027620,LA,Entire home/apt,4.31749,4.60264
14690655,NYC,Private room,3.91202,4.53341
15251875,SF,Private room,4.38203,4.44747
9992834,LA,Entire home/apt,4.36945,4.67119
14372599,LA,Private room,4.70953,4.79182
12174251,NYC,Entire home/apt,4.56435,4.47287
15421578,NYC,Entire home/apt,5.53339,5.44592
14594577,LA,Entire home/apt,6.62007,5.95948
18344609,Boston,Private room,4.65396,4.67492
11256539,SF,Private room,4.55388,4.48810
10788537,NYC,Private room,3.80666,4.04270
7515886,NYC,Entire home/apt,6.10925,5.75624
3667996,SF,Private room,3.09104,4.95721
18003556,Chicago,Entire home/apt,5.96358,5.50144
12244730,SF,Entire home/apt,4.60517,5.09098
9093991,NYC,Entire home/apt,5.41610,5.15826
13059631,SF,Private room,4.31749,4.59234
5803,NYC,Private room,4.09434,3.72463
9107118,LA,Entire home/apt,5.39363,5.26467
2519442,SF,Private room,5.04343,5.21323
20211603,DC,Entire home/apt,5.70044,5.20382
15775601,NYC,Entire home/apt,5.01064,4.80323
12953936,NYC,Private room,4.09434,4.21231
17112616,LA,Private room,3.68888,3.78827
6969512,DC,Entire home/apt,4.48864,5.44965
18038060,NYC,Private room,4.07754,4.08774
17480588,LA,Entire home/apt,6.79682,6.41625
17791535,SF,Entire home/apt,5.16479,5.46530
3255261,LA,Entire home/apt,5.13580,4.97044
15859684,NYC,Entire home/apt,5.00395,5.22725
6600116,LA,Private room,4.14313,4.36627
10104123,NYC,Private room,3.91202,4.30580
14715382,Chicago,Entire home/apt,4.31749,4.61599
20252985,LA,Entire home/apt,5.22036,5.38929
15561121,SF,Entire home/apt,4.78749,4.83458
18855341,LA,Private room,3.73767,4.09734
15731733,NYC,Private room,4.24850,3.88684
13319186,DC,Entire home/apt,4.55388,4.66958
18252313,NYC,Shared room,5.19296,4.23623
12024663,DC,Entire home/apt,4.97673,5.04783
20194540,LA,Private room,3.46574,3.85963
16076835,NYC,Entire home/apt,5.27300,4.99806
18729461,LA,Private room,4.59512,4.22981
3318359,NYC,Entire home/apt,4.35671,4.43340
10085478,DC,Private room,4.24850,4.46677
13548844,NYC,Entire home/apt,4.97673,5.00255
949557,Chicago,Entire home/apt,5.41610,5.00065
6781333,NYC,Entire home/apt,4.65396,4.63477
18632826,NYC,Private room,4.23411,4.30175
8458210,Chicago,Entire home/apt,5.29832,5.55039
12137322,LA,Entire home/apt,4.94164,4.79339
9020359,NYC,Private room,4.38203,4.45775
10526346,LA,Shared room,3.21888,3.83883
1697047,NYC,Entire home/apt,4.72739,4.79741
253623,NYC,Private room,5.29330,5.09228
18018404,LA,Entire home/apt,4.90527,4.94154
8870481,Boston,Private room,4.07754,4.06848
15817576,NYC,Private room,4.44265,4.54877
1689200,NYC,Private room,4.82831,4.34642
18472310,LA,Entire home/apt,5.29832,4.82727
562676,SF,Private room,3.91202,4.51652
14082471,Chicago,Private room,3.97029,4.07775
13699694,DC,Entire home/apt,4.94164,4.98325
9999351,NYC,Private room,4.31749,4.41547
18356416,LA,Entire home/apt,4.55388,4.57179
18771028,LA,Private room,3.21888,4.10017
10090334,NYC,Private room,4.44265,4.25754
16999364,NYC,Entire home/apt,4.78749,4.65334
15310719,LA,Private room,4.70048,4.53320
21078867,LA,Entire home/apt,4.65396,5.09894
14016840,LA,Private room,3.55535,3.73560
255476,NYC,Entire home/apt,4.97673,4.85131
446367,NYC,Entire home/apt,5.85793,6.19029
577243,NYC,Entire home/apt,6.68461,5.61207
11150047,DC,Entire home/apt,6.62007,6.73101
472376,NYC,Private room,4.82831,4.24551
7325230,NYC,Shared room,3.91202,4.15707
20174620,DC,Entire home/apt,4.82831,4.66169
16156966,NYC,Entire home/apt,4.78749,5.14404
13564620,NYC,Entire home/apt,5.45532,5.54115
14688313,LA,Entire home/apt,4.59512,4.73816
1732866,NYC,Private room,3.98898,4.29578
6362610,NYC,Entire home/apt,4.63473,5.34193
20269743,LA,Entire home/apt,4.97673,4.90893
19532907,LA,Entire home/apt,4.59512,4.60358
13240737,NYC,Entire home/apt,6.47697,6.22213
16556049,NYC,Entire home/apt,5.61677,5.22613
9908719,LA,Entire home/apt,4.09434,4.61674
8337597,SF,Entire home/apt,4.90527,5.40609
10625484,SF,Entire home/apt,5.34711,5.40587
9886034,LA,Entire home/apt,5.79606,5.42636
19428746,LA,Entire home/apt,4.74493,4.53175
4262255,DC,Entire home/apt,5.70378,5.06591
9496398,NYC,Entire home/apt,4.93447,5.40440
13803701,LA,Entire home/apt,5.37064,4.82617
10236578,NYC,Private room,4.24850,4.45462
4520449,NYC,Private room,4.60517,4.58768
9973600,NYC,Entire home/apt,5.01064,5.49124
17972467,NYC,Private room,4.31749,4.12604
15007995,NYC,Entire home/apt,6.68336,6.68462
16519650,DC,Entire home/apt,4.46591,4.77968
13577029,NYC,Entire home/apt,6.47697,6.01979
13661826,LA,Entire home/apt,4.60517,4.95577
6801606,Boston,Private room,4.17439,3.92806
9231341,NYC,Entire home/apt,5.78383,6.41218
13622647,LA,Private room,4.60517,4.36357
925917,NYC,Private room,4.60517,4.07512
294717,NYC,Entire home/apt,4.82831,5.04894
14523104,Boston,Private room,4.23411,4.16868
15590966,Chicago,Entire home/apt,5.07517,4.90348
10067187,Chicago,Private room,4.55388,4.49470
11000603,NYC,Entire home/apt,4.78749,4.74420
9700249,NYC,Private room,4.78749,4.34551
8443234,NYC,Private room,3.91202,4.16698
19684202,SF,Entire home/apt,5.63479,5.32480
19280591,LA,Entire home/apt,4.77068,4.82436
9466003,NYC,Entire home/apt,5.01064,5.03139
7025026,NYC,Private room,4.17439,4.12675
20990141,SF,Entire home/apt,5.68698,5.41498
18407764,LA,Entire home/apt,5.52146,5.48419
743217,NYC,Entire home/apt,4.91998,5.06717
18040713,DC,Entire home/apt,4.65396,4.91117
14099761,NYC,Entire home/apt,5.01064,5.73114
16618193,LA,Entire home/apt,6.57925,6.76067
523795,Chicago,Entire home/apt,5.10595,5.21339
15437646,NYC,Entire home/apt,4.70048,5.02213
5990896,LA,Entire home/apt,4.55388,4.38959
18283059,NYC,Private room,4.09434,4.23367
6713445,NYC,Private room,3.91202,4.33855
19435927,NYC,Entire home/apt,4.74493,4.91741
6143572,NYC,Private room,5.19296,4.67584
16823953,NYC,Private room,3.98898,4.01979
14535972,NYC,Shared room,3.29584,3.59806
14646562,SF,Entire home/apt,4.48864,4.76731
1228682,NYC,Entire home/apt,5.52146,5.66870
2447868,LA,Private room,4.09434,4.23488
851978,LA,Private room,4.07754,3.96264
2177440,NYC,Private room,4.17439,4.24065
13940161,NYC,Private room,3.78419,4.13220
10042932,DC,Private room,4.27667,4.32911
14582793,NYC,Private room,4.38203,4.14956
14070671,NYC,Entire home/apt,5.41610,4.91482
1203737,DC,Entire home/apt,5.27300,5.56643
14533505,NYC,Entire home/apt,4.78749,4.94481
16143403,Chicago,Entire home/apt,4.86753,5.49781
11458867,NYC,Entire home/apt,4.86753,5.18664
12369806,NYC,Entire home/apt,5.29832,5.33485
10930264,Chicago,Private room,4.82831,4.39366
1749399,LA,Private room,3.68888,3.84545
18136685,LA,Private room,4.31749,4.60401
19307310,NYC,Entire home/apt,6.84588,6.16612
13102409,LA,Entire home/apt,4.86753,4.61779
18073252,NYC,Private room,4.60517,4.57442
15914703,NYC,Entire home/apt,4.74493,4.66787
16417661,Chicago,Private room,3.82864,4.01164
19457407,LA,Entire home/apt,4.78749,5.19726
12347835,Boston,Entire home/apt,5.78383,5.73877
16995574,LA,Private room,5.01064,4.66574
19951510,NYC,Entire home/apt,5.07517,5.15000
625935,LA,Entire home/apt,4.59512,4.27859
3542880,LA,Private room,4.07754,4.50242
1041974,NYC,Private room,3.91202,4.43436
4251124,NYC,Private room,3.91202,4.42513
20530604,NYC,Entire home/apt,4.59512,5.68335
2305280,SF,Entire home/apt,5.27300,5.29529
17603687,LA,Entire home/apt,5.29832,5.22476
19101907,LA,Entire home/apt,4.47734,4.51389
9781028,NYC,Private room,4.44265,4.07313
1901611,LA,Entire home/apt,5.52146,5.10219
12013773,NYC,Private room,4.33073,4.36026
504564,NYC,Private room,4.77912,4.59108
19875301,Boston,Entire home/apt,5.98896,5.78048
7309427,NYC,Private room,3.89182,3.90163
20621651,LA,Private room,3.76120,3.80944
1094481,LA,Entire home/apt,6.55108,6.26620
7776880,NYC,Entire home/apt,3.91202,4.47393
14294831,SF,Entire home/apt,6.55108,6.37254
19123456,LA,Private room,4.24850,4.25036
17545934,Chicago,Entire home/apt,5.06260,5.15908
17923621,NYC,Entire home/apt,5.41610,5.17979
14138405,DC,Private room,4.38203,4.25976
4476115,NYC,Entire home/apt,5.24702,5.16328
13542884,LA,Private room,5.12990,4.64471
11888831,Chicago,Entire home/apt,4.94164,4.77294
15666171,DC,Entire home/apt,4.82831,5.07255
1246863,DC,Entire home/apt,6.90776,6.39472
746376,LA,Entire home/apt,4.60517,5.35526
16476177,LA,Entire home/apt,5.29330,4.68715
9690112,SF,Entire home/apt,5.01064,5.30754
14965395,NYC,Private room,4.24850,4.09613
10474512,Chicago,Entire home/apt,4.91998,5.04303
17656355,NYC,Private room,4.31749,4.19246
6587037,LA,Entire home/apt,5.12990,4.86095
7678488,SF,Entire home/apt,6.17379,5.19835
12085728,SF,Private room,4.55388,4.68494
1080559,NYC,Entire home/apt,5.01064,5.42504
35555,NYC,Private room,3.97029,4.14058
15006557,NYC,Private room,4.09434,4.27584
16078197,NYC,Private room,4.60517,4.30729
4348915,NYC,Entire home/apt,4.17439,4.74927
14291120,SF,Entire home/apt,5.27300,5.41826
1171860,LA,Private room,4.31749,3.87920
6689195,NYC,Private room,4.26268,4.17821
3848998,NYC,Entire home/apt,4.60517,4.49747
14054601,NYC,Entire home/apt,5.60580,6.29217
16394912,LA,Private room,4.49981,4.39199
13016894,LA,Private room,4.31749,4.49775
523997,LA,Entire home/apt,4.93447,5.19733
4830835,LA,Private room,4.00733,4.26111
1802904,SF,Entire home/apt,5.27300,5.55799
17016637,NYC,Private room,4.00733,4.15857
18362393,Chicago,Private room,4.54329,4.31867
9614933,LA,Shared room,3.36730,3.80421
6758482,SF,Entire home/apt,5.18178,5.28241
13342648,LA,Private room,3.91202,4.17005
13020335,LA,Private room,3.91202,4.11558
14323390,SF,Entire home/apt,4.48864,4.79747
502132,NYC,Entire home/apt,4.82831,4.59610
18929287,SF,Private room,4.49981,4.87055
3083966,NYC,Private room,3.95124,4.02459
6392273,DC,Entire home/apt,4.70048,4.67724
15193504,NYC,Private room,4.17439,3.84198
13019053,NYC,Entire home/apt,4.60517,4.44191
18477567,NYC,Entire home/apt,5.07517,4.98637
1301530,LA,Entire home/apt,4.31749,4.83074
1555919,NYC,Entire home/apt,5.78383,5.38471
18462305,NYC,Entire home/apt,4.55388,5.45460
17459791,NYC,Entire home/apt,4.89035,5.07794
19380871,LA,Private room,4.55388,4.77171
14367248,NYC,Entire home/apt,5.98896,5.22753
20933784,LA,Entire home/apt,5.41165,5.21496
2727166,LA,Entire home/apt,4.78749,4.63568
14838849,NYC,Private room,4.31749,4.22578
14692091,LA,Private room,4.60517,4.26762
13885698,LA,Entire home/apt,4.59512,5.05926
17270819,Chicago,Private room,4.38203,4.22699
16351967,NYC,Entire home/apt,5.29832,5.20373
7389557,NYC,Private room,4.04305,4.15050
15039238,LA,Entire home/apt,4.55388,4.49277
5288462,DC,Private room,4.94164,5.03469
12952145,NYC,Private room,4.17439,3.88086
17803498,LA,Shared room,3.91202,3.44185
13641132,NYC,Private room,4.15888,4.18966
4753559,NYC,Private room,4.24850,4.07991
2887744,NYC,Shared room,4.49981,4.24366
347658,LA,Entire home/apt,4.48864,4.66617
15299740,NYC,Entire home/apt,5.39363,5.72773
20551868,Boston,Entire home/apt,5.16479,5.33131
20037096,LA,Private room,3.95124,4.01711
15903572,DC,Private room,4.09434,4.19766
6334856,NYC,Private room,4.70048,4.79111
8717373,DC,Entire home/apt,6.47697,6.14077
16946929,LA,Private room,3.68888,4.13747
1087427,LA,Shared room,3.49651,3.62595
6668981,LA,Private room,5.16479,4.90762
3705534,DC,Entire home/apt,5.85793,5.70423
2742151,LA,Entire home/apt,4.89035,4.74424
19711512,Boston,Private room,4.33073,4.37822
16758746,NYC,Entire home/apt,6.30992,6.07635
13651703,NYC,Entire home/apt,4.59512,4.99868
10093148,NYC,Entire home/apt,5.07517,5.08248
5717023,NYC,Entire home/apt,5.14749,5.01750
9651530,Chicago,Private room,4.07754,4.56827
12856992,NYC,Entire home/apt,4.97673,4.99462
6752704,LA,Private room,4.82831,4.46786
10282611,NYC,Private room,4.38203,4.10267
19213631,LA,Private room,3.52636,3.64158
20654365,LA,Private room,4.70048,4.42635
15269166,SF,Entire home/apt,5.29832,5.13037
20231900,NYC,Private room,4.86753,4.21057
377569,NYC,Shared room,4.09434,4.15318
14578109,LA,Private room,4.59512,4.27854
13794822,NYC,Private room,4.31749,4.45255
19438695,NYC,Private room,5.01064,4.69225
31280,SF,Entire home/apt,5.19296,5.46303
16122255,NYC,Private room,4.49981,4.39272
19993084,NYC,Entire home/apt,4.82831,4.86226
14549287,NYC,Private room,4.31749,4.32809
11205620,NYC,Entire home/apt,5.52146,5.30956
18172327,Chicago,Private room,3.89182,4.06409
20813007,DC,Entire home/apt,4.78749,4.69969
20650685,NYC,Entire home/apt,5.19296,5.23463
4917301,LA,Private room,4.00733,4.00321
17247105,LA,Private room,3.61092,3.94488
11769558,LA,Private room,4.49981,4.43217
16037576,LA,Private room,5.85793,4.69854
13149412,Boston,Private room,4.07754,4.17733
13653677,NYC,Private room,4.93447,4.54365
2238443,Chicago,Private room,4.52179,4.20731
2593345,NYC,Entire home/apt,5.01064,4.55286
6391342,LA,Private room,3.87120,4.04805
939688,NYC,Entire home/apt,4.93447,5.20042
14407693,NYC,Entire home/apt,4.70048,4.76825
2376285,NYC,Entire home/apt,4.58497,4.67445
17517000,Boston,Private room,4.92725,4.42971
19104498,LA,Entire home/apt,5.06890,5.16582
17779933,NYC,Entire home/apt,4.31749,4.52344
16768174,SF,Entire home/apt,5.43808,5.79342
1962559,LA,Entire home/apt,4.49981,4.34600
17239212,LA,Entire home/apt,4.78749,4.78641
6448794,SF,Entire home/apt,5.10595,4.97651
20650006,Boston,Private room,4.09434,4.26543
17495819,NYC,Private room,4.44265,4.28064
10340994,NYC,Private room,4.60517,4.79183
6234871,NYC,Private room,4.44265,4.27511
20958234,Chicago,Entire home/apt,5.07517,4.88916
5649099,NYC,Private room,4.77912,4.64680
5851500,NYC,Private room,4.12713,4.10679
5709298,LA,Private room,4.60517,4.87130
19292608,SF,Entire home/apt,5.16479,5.41652
7728785,DC,Entire home/apt,5.51745,5.28147
19461063,Boston,Private room,4.09434,4.17472
21196094,NYC,Private room,4.09434,3.90400
20516667,NYC,Entire home/apt,4.60517,4.83968
19249915,NYC,Entire home/apt,5.01064,5.12050
6520350,DC,Entire home/apt,5.51745,5.32159
6749154,LA,Entire home/apt,4.47734,4.89416
16172058,NYC,Entire home/apt,4.90527,4.98081
6974923,LA,Private room,4.31749,4.47294
14088550,NYC,Private room,4.65396,4.71770
464369,NYC,Entire home/apt,4.60517,4.82545
9976295,Chicago,Private room,4.24850,4.24809
5321394,DC,Private room,4.45435,4.36846
9614969,DC,Entire home/apt,5.45104,5.54135
918426,NYC,Entire home/apt,4.58497,4.89559
18064193,LA,Private room,4.44265,4.41238
16081566,NYC,Entire home/apt,4.94164,4.64382
18946376,LA,Entire home/apt,6.39526,5.89398
10364499,LA,Entire home/apt,4.30407,4.61274
15820983,Boston,Entire home/apt,5.16479,4.99414
18347212,SF,Private room,4.38203,4.62075
4888040,LA,Private room,4.49981,4.44770
12835558,DC,Entire home/apt,5.80814,6.25827
16992816,NYC,Private room,4.31749,4.23364
5606682,NYC,Private room,4.44265,4.34622
17329484,LA,Entire home/apt,5.52146,5.79567
19084785,Boston,Entire home/apt,5.61677,5.47300
9004412,LA,Entire home/apt,4.24850,4.32743
19098279,LA,Entire home/apt,4.86753,4.75566
15469713,SF,Entire home/apt,5.85793,5.92860
6438454,NYC,Private room,4.17439,3.98317
18071554,SF,Entire home/apt,6.05209,5.30725
13661080,LA,Shared room,3.91202,4.29767
17433538,NYC,Entire home/apt,4.65396,4.92972
13574014,DC,Entire home/apt,5.29832,4.64234
7692980,NYC,Entire home/apt,4.17439,4.41302
15293550,NYC,Private room,4.20469,4.20905
15189672,NYC,Private room,3.40120,3.78171
1003048,SF,Private room,5.01064,4.88506
7689346,LA,Entire home/apt,5.10595,4.94194
17796480,NYC,Private room,4.04305,4.20733
15946450,NYC,Entire home/apt,5.37064,5.46381
18122218,LA,Private room,4.17439,4.35851
13561862,LA,Entire home/apt,4.82831,4.72952
2594795,NYC,Private room,4.60517,4.40764
4867887,LA,Private room,4.36945,4.54769
869038,SF,Entire home/apt,4.91265,4.93735
12854045,SF,Private room,4.77912,4.77494
7931180,NYC,Private room,4.38203,4.32065
14744290,SF,Entire home/apt,5.73657,5.65506
4793240,Boston,Private room,4.90527,4.84682
11587779,NYC,Private room,4.00733,3.90684
13360202,SF,Private room,4.38203,4.23435
13360389,LA,Entire home/apt,5.10595,5.15200
1441363,NYC,Private room,3.91202,4.09083
16239473,Chicago,Entire home/apt,5.70044,5.55908
9853919,LA,Private room,4.38203,4.55462
4464347,NYC,Entire home/apt,4.60517,4.53313
6358723,Chicago,Private room,3.91202,4.08298
20989824,NYC,Private room,4.17439,4.27471
14374894,NYC,Entire home/apt,5.04343,4.64801
10500754,NYC,Private room,4.60517,4.09783
10881697,NYC,Private room,6.90776,5.18336
16683931,DC,Entire home/apt,5.16479,5.39518
12931829,NYC,Private room,4.24850,4.11278
5011693,NYC,Entire home/apt,4.59512,4.41970
20458250,SF,Private room,4.59512,4.62764
15800258,LA,Private room,4.27667,4.21764
3435243,NYC,Entire home/apt,6.20456,5.70334
1562474,SF,Entire home/apt,5.18739,5.14516
7275084,LA,Entire home/apt,4.44265,4.52382
18888098,NYC,Entire home/apt,5.32301,5.33890
21021696,SF,Entire home/apt,6.85646,6.61124
18527074,LA,Entire home/apt,5.85793,5.89844
16129535,Chicago,Entire home/apt,5.16479,4.71539
10202835,LA,Entire home/apt,4.55388,4.53544
14219851,NYC,Entire home/apt,5.54126,5.71275
14049089,NYC,Private room,4.24850,4.41300
11730561,NYC,Private room,4.78749,4.59231
17137307,Boston,Private room,5.01064,4.40026
4303606,NYC,Private room,4.44265,4.39282
9547526,NYC,Shared room,3.55535,3.70227
19830965,LA,Entire home/apt,5.59471,5.56029
17922804,DC,Entire home/apt,5.01064,4.65299
17267017,NYC,Shared room,4.24850,3.81077
2389329,Boston,Entire home/apt,4.59512,4.85744
11902045,NYC,Entire home/apt,5.06260,4.87693
15550045,NYC,Private room,3.68888,4.08218
14557713,NYC,Private room,4.65396,4.41834
4979274,NYC,Private room,3.25810,3.93215
2412158,LA,Entire home/apt,5.43372,5.18542
6911541,LA,Entire home/apt,5.01064,4.76814
16416270,Boston,Entire home/apt,4.59512,4.56786
10857914,NYC,Private room,4.09434,4.19936
20917327,NYC,Private room,4.49981,4.44216
16280363,NYC,Entire home/apt,4.94164,4.81533
15535185,NYC,Private room,5.52146,5.04899
4989283,Chicago,Entire home/apt,4.74493,4.89958
15132484,NYC,Private room,4.14313,4.04346
13493645,Boston,Entire home/apt,5.28320,5.03961
2986103,LA,Entire home/apt,4.24850,4.42413
10725897,SF,Private room,5.29832,4.62618
13860597,Chicago,Entire home/apt,5.27300,5.14578
9463936,NYC,Private room,4.55388,4.03546
8595650,NYC,Private room,3.91202,4.40407
20723560,NYC,Shared room,4.17439,4.86957
1308355,LA,Entire home/apt,5.04343,4.88524
16114402,NYC,Entire home/apt,4.65396,4.78543
5285582,NYC,Entire home/apt,4.74493,4.84352
9811883,NYC,Entire home/apt,5.45959,5.25051
16651002,SF,Entire home/apt,5.61677,5.23271
4888722,NYC,Entire home/apt,5.80513,5.42105
19139196,NYC,Entire home/apt,5.01064,4.93643
15676769,LA,Private room,4.94164,4.60238
14094279,NYC,Private room,4.38203,4.47631
14283473,LA,Private room,5.07517,4.79682
2570488,NYC,Entire home/apt,4.74493,5.25289
306873,NYC,Entire home/apt,6.21461,6.69081
14187291,NYC,Entire home/apt,4.60517,4.75256
11553658,SF,Private room,4.74493,4.41256
7359313,LA,Private room,4.31749,4.29474
13491040,LA,Entire home/apt,4.55388,4.87050
13428460,NYC,Entire home/apt,5.79909,6.03584
20567804,LA,Entire home/apt,4.48864,4.66592
4670285,SF,Private room,5.01064,4.80078
5173521,LA,Entire home/apt,6.06379,5.65079
7981341,NYC,Private room,5.18739,4.88790
17553574,Boston,Private room,4.23411,4.65113
16214404,Chicago,Private room,6.55108,5.12829
5041360,LA,Private room,4.60517,4.36026
6054826,LA,Private room,4.31749,3.97769
1557387,NYC,Entire home/apt,5.41610,4.97842
15088712,NYC,Entire home/apt,5.18739,5.15839
9060483,Boston,Entire home/apt,4.60517,4.79476
11261828,Boston,Entire home/apt,4.86753,4.72925
7422793,LA,Entire home/apt,4.48864,4.60870
668691,LA,Private room,4.78749,4.04295
13690485,NYC,Entire home/apt,5.16479,5.13713
6334955,NYC,Entire home/apt,4.44265,4.56102
8239111,DC,Private room,4.23411,4.21817
17666939,SF,Entire home/apt,5.01064,4.94010
5423725,DC,Entire home/apt,5.43808,5.65517
13801377,DC,Entire home/apt,4.87520,5.62801
4887250,NYC,Private room,3.87120,4.18758
11671699,SF,Entire home/apt,4.69135,5.18643
10729296,LA,Private room,4.30407,4.14482
15567156,Chicago,Private room,3.80666,3.93319
16613993,NYC,Entire home/apt,5.50126,5.66751
4533652,NYC,Entire home/apt,5.36598,5.34341
15943475,LA,Shared room,3.91202,3.57877
9670233,DC,Entire home/apt,5.27300,5.04155
20860767,NYC,Entire home/apt,4.55388,4.66480
16723142,SF,Private room,5.22036,4.93356
18052990,SF,Private room,4.44265,4.43248
16807249,LA,Entire home/apt,5.03044,5.36302
8051720,DC,Private room,4.17439,4.40354
11532518,LA,Shared room,3.91202,3.88603
9624336,NYC,Entire home/apt,5.19296,4.73392
18152217,SF,Entire home/apt,5.56068,5.06141
979942,LA,Private room,4.44265,4.00011
3465604,NYC,Entire home/apt,6.10702,6.25026
4090976,DC,Entire home/apt,4.43082,4.68687
8298054,NYC,Private room,5.10595,4.31367
84476,NYC,Entire home/apt,6.10925,5.96025
16175345,LA,Entire home/apt,5.29832,4.91346
1178596,NYC,Private room,4.31749,4.36039
11514630,LA,Entire home/apt,4.59512,4.56471
15424710,NYC,Entire home/apt,5.27300,4.53021
6438015,LA,Private room,4.44265,4.16200
20661430,NYC,Private room,4.94164,4.19181
8226212,NYC,Private room,4.31749,4.07363
16398122,NYC,Entire home/apt,5.22036,5.06106
1571455,SF,Private room,4.00733,4.79172
15082303,LA,Private room,3.80666,3.97434
14697976,LA,Entire home/apt,5.01064,4.84790
8170245,NYC,Entire home/apt,4.94164,4.84611
17430142,LA,Entire home/apt,4.78749,4.44623
7876570,LA,Entire home/apt,4.99721,5.01629
15570334,DC,Entire home/apt,4.93447,5.21378
19161384,NYC,Private room,6.68461,4.47052
12456910,NYC,Entire home/apt,5.22036,5.12147
1236800,SF,Shared room,3.46574,3.54758
13827959,NYC,Private room,4.38203,4.14487
8309711,LA,Private room,4.00733,4.23056
7748044,DC,Private room,4.59512,4.32751
16030505,NYC,Private room,4.17439,4.41480
9748673,NYC,Private room,3.21888,3.93683
15821197,SF,Private room,5.13580,5.02271
13772749,NYC,Entire home/apt,5.32301,4.62222
15407458,Boston,Private room,4.14313,4.18464
9752553,LA,Private room,4.09434,4.14695
19713074,LA,Private room,4.31749,4.36753
8129669,LA,Private room,4.17439,3.75722
7328359,LA,Private room,5.06890,4.65000
15326500,NYC,Private room,3.58352,3.88524
9326853,DC,Entire home/apt,4.55388,4.33788
16666389,Chicago,Private room,5.68358,4.73709
12699620,NYC,Private room,3.91202,4.39966
11183121,Boston,Entire home/apt,4.77912,5.35013
18413673,NYC,Entire home/apt,4.70048,5.03204
3876739,LA,Entire home/apt,4.49981,4.99171
17436980,DC,Entire home/apt,4.43082,5.01607
18211535,NYC,Private room,4.82831,4.42466
17257406,NYC,Private room,4.60517,4.56616
11679583,Boston,Entire home/apt,5.10595,5.30050
1815505,NYC,Private room,4.49981,4.34267
5511865,DC,Entire home/apt,5.01064,5.04209
2880695,NYC,Entire home/apt,5.65249,5.43457
15313698,DC,Entire home/apt,5.70378,5.37364
18431485,SF,Entire home/apt,5.07517,5.18388
13123232,Chicago,Entire home/apt,5.49306,5.50589
18139941,NYC,Private room,3.91202,4.33357
20763822,LA,Entire home/apt,5.34233,5.42351
3200728,SF,Private room,4.60517,4.88147
20653657,NYC,Entire home/apt,4.82831,5.20402
8340072,LA,Entire home/apt,5.70044,4.80228
20834827,NYC,Private room,4.17439,4.32225
2417993,LA,Entire home/apt,5.99146,5.81888
8955506,NYC,Entire home/apt,5.43808,5.40716
19269439,SF,Entire home/apt,6.10925,5.68663
6018478,LA,Private room,3.71357,4.02486
16897188,NYC,Entire home/apt,4.04305,4.47824
9618477,NYC,Private room,4.74493,4.57882
13585679,NYC,Entire home/apt,4.94164,5.08378
6819551,NYC,Entire home/apt,5.16479,4.82282
3953415,LA,Private room,4.20469,4.50189
7388192,NYC,Shared room,5.29832,4.47822
13113202,NYC,Entire home/apt,4.82831,4.92422
9237147,LA,Entire home/apt,4.60517,4.69816
20836753,NYC,Entire home/apt,4.59512,5.16404
18212986,NYC,Entire home/apt,5.29330,5.30316
18023058,LA,Entire home/apt,4.93447,4.97329
18331793,LA,Entire home/apt,6.09807,5.75965
43778,LA,Private room,3.95124,3.91382
13105965,LA,Entire home/apt,4.54329,4.85353
15249063,NYC,Entire home/apt,5.29832,5.18663
10089333,NYC,Entire home/apt,4.90527,5.15199
14249728,SF,Entire home/apt,5.37064,5.21668
6017120,DC,Entire home/apt,5.70378,5.98326
17109773,LA,Entire home/apt,7.09008,6.37037
8866089,LA,Private room,4.44265,4.50386
3424355,LA,Private room,4.31749,4.44696
16063527,LA,Private room,3.97029,4.55395
13764772,Chicago,Private room,4.23411,4.27851
13000483,DC,Entire home/apt,4.74493,4.71284
18241919,LA,Entire home/apt,4.89784,5.07127
17528511,NYC,Entire home/apt,4.99043,5.17903
9615806,SF,Entire home/apt,5.59471,5.58867
10370640,Chicago,Entire home/apt,6.39693,5.50389
13494362,NYC,Private room,4.00733,3.91969
11236974,NYC,Private room,3.91202,4.00449
377271,LA,Private room,5.29330,5.06900
8645642,LA,Entire home/apt,5.70378,5.49794
3199840,NYC,Entire home/apt,4.97673,5.05902
9028271,NYC,Shared room,4.23411,3.98011
10449702,LA,Entire home/apt,5.42935,5.18568
15266049,LA,Entire home/apt,5.81413,6.36928
20016644,LA,Entire home/apt,5.01064,5.22568
9737817,LA,Entire home/apt,4.60517,4.57351
16056608,LA,Shared room,3.21888,3.34242
15465658,LA,Entire home/apt,4.45435,4.63371
4831037,Boston,Private room,4.48864,4.33666
21137910,NYC,Private room,3.87120,4.04647
14650725,NYC,Entire home/apt,5.01064,4.95674
20363099,DC,Entire home/apt,4.60517,4.65113
15898352,NYC,Entire home/apt,5.63479,5.77375
13395985,LA,Entire home/apt,4.24850,4.45273
17750380,LA,Private room,3.40120,4.53871
11924459,NYC,Private room,3.58352,4.00427
5107625,Chicago,Private room,4.07754,4.27872
10271753,NYC,Private room,5.01064,5.03769
5523876,LA,Entire home/apt,3.91202,4.31056
10022577,SF,Entire home/apt,7.17012,5.85880
667954,SF,Private room,4.38203,4.58084
13139915,NYC,Private room,3.91202,3.85693
9269126,NYC,Shared room,4.17439,4.40908
17945330,NYC,Entire home/apt,5.20401,4.90274
20458769,DC,Entire home/apt,4.82831,5.26884
14341253,Chicago,Private room,3.80666,3.87507
2601048,NYC,Private room,3.68888,4.37097
1976085,Chicago,Entire home/apt,4.24850,4.69741
19571227,LA,Entire home/apt,4.92725,5.35946
16751014,NYC,Private room,3.80666,3.92841
7998050,SF,Entire home/apt,5.61677,6.34172
14605505,NYC,Private room,4.17439,4.07393
14848294,NYC,Private room,3.36730,3.99982
6585590,LA,Entire home/apt,4.77912,4.65793
13563770,NYC,Entire home/apt,4.49981,5.08566
20621212,NYC,Shared room,4.30407,4.38760
10059878,NYC,Entire home/apt,5.70378,5.52777
53579,NYC,Private room,3.97029,4.37318
20696250,LA,Private room,3.87120,4.22470
16652730,NYC,Private room,4.00733,3.97896
1058448,LA,Entire home/apt,5.52146,5.29837
8009058,NYC,Shared room,4.24850,3.77632
10653010,NYC,Entire home/apt,5.79909,6.34652
15056748,DC,Entire home/apt,6.10925,5.61437
14860066,LA,Private room,4.36945,4.27400
18962000,NYC,Entire home/apt,5.29330,5.06401
5309499,NYC,Private room,4.38203,4.04370
545823,LA,Private room,4.31749,4.23524
446566,NYC,Private room,4.36945,4.55807
16055691,NYC,Private room,3.91202,4.20539
18109350,SF,Entire home/apt,5.78383,5.50291
941676,NYC,Shared room,3.55535,3.63545
15257760,LA,Entire home/apt,6.71538,6.23911
20049161,NYC,Entire home/apt,5.07517,5.46563
6051044,Boston,Entire home/apt,5.24175,5.14830
6759004,LA,Private room,4.17439,4.15989
16416857,LA,Entire home/apt,5.29330,5.38983
9260497,LA,Private room,4.76217,4.46982
17546833,NYC,Private room,4.34381,4.26761
1844438,NYC,Private room,4.24850,4.26897
10039992,NYC,Entire home/apt,5.01064,5.15895
10156441,NYC,Private room,4.41884,4.41074
16144400,DC,Entire home/apt,4.00733,5.26180
10410858,LA,Private room,4.38203,4.48536
20232784,NYC,Entire home/apt,4.78749,4.83280
1226681,NYC,Entire home/apt,5.78383,5.37876
7937969,LA,Private room,4.24850,4.26399
2453112,NYC,Private room,4.31749,4.33737
17109831,NYC,Entire home/apt,5.41610,5.11326
14441370,LA,Entire home/apt,5.29832,5.05366
11731031,SF,Private room,5.29832,5.14048
15816930,Boston,Private room,4.09434,3.98650
15435714,NYC,Entire home/apt,4.24850,4.39352
13641888,NYC,Private room,4.55388,4.66080
10748040,LA,Private room,4.23411,3.82784
17832970,SF,Private room,5.34711,4.88721
15218861,NYC,Private room,4.78749,4.72388
17808237,LA,Entire home/apt,5.29832,5.01786
7264471,LA,Entire home/apt,4.48864,4.69887
2943327,LA,Private room,4.17439,4.09335
2083547,SF,Entire home/apt,4.97673,5.62303
4069444,SF,Private room,5.01064,5.04825
20849061,Chicago,Entire home/apt,5.01064,4.72909
18152625,NYC,Entire home/apt,4.78749,5.24002
18061262,NYC,Entire home/apt,5.00395,4.87897
14089470,LA,Entire home/apt,5.96615,5.98522
18596420,Chicago,Private room,4.44265,4.14210
13393418,DC,Private room,4.24850,4.18124
14238608,SF,Entire home/apt,4.17439,4.75036
18473250,NYC,Private room,5.04343,4.23196
10992628,NYC,Private room,4.60517,4.49282
4280150,NYC,Entire home/apt,5.29832,5.18369
14860469,LA,Entire home/apt,5.70044,5.54391
7022206,LA,Entire home/apt,6.39693,6.43128
5152716,DC,Private room,4.00733,4.17595
9876709,NYC,Private room,4.09434,3.80957
13029355,Chicago,Private room,5.26269,4.67086
17866342,SF,Private room,5.04343,4.57747
18441952,NYC,Entire home/apt,4.78749,4.86661
4720478,LA,Entire home/apt,4.09434,4.36470
15375517,NYC,Entire home/apt,4.44265,4.63062
2979871,SF,Entire home/apt,5.57973,5.34444
7989009,NYC,Entire home/apt,4.97673,5.04164
20575119,LA,Private room,4.55388,4.07054
16146418,NYC,Entire home/apt,4.55388,4.49255
18890844,NYC,Private room,4.59512,4.13198
13588393,LA,Private room,4.78749,4.72067
13360954,LA,Private room,4.06044,3.87960
20075234,LA,Private room,4.07754,4.30641
5390882,SF,Private room,4.90527,4.83741
16741416,LA,Entire home/apt,5.70378,4.92278
13175413,NYC,Entire home/apt,5.29832,5.34439
17874914,SF,Entire home/apt,5.29832,4.96799
17434801,NYC,Private room,4.23411,4.37142
9943207,NYC,Entire home/apt,5.29832,5.37511
7160717,LA,Entire home/apt,5.85793,5.18871
3028078,NYC,Entire home/apt,5.51745,5.41169
386799,LA,Entire home/apt,4.82831,4.69752
8583296,NYC,Entire home/apt,4.59512,4.37464
9238963,SF,Private room,4.38203,4.46734
18721209,SF,Entire home/apt,5.63121,5.67414
1772912,NYC,Private room,4.17439,4.10281
19910689,NYC,Entire home/apt,5.16479,5.04692
7933400,Chicago,Private room,4.09434,4.24242
11190879,NYC,Private room,4.38203,4.50116
817113,Boston,Entire home/apt,4.86753,5.23600
19144611,NYC,Private room,3.68888,4.09185
14374179,SF,Entire home/apt,4.86753,5.45643
15455511,NYC,Private room,3.89182,4.01967
9438353,NYC,Entire home/apt,5.24175,5.34088
7198592,NYC,Private room,4.31749,4.40473
14808493,SF,Shared room,4.33073,4.68922
17831916,LA,Shared room,3.17805,3.21505
9667199,SF,Private room,4.60517,4.50545
14014016,NYC,Private room,4.31749,4.07144
14806923,SF,Entire home/apt,6.54965,6.22918
7329611,NYC,Private room,3.89182,4.37224
10862977,NYC,Private room,4.60517,4.33056
4371973,NYC,Private room,3.91202,4.03898
14715864,DC,Entire home/apt,4.89784,4.93734
10707758,LA,Entire home/apt,4.55388,4.19841
9730306,Chicago,Shared room,5.12990,3.91407
9293571,LA,Entire home/apt,4.31749,4.78322
8897159,LA,Private room,4.31749,4.52516
5299461,NYC,Private room,4.58497,4.46552
15911900,LA,Entire home/apt,5.92693,5.46205
16615016,LA,Private room,4.17439,4.28949
16605239,SF,Private room,4.24850,4.35675
8278027,LA,Entire home/apt,5.22036,5.45992
7173651,LA,Shared room,3.66356,3.89553
15450304,SF,Entire home/apt,5.85793,5.65121
10385807,NYC,Entire home/apt,5.29330,5.12559
7686940,LA,Private room,5.08760,4.31973
3761519,NYC,Entire home/apt,5.10595,5.38158
6765248,NYC,Private room,4.24850,4.32359
18858332,NYC,Entire home/apt,4.82831,4.95081
4033071,LA,Private room,4.78749,4.77748
16616224,NYC,Private room,4.58497,4.29944
11657725,Chicago,Entire home/apt,4.78749,4.76155
7482767,SF,Private room,5.19296,4.72021
15941344,LA,Entire home/apt,4.24850,4.40675
12986392,SF,Private room,5.10595,4.81006
18885605,LA,Entire home/apt,4.38203,4.54219
16188789,SF,Private room,4.48864,5.04886
5650732,NYC,Shared room,3.98898,4.05392
14610596,Boston,Private room,3.40120,4.16352
10708999,NYC,Entire home/apt,4.47734,4.42525
18261048,NYC,Private room,4.55388,4.41442
7143458,DC,Entire home/apt,4.70048,5.19564
6185175,NYC,Entire home/apt,5.70378,5.39305
4757941,LA,Entire home/apt,5.43808,4.98032
18029534,NYC,Private room,4.24850,4.13891
6545163,DC,Entire home/apt,4.47734,4.90687
7309633,LA,Entire home/apt,5.01064,4.95694
269889,LA,Private room,4.60517,4.30705
13897000,DC,Entire home/apt,4.86753,4.89840
6077193,NYC,Private room,4.38203,4.71095
6375124,DC,Private room,5.27300,4.96671
2942129,LA,Private room,4.24850,4.18134
19115685,NYC,Private room,4.60517,4.22055
796490,NYC,Entire home/apt,4.94164,5.14417
496022,NYC,Private room,4.38203,4.21062
17545558,NYC,Entire home/apt,4.54329,4.58834
7277143,LA,Entire home/apt,4.86753,4.94259
11753010,Chicago,Entire home/apt,3.71357,4.54621
18124832,NYC,Private room,4.24850,4.30802
16298719,LA,Private room,5.70378,4.95420
17594308,DC,Entire home/apt,4.21951,4.51230
2230982,NYC,Entire home/apt,5.22575,4.83361
17839052,NYC,Entire home/apt,4.49981,4.94514
13884700,NYC,Entire home/apt,5.06260,5.14206
11165259,LA,Entire home/apt,4.07754,4.10242
16243609,SF,Shared room,4.60517,4.38017
3299862,LA,Private room,3.73767,3.93173
20604857,LA,Entire home/apt,4.45435,4.75993
268439,NYC,Private room,3.80666,4.09788
14355691,LA,Private room,4.09434,4.11796
15720069,LA,Entire home/apt,4.38203,4.57120
12778127,Chicago,Private room,4.38203,4.18283
4411488,NYC,Private room,3.80666,4.52877
16218147,DC,Entire home/apt,4.82831,4.82721
9477214,LA,Entire home/apt,4.74493,4.91507
12850887,NYC,Entire home/apt,4.34381,4.92987
14726735,SF,Entire home/apt,5.85507,5.90353
16527714,SF,Entire home/apt,5.00395,5.32100
18124605,LA,Entire home/apt,4.89035,4.23588
850324,LA,Shared room,3.55535,3.32900
13914226,NYC,Entire home/apt,4.33073,4.62547
13094235,NYC,Entire home/apt,5.22036,4.94403
15677515,NYC,Private room,4.17439,4.44217
11315134,Boston,Entire home/apt,5.24702,5.20192
2186452,NYC,Entire home/apt,4.94164,4.72965
18216180,NYC,Private room,4.07754,4.22980
9696357,NYC,Private room,4.00733,4.02852
18005748,NYC,Entire home/apt,5.01064,5.43784
7386488,NYC,Entire home/apt,5.41610,4.66437
13192965,LA,Entire home/apt,7.54961,6.76898
12254682,LA,Private room,4.15888,4.47673
17049003,LA,Entire home/apt,4.49981,5.05608
12386045,NYC,Entire home/apt,5.19296,5.08269
1069287,Boston,Entire home/apt,5.01064,5.03299
317662,LA,Entire home/apt,4.31749,4.64175
16276459,NYC,Entire home/apt,5.01064,4.92084
10703897,LA,Entire home/apt,4.49981,5.34139
7637663,SF,Private room,4.36945,4.51452
11378889,NYC,Entire home/apt,5.01064,4.82202
7543649,SF,Private room,4.69135,4.53280
20328884,LA,Entire home/apt,5.10595,4.69671
12468422,NYC,Private room,4.60517,4.59303
12599315,LA,Private room,3.87120,3.86099
8903584,SF,Entire home/apt,4.97673,5.40994
15663657,LA,Private room,5.01064,4.28999
592282,NYC,Entire home/apt,6.16331,6.02464
3977097,NYC,Entire home/apt,5.85793,5.79967
1141583,NYC,Private room,4.09434,4.34451
10848827,LA,Entire home/apt,4.38203,4.45721
10886993,LA,Entire home/apt,4.49981,4.83001
12499121,NYC,Entire home/apt,4.99721,5.42802
17579539,SF,Entire home/apt,5.91080,5.78787
1169588,Chicago,Private room,3.68888,3.89055
6019386,LA,Entire home/apt,4.60517,4.86280
575061,NYC,Private room,3.68888,4.05995
6553559,NYC,Private room,4.24850,4.04509
7174361,NYC,Private room,4.31749,4.27860
7692835,SF,Entire home/apt,5.01064,4.83185
13061186,NYC,Private room,4.07754,4.26214
16221891,NYC,Private room,5.00395,4.54874
7151475,NYC,Entire home/apt,5.63479,5.31367
19719401,LA,Private room,4.24850,4.27444
17501418,NYC,Private room,4.31749,4.40398
2067928,LA,Private room,3.33220,3.75828
16322824,LA,Entire home/apt,4.23411,4.46081
1665498,NYC,Entire home/apt,5.34711,5.20925
6751450,NYC,Entire home/apt,5.24702,5.42386
7329845,NYC,Private room,3.89182,3.84109
3941902,NYC,Private room,4.70048,4.30760
2478308,LA,Entire home/apt,5.27300,5.47381
21113189,NYC,Shared room,4.24850,3.95904
728875,LA,Private room,4.70048,4.10962
15646655,LA,Entire home/apt,4.69135,4.30965
10281515,LA,Entire home/apt,4.94164,4.92760
14041744,NYC,Private room,3.91202,4.38835
9934510,DC,Entire home/apt,5.41610,5.44685
16360610,NYC,Private room,4.55388,4.33180
13240283,LA,Entire home/apt,5.70378,5.35978
402273,LA,Entire home/apt,4.91265,4.73950
13194540,LA,Shared room,3.87120,3.61714
13587522,NYC,Private room,5.01064,4.11464
20874198,LA,Entire home/apt,4.77068,4.76340
13602504,NYC,Entire home/apt,5.85793,5.56755
3933559,NYC,Private room,4.60517,4.68475
19748553,LA,Private room,4.49981,4.41360
20305889,NYC,Entire home/apt,5.29832,5.25633
9804814,SF,Entire home/apt,5.50126,6.11695
6416068,LA,Entire home/apt,4.70048,4.88187
17386008,NYC,Entire home/apt,5.27300,5.50169
5825840,NYC,Private room,4.00733,4.14612
13449844,NYC,Private room,4.60517,4.42172
16854686,NYC,Entire home/apt,5.16479,5.42560
19111774,LA,Entire home/apt,6.10925,6.50355
19283246,NYC,Private room,4.31749,4.51743
18161439,NYC,Private room,3.55535,4.13656
583490,DC,Entire home/apt,6.55108,6.17307
17790623,Chicago,Entire home/apt,4.45435,4.65454
16892007,NYC,Entire home/apt,5.29330,5.46806
5682486,NYC,Entire home/apt,4.65396,4.53956
15009563,LA,Entire home/apt,4.82831,4.89781
12901018,NYC,Private room,4.65396,4.49142
1598785,Boston,Entire home/apt,5.16479,5.35204
1085916,LA,Private room,4.02535,3.91468
13276443,NYC,Private room,3.73767,3.80235
7618721,NYC,Private room,4.24850,4.26333
20947073,Chicago,Private room,4.44265,4.38913
20590918,SF,Entire home/apt,5.01064,4.97039
12744759,NYC,Entire home/apt,5.45959,5.56590
16616977,SF,Entire home/apt,5.52146,5.16152
15820404,LA,Private room,4.60517,4.11627
1374466,NYC,Entire home/apt,5.61677,5.27516
13600137,LA,Entire home/apt,5.56068,5.68078
10854044,LA,Entire home/apt,5.70044,5.78673
16323227,Chicago,Entire home/apt,4.80402,4.93262
18324317,NYC,Entire home/apt,4.90527,4.98935
8539072,LA,Shared room,4.31749,4.57204
14444030,Chicago,Entire home/apt,4.82831,5.50110
9013133,NYC,Entire home/apt,4.82831,4.55818
18565840,LA,Entire home/apt,6.30992,6.31897
15024957,Chicago,Entire home/apt,4.85981,4.67159
18053995,NYC,Private room,4.17439,4.27635
9393653,SF,Entire home/apt,5.77455,5.87781
6774866,NYC,Private room,3.91202,3.92724
15984558,LA,Private room,4.59512,4.53067
11238917,Boston,Entire home/apt,4.85981,4.89532
7530140,LA,Entire home/apt,5.54126,5.13585
11167474,SF,Private room,4.97673,5.21428
5589159,NYC,Private room,4.24850,4.28052
5549458,LA,Entire home/apt,4.29046,4.30532
5409607,NYC,Entire home/apt,3.97029,4.21952
13398543,NYC,Entire home/apt,4.73620,4.85276
11462476,LA,Entire home/apt,4.85981,4.98090
16232108,NYC,Private room,4.44265,4.59191
5041554,Boston,Entire home/apt,5.59842,5.15654
17239021,DC,Entire home/apt,6.10925,5.75850
13267277,NYC,Private room,4.74493,4.86573
20706278,LA,Entire home/apt,4.70048,4.71299
4753182,LA,Entire home/apt,5.70378,5.18632
15855249,NYC,Entire home/apt,5.29832,5.61895
16770135,LA,Entire home/apt,4.55388,4.82193
13100445,DC,Entire home/apt,4.90527,4.62741
8470281,NYC,Entire home/apt,4.31749,4.64145
17141182,NYC,Entire home/apt,5.01728,5.27944
12219475,NYC,Entire home/apt,5.03695,5.29487
15943293,LA,Entire home/apt,4.59512,4.66337
19786301,NYC,Private room,4.09434,4.14939
3094937,NYC,Private room,4.06044,4.24749
3068109,NYC,Private room,4.17439,4.06645
17892891,NYC,Private room,3.91202,4.01202
9667897,SF,Entire home/apt,6.37673,5.49797
3898138,NYC,Entire home/apt,6.39693,5.99965
10660749,NYC,Entire home/apt,4.94164,5.14661
21118725,Boston,Private room,3.91202,4.30633
14555866,NYC,Entire home/apt,4.60517,4.50604
13347203,LA,Private room,3.91202,4.09794
4214733,DC,Entire home/apt,4.82831,4.55739
4823971,SF,Entire home/apt,6.39693,5.67520
16520193,LA,Private room,4.24850,4.40582
18787583,NYC,Private room,3.80666,3.74773
1001058,LA,Private room,3.89182,4.00004
1346796,LA,Entire home/apt,5.06890,4.80758
5744764,NYC,Private room,4.24850,3.79220
5639483,NYC,Private room,4.70048,4.56235
14041654,SF,Private room,5.39363,4.95675
15071733,LA,Private room,4.56435,4.08328
10997778,NYC,Private room,4.94164,4.86360
17074321,NYC,Entire home/apt,4.07754,4.65572
18632394,LA,Private room,4.12713,4.30059
7327090,DC,Private room,4.60517,4.92268
8698065,Chicago,Entire home/apt,5.29330,5.02447
9826628,SF,Entire home/apt,4.97673,5.06691
4549555,Boston,Private room,4.74493,4.22172
16619704,LA,Private room,4.21951,4.42612
15671680,NYC,Private room,4.24850,4.14955
20285811,SF,Entire home/apt,5.01064,5.13039
13111578,SF,Entire home/apt,4.77912,5.09681
15480375,DC,Entire home/apt,6.90776,6.38284
19265072,NYC,Entire home/apt,4.94876,5.27945
5478741,NYC,Private room,3.91202,4.04986
9696307,LA,Private room,4.17439,3.96730
10247663,NYC,Private room,4.31749,4.04243
17515087,LA,Entire home/apt,4.48864,4.84558
14733366,NYC,Private room,4.17439,4.25794
17130769,NYC,Entire home/apt,6.90776,6.56177
15300708,NYC,Entire home/apt,5.16479,5.03839
4985662,Boston,Private room,4.04305,4.00957
3490195,NYC,Entire home/apt,4.69135,4.73345
13249219,NYC,Entire home/apt,4.86753,5.12734
15757847,LA,Entire home/apt,5.85793,5.65645
5458491,NYC,Entire home/apt,5.16479,5.24672
19487781,LA,Private room,4.44265,4.41901
4446862,LA,Shared room,4.24850,4.19075
6853898,NYC,Private room,4.48864,4.50655
16164264,LA,Entire home/apt,4.48864,4.82468
16260372,LA,Private room,3.91202,3.97020
228922,NYC,Private room,4.70048,4.68337
19721906,LA,Private room,4.17439,3.88024
17421876,NYC,Private room,4.60517,3.94555
12321626,DC,Private room,4.00733,4.18241
17366679,Chicago,Entire home/apt,5.19296,5.04688
8947232,LA,Entire home/apt,5.29330,6.05532
4809056,NYC,Private room,4.55388,4.63540
9739576,LA,Entire home/apt,5.29832,5.64683
19164752,NYC,Private room,4.70048,4.36377
15233684,LA,Entire home/apt,4.65396,4.90505
4394753,NYC,Entire home/apt,4.82831,5.02157
10515993,NYC,Private room,4.82831,4.13224
14469677,LA,Entire home/apt,4.49981,4.65886
9352491,SF,Private room,4.82831,4.67716
7320389,Chicago,Private room,3.80666,3.99424
20517554,LA,Entire home/apt,5.10595,4.66028
20773556,NYC,Private room,3.80666,3.84057
6291522,NYC,Entire home/apt,4.74493,5.07367
15844552,SF,Entire home/apt,6.55108,5.80182
8507015,NYC,Entire home/apt,4.64439,4.71735
20399073,NYC,Private room,4.60517,4.50948
4803044,DC,Entire home/apt,5.16479,5.30815
17300056,NYC,Private room,5.70378,4.49279
13674362,LA,Entire home/apt,4.70048,4.64658
5383462,NYC,Shared room,3.52636,3.45923
20387522,NYC,Private room,4.78749,4.85244
10915406,LA,Entire home/apt,4.71850,4.67257
8813306,NYC,Entire home/apt,5.61677,5.31387
1074359,NYC,Entire home/apt,4.78749,5.02965
9885720,NYC,Private room,3.80666,4.04192
11659511,DC,Entire home/apt,6.21461,6.84109
14505814,DC,Entire home/apt,4.56435,4.63386
8339618,NYC,Private room,4.00733,4.16878
2398691,Chicago,Private room,3.91202,4.28024
12810210,NYC,Private room,4.17439,4.12676
1163992,NYC,Entire home/apt,5.01064,4.74416
13997869,Boston,Private room,4.38203,4.60599
7402485,NYC,Entire home/apt,5.29330,5.16053
2569547,LA,Entire home/apt,5.16479,5.28129
4407790,NYC,Entire home/apt,5.52146,4.90897
20990607,Chicago,Entire home/apt,4.55388,4.99470
13153289,NYC,Entire home/apt,4.94164,5.20295
15008306,LA,Private room,3.73767,4.34071
4978586,NYC,Entire home/apt,5.63121,5.11424
13715857,Chicago,Entire home/apt,4.70048,4.71211
689312,NYC,Private room,4.65396,4.68091
16026018,NYC,Entire home/apt,4.60517,4.98577
11862751,LA,Entire home/apt,5.01064,4.61783
17510630,NYC,Private room,4.60517,4.84571
19855804,NYC,Private room,4.20469,4.15979
7842035,NYC,Private room,4.44265,4.37521
15522627,LA,Shared room,3.55535,3.77041
10157158,DC,Entire home/apt,4.82831,4.99424
13605132,Boston,Entire home/apt,4.80402,5.01259
15025763,Boston,Private room,4.90527,5.40026
7181991,LA,Entire home/apt,6.65286,6.01594
13433684,NYC,Entire home/apt,4.86753,4.78345
5720569,Chicago,Private room,4.00733,4.13773
3328706,NYC,Entire home/apt,5.85793,5.30244
16101423,SF,Entire home/apt,6.25383,5.86402
19388441,Chicago,Private room,4.44265,3.96168
1144761,LA,Private room,4.17439,4.31217
28327,LA,Entire home/apt,4.41884,4.59056
13315905,NYC,Entire home/apt,4.49981,4.79407
11057492,SF,Entire home/apt,6.39693,6.47517
10547634,LA,Private room,4.38203,4.37230
13318272,NYC,Entire home/apt,5.23644,5.19740
17297014,DC,Entire home/apt,4.82831,4.62562
13203314,NYC,Entire home/apt,4.74493,4.95139
6764023,Chicago,Private room,3.97029,4.17994
3869742,NYC,Entire home/apt,5.41610,5.53744
19546713,DC,Private room,4.85203,5.03474
15192613,LA,Entire home/apt,5.19296,5.52668
2964999,LA,Entire home/apt,4.94164,5.25801
8704704,LA,Entire home/apt,4.88280,4.65244
8939727,NYC,Entire home/apt,5.00395,5.48298
18701646,SF,Entire home/apt,5.12990,5.09552
5810581,NYC,Entire home/apt,5.27300,4.95529
20203225,Chicago,Private room,4.09434,4.04338
2488520,NYC,Entire home/apt,5.52146,5.10091
9396712,NYC,Private room,4.60517,4.60821
6555997,DC,Entire home/apt,5.84354,5.66128
205639,NYC,Private room,3.68888,4.36810
15511381,NYC,Entire home/apt,5.01064,5.40640
18178223,NYC,Private room,3.91202,4.12966
5870309,NYC,Entire home/apt,5.07517,5.07307
16307987,NYC,Private room,4.38203,4.24362
16286160,NYC,Entire home/apt,5.24175,5.27097
12611122,NYC,Private room,4.60517,4.10330
11991352,LA,Entire home/apt,5.51745,4.91966
14084988,SF,Private room,4.38203,4.41836
852632,NYC,Entire home/apt,5.45532,5.20112
15843139,NYC,Private room,4.74493,4.61411
11556039,NYC,Private room,4.44265,4.57683
17226069,LA,Entire home/apt,5.24175,4.95859
7439070,SF,Entire home/apt,5.66988,5.83327
19213856,NYC,Entire home/apt,5.70378,5.89264
1839589,NYC,Entire home/apt,5.16479,5.21509
7412452,NYC,Private room,3.91202,3.99809
8624273,NYC,Entire home/apt,4.82831,5.11931
15126604,LA,Entire home/apt,6.38856,6.25581
12286630,NYC,Private room,4.70048,4.42039
5482918,LA,Entire home/apt,5.29832,5.03165
13991186,NYC,Private room,3.68888,4.03731
10298608,Chicago,Entire home/apt,5.61677,5.90518
10351722,NYC,Private room,4.46591,4.71714
17358323,NYC,Entire home/apt,5.27300,5.19929
19416458,Boston,Private room,4.60517,4.39578
11722472,LA,Entire home/apt,4.44265,4.32270
13618130,SF,Entire home/apt,4.97673,4.95616
4155617,LA,Private room,4.35671,4.39806
11293209,NYC,Entire home/apt,5.45959,4.98433
6522477,NYC,Private room,4.60517,4.61990
13883902,NYC,Private room,4.00733,4.03845
16179752,LA,Private room,4.77912,4.51123
7748558,NYC,Entire home/apt,5.17615,5.34657
15285456,LA,Entire home/apt,5.91080,5.62547
7717071,NYC,Entire home/apt,4.94164,4.65738
16831064,NYC,Entire home/apt,5.34711,4.75260
14185209,NYC,Entire home/apt,4.78749,5.05345
690877,LA,Entire home/apt,4.82028,4.84057
5327035,NYC,Entire home/apt,5.16479,5.63729
5928616,LA,Shared room,3.13549,3.13449
2846739,LA,Private room,3.73767,3.91028
11377233,NYC,Private room,4.70048,4.67017
16652704,NYC,Entire home/apt,5.78383,5.52648
16434636,NYC,Private room,3.91202,4.31398
6958845,LA,Entire home/apt,5.49717,5.09159
4729118,NYC,Entire home/apt,5.29832,5.28127
15455601,SF,Entire home/apt,5.52146,5.53984
20990431,DC,Entire home/apt,5.06260,4.94725
8760442,SF,Entire home/apt,5.32301,5.09596
8737288,LA,Private room,3.68888,3.77858
17569873,Chicago,Entire home/apt,5.29832,5.17004
18616180,Boston,Entire home/apt,5.01064,4.96399
9595222,LA,Entire home/apt,4.59512,4.95831
15881219,LA,Entire home/apt,4.38203,4.44074
14785624,NYC,Entire home/apt,4.78749,4.74586
13863349,Boston,Private room,3.95124,4.23436
5911698,Boston,Entire home/apt,5.27300,5.30086
5718509,NYC,Private room,4.00733,4.03764
15657915,LA,Private room,3.97029,3.92910
3456510,NYC,Entire home/apt,4.82831,4.67998
202716,NYC,Entire home/apt,6.21261,5.80335
2381729,NYC,Private room,3.80666,3.98506
18276233,Boston,Private room,3.91202,4.08476
8869806,NYC,Private room,4.17439,4.33095
8838341,LA,Private room,3.89182,4.18339
4885721,LA,Private room,7.31322,4.32780
5538410,NYC,Entire home/apt,5.01064,5.21094
3605524,DC,Entire home/apt,4.00733,4.49238
6766259,NYC,Private room,3.68888,3.86252
17839469,NYC,Private room,4.33073,4.29367
16578596,NYC,Private room,4.38203,4.30259
18354852,NYC,Private room,4.77068,4.51351
12231056,LA,Private room,3.04452,3.93533
5850735,NYC,Private room,4.60517,4.69955
15362850,Boston,Private room,3.91202,3.87167
13978084,SF,Private room,4.69135,4.80567
19788957,NYC,Entire home/apt,5.29832,5.19139
13822852,LA,Private room,4.09434,3.98791
13997552,Chicago,Private room,3.89182,3.73497
19282088,NYC,Private room,5.01064,4.27319
4861040,DC,Private room,4.90527,4.94348
9789663,NYC,Entire home/apt,5.42053,5.41093
10190552,SF,Entire home/apt,5.43372,5.51468
19530225,SF,Entire home/apt,5.70044,5.65799
8663660,NYC,Entire home/apt,5.41610,5.29541
7309782,LA,Entire home/apt,4.82831,4.44812
953807,NYC,Private room,4.49981,4.50442
11526771,DC,Private room,3.63759,3.85131
4659618,SF,Entire home/apt,5.41610,5.66060
2604498,LA,Entire home/apt,6.89770,6.92684
9682862,NYC,Private room,3.91202,4.49373
16694869,Chicago,Entire home/apt,4.94164,5.02829
5672615,SF,Shared room,3.78419,3.81383
6852731,NYC,Private room,4.24850,4.01449
801626,LA,Entire home/apt,7.20786,6.65878
13204737,NYC,Private room,3.80666,3.75131
2151080,NYC,Entire home/apt,5.07517,5.05009
7280322,LA,Entire home/apt,4.94164,4.70131
7511737,LA,Private room,4.09434,4.30481
6328559,NYC,Entire home/apt,5.24702,4.85882
7901557,NYC,Private room,4.09434,4.36927
4563401,LA,Private room,4.63473,4.33530
16615220,NYC,Entire home/apt,4.94164,4.74860
13417640,DC,Entire home/apt,5.01064,5.27690
13603165,LA,Private room,3.71357,3.79400
12813061,LA,Private room,4.00733,3.91442
13607095,LA,Entire home/apt,5.45959,5.55771
14549056,LA,Entire home/apt,5.16479,5.06985
287408,SF,Shared room,5.16479,4.33408
19731385,NYC,Private room,3.58352,3.86407
1842739,SF,Entire home/apt,5.01064,5.23899
304799,LA,Entire home/apt,5.10595,4.92734
1574848,LA,Private room,4.31749,4.39980
14747561,LA,Entire home/apt,4.57471,4.53096
14042154,NYC,Private room,4.49981,4.46802
10962,NYC,Private room,4.29046,4.42104
4010865,DC,Entire home/apt,5.00395,4.80935
5413930,NYC,Private room,3.91202,4.30559
4710084,NYC,Entire home/apt,5.29832,5.47009
11587574,LA,Private room,4.24850,4.53465
8721088,NYC,Private room,4.49981,3.99760
20281806,LA,Entire home/apt,4.85203,4.84294
14341151,SF,Private room,4.63473,4.79833
10705351,NYC,Private room,4.17439,4.51162
16703040,LA,Entire home/apt,4.82831,4.83362
7218561,NYC,Private room,4.60517,4.59901
9906810,NYC,Entire home/apt,4.44265,4.72264
13384425,LA,Entire home/apt,6.10925,5.93359
16087082,NYC,Entire home/apt,5.29832,5.79376
1633442,NYC,Private room,4.06044,4.21464
6939024,NYC,Entire home/apt,4.49981,4.67424
16753723,NYC,Private room,3.91202,4.07896
17609108,NYC,Private room,4.31749,4.32170
3629028,LA,Private room,3.91202,3.92923
4768029,NYC,Entire home/apt,5.59842,5.63289
1949811,Boston,Private room,4.55388,4.25183
9452234,LA,Shared room,3.29584,3.76349
782634,NYC,Entire home/apt,5.01064,4.67852
16677171,NYC,Entire home/apt,4.70953,4.73703
1005763,NYC,Private room,4.07754,4.30980
17529163,NYC,Entire home/apt,4.97673,5.07669
4544765,NYC,Entire home/apt,5.27300,5.11669
16853807,LA,Entire home/apt,7.59840,7.19183
14714093,NYC,Entire home/apt,4.31749,4.77491
13959649,LA,Private room,4.17439,4.35810
8968914,NYC,Private room,4.15888,3.94529
15842555,LA,Private room,3.80666,4.22687
15311581,LA,Private room,4.21951,4.02684
6782407,NYC,Private room,3.55535,4.16963
15782857,DC,Private room,3.98898,4.22368
10043854,NYC,Private room,3.66356,4.17746
6953508,NYC,Entire home/apt,5.61677,5.37843
5975936,LA,Entire home/apt,4.86753,4.72342
13643020,LA,Entire home/apt,4.36945,4.76259
20406982,NYC,Private room,4.49981,4.61957
14062774,LA,Shared room,3.40120,3.78161
250323,NYC,Entire home/apt,5.27300,5.19182
955542,DC,Entire home/apt,4.44265,4.48830
11640318,Boston,Private room,4.94164,4.15564
4937356,NYC,Entire home/apt,5.29832,5.39812
7963884,LA,Entire home/apt,5.28827,5.21565
4243905,DC,Private room,4.06044,4.37468
15256806,Boston,Private room,4.86753,4.52757
16081492,NYC,Entire home/apt,5.66988,5.42542
18974401,NYC,Entire home/apt,4.93447,4.71835
18021096,NYC,Private room,4.41884,4.13834
12464635,DC,Private room,4.96284,5.03833
16528532,Chicago,Private room,3.36730,3.65156
18034890,LA,Entire home/apt,4.27667,5.16830
20133443,NYC,Private room,5.22036,4.88310
17300959,NYC,Private room,4.78749,4.65967
8488042,Chicago,Private room,3.66356,3.78440
13434849,LA,Private room,4.24850,4.32744
11551518,NYC,Private room,4.82831,4.32201
20982450,LA,Entire home/apt,5.19296,5.12136
5617650,NYC,Entire home/apt,5.52146,5.52216
15513312,NYC,Entire home/apt,5.29832,5.66875
8045960,NYC,Private room,3.49651,3.81773
14670444,SF,Private room,4.82831,4.84664
12953767,Boston,Private room,4.31749,4.00899
20983968,Chicago,Private room,4.23411,4.19393
18222186,NYC,Entire home/apt,5.55683,5.00541
12085528,LA,Entire home/apt,6.21461,5.86954
17890659,LA,Private room,3.89182,4.16771
1895614,NYC,Entire home/apt,4.73620,4.72004
8646617,NYC,Entire home/apt,4.82831,4.98579
13959592,LA,Private room,3.91202,4.11127
15273246,LA,Private room,3.73767,3.94931
18213879,Boston,Private room,4.09434,4.14485
5832127,DC,Private room,4.15888,4.42690
7853456,NYC,Entire home/apt,5.01064,5.17600
14253838,LA,Entire home/apt,5.16479,5.30879
16768565,DC,Entire home/apt,4.67283,4.52806
10828689,LA,Private room,4.24850,4.09610
16195820,Chicago,Entire home/apt,4.78749,4.90131
3264373,DC,Entire home/apt,5.39363,5.59874
21030829,NYC,Private room,4.38203,4.40578
5547081,LA,Entire home/apt,5.85793,5.84581
16805446,NYC,Shared room,3.87120,3.46832
5028478,NYC,Entire home/apt,4.55388,4.50355
7202559,SF,Private room,4.85981,4.75937
15265380,NYC,Private room,5.07517,4.73250
9636523,DC,Entire home/apt,4.70048,5.10114
18433563,LA,Private room,3.91202,3.96015
5457742,LA,Private room,4.49981,4.08030
16782326,NYC,Private room,4.44265,4.84817
9176785,SF,Private room,4.60517,4.83778
8146576,NYC,Private room,3.89182,4.05548
3962389,LA,Entire home/apt,4.86753,4.57214
4816543,SF,Entire home/apt,4.82831,5.48195
12537157,NYC,Private room,5.01064,4.85141
15057919,DC,Private room,5.16479,3.96764
1557103,NYC,Entire home/apt,5.70378,5.74333
12057450,SF,Entire home/apt,6.21461,6.17908
232558,DC,Entire home/apt,4.65396,4.79181
14422371,Chicago,Entire home/apt,5.48064,5.27324
17549299,NYC,Entire home/apt,4.60517,5.29030
3895289,NYC,Private room,3.55535,4.08854
1637136,NYC,Private room,3.91202,4.21516
19069305,Chicago,Private room,5.01064,4.57334
9077610,NYC,Entire home/apt,4.78749,4.87720
13658316,NYC,Private room,3.40120,3.78560
21123753,NYC,Private room,5.52146,4.68962
16361507,SF,Private room,4.69135,4.66098
4610675,SF,Private room,4.27667,4.53581
11298162,LA,Private room,3.97029,4.01057
10350120,NYC,Private room,4.11087,4.21963
12655496,DC,Shared room,3.33220,3.83712
18789496,NYC,Entire home/apt,5.52146,5.23730
1339940,NYC,Private room,3.91202,4.14501
14917006,LA,Entire home/apt,4.93447,4.77751
9171146,SF,Entire home/apt,5.13580,5.24341
15143675,LA,Entire home/apt,4.44265,4.68526
20650417,NYC,Entire home/apt,5.70378,5.64791
7937553,NYC,Private room,4.82831,4.65199
1059271,NYC,Private room,4.00733,4.42131
196429,NYC,Private room,4.60517,4.03609
17943243,DC,Private room,4.60517,5.01603
10723142,LA,Entire home/apt,5.04343,5.27146
16163330,NYC,Private room,5.01064,4.62302
12203135,LA,Private room,5.31321,4.38925
17144816,SF,Entire home/apt,6.05209,5.90439
19788987,NYC,Entire home/apt,5.01064,4.90067
5851966,SF,Entire home/apt,5.52146,5.59093
1072481,LA,Entire home/apt,5.61677,5.91579
18914656,NYC,Private room,4.58497,4.45262
12028384,SF,Entire home/apt,5.13580,5.77315
1963975,NYC,Shared room,3.55535,3.50839
182721,NYC,Private room,4.68213,4.78122
6014946,NYC,Private room,3.68888,3.92987
9926792,NYC,Shared room,4.78749,3.94167
21039236,Chicago,Entire home/apt,5.24175,5.00411
16634268,LA,Entire home/apt,6.80239,6.21945
8800012,Boston,Private room,4.38203,4.16978
19190868,Chicago,Entire home/apt,4.55388,4.66601
16855244,NYC,Private room,3.68888,3.98166
2387702,LA,Entire home/apt,5.01064,4.51640
5601743,NYC,Private room,4.84419,4.64859
6971836,Boston,Private room,4.78749,4.47791
16032380,LA,Entire home/apt,4.55388,4.49370
4550494,LA,Entire home/apt,5.52146,5.68045
20747756,SF,Entire home/apt,5.42495,5.29535
14422738,LA,Entire home/apt,5.24175,5.39322
13603865,NYC,Entire home/apt,5.70378,5.47635
14844618,LA,Entire home/apt,5.24175,4.91833
15888272,Chicago,Shared room,3.21888,3.33447
10136765,NYC,Entire home/apt,5.29832,5.37315
164207,DC,Entire home/apt,5.16479,4.79839
16413314,NYC,Private room,4.24850,4.72030
12307023,NYC,Entire home/apt,5.52146,5.53750
3953585,NYC,Private room,3.98898,4.01105
7199049,NYC,Private room,4.72739,4.21019
13204166,NYC,Entire home/apt,6.10925,5.65144
8885835,LA,Entire home/apt,4.69135,4.72746
3571733,NYC,Entire home/apt,5.01064,5.01353
16885596,NYC,Entire home/apt,4.94164,5.10845
12849162,NYC,Private room,4.09434,4.22441
4538989,NYC,Private room,3.80666,3.93936
3270103,DC,Entire home/apt,6.47697,6.04816
15299526,NYC,Entire home/apt,5.29832,5.31643
19886609,NYC,Private room,4.48864,4.45227
17386011,NYC,Entire home/apt,4.60517,4.73377
3818115,SF,Private room,4.44265,4.38161
14341440,NYC,Private room,5.01064,4.55040
16241559,LA,Entire home/apt,4.77912,4.92999
2423371,DC,Entire home/apt,5.51745,5.08298
8340543,NYC,Entire home/apt,5.29832,4.86756
2188359,NYC,Shared room,4.31749,3.93658
12666669,DC,Entire home/apt,5.16479,4.78553
13242393,DC,Private room,6.55108,5.86349
722361,LA,Entire home/apt,6.19441,6.66079
7707191,NYC,Entire home/apt,5.68698,5.48377
11987575,NYC,Private room,4.60517,4.65726
15784674,DC,Entire home/apt,5.22036,5.24023
15486686,LA,Entire home/apt,5.41610,5.23244
2272739,LA,Entire home/apt,3.33220,4.17745
5465589,Chicago,Entire home/apt,4.82831,4.70431
15191225,NYC,Private room,4.44265,4.37002
11423261,NYC,Private room,4.78749,4.22931
1147754,NYC,Private room,4.09434,4.30705
18350600,LA,Entire home/apt,4.41884,4.52776
5421067,LA,Entire home/apt,5.06890,5.04228
12885229,LA,Entire home/apt,4.60517,5.14371
15831388,NYC,Private room,3.95124,4.63546
5590505,LA,Entire home/apt,4.65396,4.52313
19282891,NYC,Private room,3.82864,3.97280
13189395,LA,Entire home/apt,5.07517,4.80074
5789606,Chicago,Private room,4.00733,4.01390
10992671,LA,Private room,4.31749,4.05933
12089056,LA,Entire home/apt,4.55388,4.64475
17189799,NYC,Entire home/apt,4.44265,4.65787
4374913,LA,Entire home/apt,4.70048,4.99495
15913687,NYC,Entire home/apt,5.41610,5.59685
17682749,LA,Private room,4.17439,3.99510
18991641,NYC,Entire home/apt,4.44265,5.01760
1426711,NYC,Entire home/apt,4.74493,5.15135
3701890,NYC,Entire home/apt,5.01064,4.88460
18487746,Boston,Entire home/apt,5.22036,5.33495
14471956,NYC,Private room,4.74493,4.52292
12265438,NYC,Entire home/apt,5.19296,5.03368
2477138,Chicago,Private room,3.52636,3.91449
4825026,LA,Private room,4.78749,4.43949
7637791,NYC,Private room,4.14313,4.51862
16724514,NYC,Entire home/apt,6.39693,6.50854
6957328,NYC,Entire home/apt,5.29832,4.93944
6625406,NYC,Entire home/apt,5.52146,5.50069
3395681,NYC,Entire home/apt,5.16479,5.14149
14712050,LA,Entire home/apt,5.52146,5.49082
11984115,NYC,Entire home/apt,5.01064,5.15013
6090770,NYC,Entire home/apt,4.36945,4.57002
20996993,NYC,Private room,4.51086,4.40331
14088081,NYC,Private room,3.91202,4.12103
8353194,NYC,Private room,4.09434,4.45684
1048577,NYC,Entire home/apt,4.94164,5.06654
4448810,LA,Private room,4.82831,4.84517
9613465,Chicago,Private room,4.17439,4.34232
14100743,LA,Entire home/apt,5.95324,5.28658
13728510,NYC,Private room,3.91202,3.96221
18347907,LA,Private room,3.78419,3.98298
9189508,LA,Private room,4.49981,4.10742
8687575,LA,Entire home/apt,4.46591,4.41463
16468214,Chicago,Entire home/apt,5.85793,5.96771
2665028,DC,Entire home/apt,4.21951,4.74986
13657563,LA,Private room,4.23411,4.38274
17528679,LA,Entire home/apt,6.38856,6.29108
14803710,Boston,Entire home/apt,4.86753,5.35769
1246981,LA,Private room,3.87120,4.06972
9079542,SF,Entire home/apt,5.29832,5.45471
19055226,NYC,Private room,5.29832,4.35092
13595591,NYC,Private room,4.65396,4.35406
1029118,NYC,Entire home/apt,5.24702,5.22386
4428777,NYC,Entire home/apt,4.90527,5.00270
16491658,NYC,Entire home/apt,4.46591,4.59569
20030869,LA,Entire home/apt,5.92693,5.55389
12904731,DC,Entire home/apt,5.19296,5.10860
17345330,NYC,Entire home/apt,5.10595,5.24096
20026598,NYC,Shared room,4.00733,4.09233
4751686,NYC,Private room,3.40120,4.22329
17126157,NYC,Private room,4.38203,3.91398
3263561,LA,Entire home/apt,5.07517,5.03377
16001646,NYC,Private room,4.59512,4.62422
19032635,LA,Private room,4.78749,4.52884
8683432,DC,Entire home/apt,5.19296,4.72142
10828192,NYC,Entire home/apt,5.10595,5.33612
14880538,Chicago,Entire home/apt,5.70378,5.03754
11837446,NYC,Entire home/apt,5.24702,5.32912
20516491,DC,Shared room,3.33220,3.35405
16621134,Boston,Private room,3.78419,4.09631
14596445,Boston,Entire home/apt,4.59512,4.89358
16402332,NYC,Private room,6.21461,5.69600
9461885,NYC,Private room,3.91202,4.22419
14679075,NYC,Private room,4.44265,4.46019
13116832,NYC,Entire home/apt,4.97673,4.93599
5045729,LA,Entire home/apt,4.49981,4.39810
12174249,NYC,Entire home/apt,4.60517,4.63547
16531125,LA,Entire home/apt,5.29330,5.13466
16690947,LA,Entire home/apt,5.29330,4.99163
11852006,NYC,Private room,4.36945,4.32090
18422244,Chicago,Entire home/apt,5.01064,4.94761
15834499,DC,Entire home/apt,4.70048,4.48710
7032655,LA,Entire home/apt,5.29330,5.25535
19268130,NYC,Entire home/apt,4.78749,4.92331
9550884,Chicago,Private room,3.66356,3.89899
18858385,Chicago,Entire home/apt,5.43372,5.61330
9393966,NYC,Entire home/apt,5.85793,5.53319
10823468,NYC,Private room,4.94164,4.34477
1209921,SF,Entire home/apt,5.16479,5.36526
14322396,DC,Private room,4.44265,4.64909
6780313,NYC,Shared room,4.09434,4.39555
11640197,LA,Entire home/apt,4.90527,4.75355
2165878,NYC,Entire home/apt,5.41610,5.05215
13893853,LA,Entire home/apt,4.77912,4.71634
17866378,LA,Entire home/apt,5.61677,6.07590
7965780,LA,Entire home/apt,5.99146,5.68375
824518,NYC,Entire home/apt,4.82831,5.05838
16755920,NYC,Private room,4.24850,4.21066
486902,NYC,Entire home/apt,5.48064,4.96899
11691284,SF,Entire home/apt,5.85793,5.39018
2764137,LA,Shared room,3.68888,3.66322
4538736,LA,Entire home/apt,4.82831,4.69539
14536056,NYC,Private room,4.24850,4.29128
9644961,SF,Private room,4.55388,4.57170
15451158,NYC,Entire home/apt,5.52146,5.40443
10686350,NYC,Entire home/apt,4.78749,5.11286
13098667,NYC,Entire home/apt,4.82831,4.57996
15741340,NYC,Entire home/apt,5.01064,5.13335
9882149,NYC,Private room,3.91202,4.27247
14900814,LA,Private room,3.91202,3.89977
13093388,NYC,Entire home/apt,5.52146,5.36856
20053598,DC,Entire home/apt,4.85981,5.00376
546402,LA,Private room,4.48864,4.16636
10157090,NYC,Entire home/apt,5.51745,5.33330
17782178,NYC,Private room,4.24850,4.47806
13658407,Boston,Entire home/apt,5.01064,5.02234
17761961,NYC,Private room,3.85015,3.93989
6378702,Boston,Entire home/apt,4.60517,5.22405
15426197,NYC,Private room,4.09434,3.88359
14916849,LA,Entire home/apt,4.29046,4.46706
2478615,NYC,Entire home/apt,4.38203,4.34569
7069743,NYC,Entire home/apt,5.60212,5.35617
1470069,NYC,Entire home/apt,4.33073,4.72752
1661720,SF,Private room,5.07517,4.77022
8783567,LA,Entire home/apt,5.52146,4.95509
3441263,NYC,Private room,3.63759,3.80793
5149930,NYC,Entire home/apt,5.41610,5.21092
19134330,Chicago,Entire home/apt,4.27667,4.92464
6171484,SF,Entire home/apt,5.75257,5.87979
20958147,LA,Private room,3.80666,4.05683
15867800,LA,Entire home/apt,5.29330,5.47268
12410151,NYC,Private room,4.31749,3.88772
5679209,NYC,Private room,4.17439,4.27814
9796312,NYC,Entire home/apt,4.85981,4.89371
20802683,NYC,Private room,5.10595,4.67489
15156334,LA,Entire home/apt,4.65396,4.88142
13186778,DC,Entire home/apt,4.77912,4.67897
10862880,NYC,Private room,4.00733,4.10309
8152675,NYC,Private room,3.93183,4.32366
3615935,LA,Private room,4.85203,4.41064
8488816,NYC,Shared room,3.55535,3.68078
20057421,NYC,Private room,4.38203,4.47073
14382324,NYC,Private room,4.39445,4.29087
18894794,NYC,Private room,3.68888,4.17206
2314556,LA,Private room,4.31749,4.22744
5410258,NYC,Private room,3.91202,3.96766
13866750,LA,Entire home/apt,5.29330,5.45715
1489782,NYC,Entire home/apt,5.27300,5.70988
12303574,NYC,Entire home/apt,5.08760,5.06155
2563135,NYC,Entire home/apt,5.16479,4.73332
12932111,Chicago,Private room,3.97029,3.91275
12273048,NYC,Entire home/apt,5.04343,5.01105
2243548,DC,Entire home/apt,6.21461,5.53967
17680498,NYC,Private room,4.48864,4.75073
5298896,NYC,Private room,4.41884,4.31822
15246714,LA,Private room,4.60517,4.52659
16300123,SF,Entire home/apt,5.01064,5.22638
8667280,NYC,Private room,4.78749,4.74874
9213437,NYC,Private room,4.00733,3.91202
11680574,LA,Entire home/apt,4.59512,4.64452
17813329,SF,Entire home/apt,6.39693,6.41506
4122671,NYC,Entire home/apt,5.47646,5.18550
13265626,NYC,Private room,4.17439,4.65662
4713896,SF,Private room,4.74493,4.86885
16283820,NYC,Entire home/apt,4.87520,4.94922
17136699,NYC,Private room,4.17439,4.20662
11499878,LA,Entire home/apt,4.36945,4.60646
15149187,LA,Entire home/apt,4.38203,4.91760
20828667,NYC,Private room,4.17439,4.24353
14695197,NYC,Entire home/apt,4.31749,5.12062
6713591,LA,Private room,4.09434,4.38724
14452731,LA,Entire home/apt,5.07517,5.20804
5946528,LA,Private room,4.31749,4.11683
5613334,Chicago,Private room,3.91202,3.91765
15564599,NYC,Private room,3.91202,4.15503
14551508,LA,Private room,3.73767,3.83530
5333346,DC,Entire home/apt,6.10925,5.84306
20890310,SF,Private room,4.85981,4.78986
13274464,NYC,Private room,4.09434,4.35309
8475231,NYC,Private room,3.85015,3.98276
15497443,LA,Entire home/apt,5.29832,5.05888
41425,NYC,Private room,4.71850,4.59213
18182249,NYC,Entire home/apt,5.67675,5.43640
7101296,NYC,Private room,5.16479,4.89452
2989054,NYC,Private room,3.80666,4.06724
15252162,DC,Private room,4.49981,4.30717
5030256,NYC,Entire home/apt,4.60517,5.06790
18411906,NYC,Private room,3.80666,4.06641
8762135,NYC,Private room,3.46574,3.78328
3257882,NYC,Private room,4.36945,4.14814
17590729,NYC,Entire home/apt,5.85793,5.35685
8654861,NYC,Entire home/apt,5.70378,5.49267
9052108,SF,Private room,4.60517,4.82736
3202590,NYC,Entire home/apt,5.24702,5.09935
9865094,NYC,Entire home/apt,5.39363,5.19062
2137823,NYC,Entire home/apt,5.01064,5.34788
9444418,NYC,Entire home/apt,4.90527,5.06454
13714106,LA,Private room,3.91202,4.07422
17972246,NYC,Private room,5.13580,4.61053
8153235,LA,Private room,4.48864,4.30926
405622,NYC,Entire home/apt,4.46591,4.87637
8780920,NYC,Private room,3.91202,4.23898
159019,NYC,Entire home/apt,4.78749,4.58856
8506292,NYC,Entire home/apt,4.94164,5.20668
15063138,NYC,Private room,4.71850,4.38596
10611761,LA,Entire home/apt,4.65396,5.16420
19827268,LA,Entire home/apt,4.82028,4.73019
13596286,NYC,Private room,3.91202,4.13349
16547253,LA,Private room,3.91202,4.43702
2294594,DC,Entire home/apt,4.55388,4.73283
14590898,NYC,Entire home/apt,4.82831,4.90800
19308387,LA,Entire home/apt,6.21461,5.58873
16453657,DC,Entire home/apt,5.10595,5.17484
10648093,NYC,Private room,4.17439,3.94033
4174321,LA,Entire home/apt,5.24175,5.50143
9877808,NYC,Private room,4.00733,4.23513
10887847,Boston,Private room,4.24850,4.25083
6117178,DC,Entire home/apt,4.86753,5.08408
2389738,LA,Entire home/apt,4.85981,5.09920
13651173,LA,Entire home/apt,5.59471,5.28696
19252113,NYC,Private room,4.23411,4.07126
7975015,DC,Shared room,2.99573,3.24355
16776226,NYC,Entire home/apt,4.60517,4.48917
189961,DC,Entire home/apt,4.49981,4.57049
6480405,LA,Private room,3.98898,3.90944
18275922,Boston,Private room,5.14749,4.85019
14472625,LA,Private room,4.49981,4.70062
21008591,NYC,Private room,4.07754,4.10199
3970776,LA,Private room,4.38203,4.42214
4587883,SF,Entire home/apt,5.85793,6.17519
19491493,NYC,Entire home/apt,4.65396,4.42118
1178162,NYC,Private room,4.31749,4.17047
15702741,Boston,Entire home/apt,5.06890,5.25997
17258228,NYC,Private room,4.24850,4.17368
13330903,NYC,Private room,4.07754,4.17494
13750466,Chicago,Private room,4.55388,4.34905
13811274,SF,Private room,4.07754,4.18466
14317044,NYC,Private room,4.49981,4.21412
4440699,Chicago,Entire home/apt,5.12396,5.16716
5095390,SF,Private room,5.01064,4.81830
8772365,LA,Entire home/apt,4.85981,5.04711
1175917,LA,Entire home/apt,4.67283,4.66101
751818,NYC,Private room,4.48864,4.86546
474001,NYC,Private room,4.09434,4.09273
5327368,NYC,Entire home/apt,5.20401,5.05206
20786037,DC,Entire home/apt,4.60517,4.73965
7646751,LA,Private room,4.21951,4.12345
10854353,NYC,Entire home/apt,5.01064,4.97671
13898253,Boston,Private room,4.15888,4.19671
13769300,NYC,Private room,5.07517,4.45571
6713251,NYC,Entire home/apt,6.30992,6.43684
13658857,LA,Private room,5.04343,4.54311
9166393,SF,Private room,5.27300,5.35341
6269968,LA,Private room,3.91202,4.13480
6481580,NYC,Entire home/apt,4.38203,4.51205
14722711,NYC,Private room,3.61092,4.18047
4915547,NYC,Entire home/apt,4.70048,4.71187
4540471,NYC,Private room,4.90527,4.77187
1359822,DC,Entire home/apt,4.55388,4.48013
9648225,LA,Entire home/apt,5.12990,4.86284
16381317,LA,Entire home/apt,4.90527,4.70491
17765580,DC,Private room,4.38203,4.49602
16667109,LA,Entire home/apt,4.55388,4.49163
476996,LA,Private room,3.63759,3.97044
15626978,NYC,Private room,3.91202,3.89895
830330,NYC,Entire home/apt,4.77912,4.71512
12525036,NYC,Entire home/apt,4.49981,5.02957
7076533,NYC,Entire home/apt,4.77912,4.71342
4263631,LA,Entire home/apt,5.61677,5.47190
8734314,NYC,Private room,4.31749,4.53054
548775,Chicago,Private room,4.20469,3.69303
4395817,NYC,Entire home/apt,5.50126,5.30490
16518506,LA,Private room,3.36730,3.99190
4128337,LA,Entire home/apt,5.01064,4.70044
692761,LA,Private room,4.27667,4.03177
1117916,Chicago,Private room,4.07754,4.14189
1269738,NYC,Private room,3.98898,4.13977
12082111,Boston,Private room,4.36945,4.39856
6759052,NYC,Private room,4.24850,4.00987
9819018,NYC,Entire home/apt,5.70378,5.50059
4721420,NYC,Entire home/apt,4.24850,4.49021
6953066,NYC,Private room,4.44265,4.53506
9901796,SF,Private room,5.88332,4.67786
8734484,NYC,Private room,4.49981,4.42969
16642117,Boston,Private room,5.01064,4.32813
13291853,NYC,Private room,5.18739,4.65918
6784873,SF,Entire home/apt,4.68213,5.31637
11226165,NYC,Private room,4.23411,4.01700
60356,LA,Entire home/apt,5.19296,5.45020
5251340,Boston,Entire home/apt,6.10925,5.69249
10931776,LA,Entire home/apt,6.90776,6.78226
11183193,NYC,Entire home/apt,4.94164,4.76477
3334613,NYC,Private room,4.31749,4.23496
10495335,LA,Entire home/apt,4.70048,4.93126
17586450,NYC,Private room,4.86753,4.64064
3453416,NYC,Private room,4.65396,4.65031
290058,DC,Entire home/apt,4.94164,5.14708
100074,NYC,Entire home/apt,5.10595,5.02030
6678380,LA,Entire home/apt,4.59512,5.07399
5916063,SF,Entire home/apt,5.16479,5.42454
4046642,NYC,Entire home/apt,4.94164,4.81930
1056185,NYC,Private room,4.48864,4.05323
6447899,LA,Entire home/apt,4.78749,5.23804
14032033,NYC,Private room,5.12396,4.56082
20491529,LA,Private room,4.00733,4.21399
11660355,LA,Private room,4.17439,4.15977
15701944,NYC,Entire home/apt,6.21261,6.12094
12856529,SF,Private room,4.55388,4.23860
1198647,DC,Private room,4.17439,4.07631
13511155,SF,Private room,5.29330,4.79870
3191450,NYC,Private room,3.91202,3.86752
4501272,DC,Private room,4.70048,4.08427
9473338,DC,Entire home/apt,4.57471,4.63409
8582646,LA,Private room,4.48864,4.52297
2141470,LA,Shared room,3.91202,4.00451
16506179,Chicago,Private room,4.82831,4.60023
8870904,LA,Entire home/apt,5.16479,5.21734
10576630,NYC,Entire home/apt,4.17439,4.50845
9863476,NYC,Private room,4.07754,4.11366
825545,NYC,Entire home/apt,4.94164,5.08735
15584001,LA,Entire home/apt,4.95583,4.93114
8502814,SF,Entire home/apt,5.29832,5.80473
7747248,NYC,Entire home/apt,5.70378,5.21286
10117122,DC,Entire home/apt,6.77422,6.32538
12026418,DC,Private room,4.44265,4.80126
13784828,NYC,Entire home/apt,5.85793,5.13129
9033255,Boston,Entire home/apt,5.41610,5.01388
18606237,LA,Private room,5.01064,4.74158
13497362,NYC,Entire home/apt,5.10595,4.73981
16453105,NYC,Entire home/apt,4.38203,5.20437
573414,LA,Entire home/apt,4.93447,4.98614
16674846,SF,Entire home/apt,5.29330,5.10299
17795961,LA,Entire home/apt,7.37776,7.30472
15679283,NYC,Private room,4.17439,4.20841
15238852,NYC,Private room,5.29832,4.59390
19982386,NYC,Private room,4.60517,4.58172
3609762,Chicago,Entire home/apt,4.23411,4.39938
12489666,NYC,Private room,4.07754,4.64181
18237684,LA,Entire home/apt,6.85646,6.65640
3130207,LA,Entire home/apt,4.31749,4.64114
7064250,SF,Entire home/apt,4.90527,5.03802
20075960,NYC,Private room,3.68888,3.95903
1027741,Boston,Entire home/apt,5.12990,5.14010
10031336,Chicago,Private room,4.09434,4.07307
10947803,LA,Private room,3.89182,4.13324
3158394,NYC,Private room,4.00733,4.31651
9768313,LA,Private room,4.02535,4.40617
17638964,NYC,Entire home/apt,4.59512,5.23235
1519460,NYC,Entire home/apt,5.16479,5.21634
20786030,SF,Entire home/apt,5.34233,5.17001
19132312,NYC,Private room,5.01064,4.08291
15364182,NYC,Entire home/apt,5.01064,5.34608
11927222,NYC,Entire home/apt,6.38856,6.18581
600032,NYC,Private room,5.01064,4.85711
12184636,NYC,Entire home/apt,5.32301,5.13175
18774656,DC,Private room,4.38203,4.33321
8014,SF,Entire home/apt,7.31322,6.36739
10407672,Chicago,Entire home/apt,7.09008,6.27727
8150868,SF,Entire home/apt,5.34711,5.64218
18911613,NYC,Private room,4.20469,4.17457
6614486,NYC,Entire home/apt,5.01064,5.00592
16336481,DC,Entire home/apt,5.96358,6.17468
15552127,NYC,Entire home/apt,5.24702,5.14367
15862113,Boston,Private room,3.93183,4.09404
5957914,NYC,Entire home/apt,5.29330,5.36421
13513012,NYC,Entire home/apt,4.65396,4.93691
12188721,NYC,Entire home/apt,5.56068,5.41616
3848324,DC,Entire home/apt,5.01064,5.59185
20031965,NYC,Entire home/apt,5.01064,4.78382
7810254,NYC,Private room,4.49981,4.40276
18212746,DC,Private room,4.49981,4.53649
6129158,LA,Entire home/apt,4.38203,4.76920
18477817,DC,Private room,4.70048,4.46561
20014141,LA,Entire home/apt,4.93447,4.85886
7791130,NYC,Entire home/apt,5.16479,5.21034
9331683,LA,Entire home/apt,4.93447,4.95180
20900299,NYC,Entire home/apt,5.29832,4.97162
11322391,LA,Entire home/apt,6.46147,5.67845
13263542,LA,Entire home/apt,4.31749,4.55438
17018464,LA,Entire home/apt,5.29832,5.63564
4493651,NYC,Entire home/apt,4.31749,4.66720
19058691,LA,Private room,3.63759,4.10838
18916610,NYC,Entire home/apt,5.78383,5.78153
7384002,NYC,Private room,3.80666,4.17466
3812072,DC,Entire home/apt,5.96615,4.94025
13480477,DC,Entire home/apt,5.56068,5.46437
20385260,Boston,Entire home/apt,4.65396,4.92556
12914669,NYC,Private room,4.78749,4.13338
8269241,NYC,Entire home/apt,4.59512,5.10503
10969246,NYC,Entire home/apt,4.57471,4.76336
17192492,NYC,Entire home/apt,4.60517,4.73688
6385547,NYC,Entire home/apt,5.39363,5.20820
11825363,NYC,Entire home/apt,4.78749,4.77685
19751573,LA,Entire home/apt,4.70048,4.65996
17346220,NYC,Private room,4.24850,4.08233
15495190,SF,Entire home/apt,7.37463,6.25401
18509661,DC,Entire home/apt,4.55388,4.65023
6763627,NYC,Private room,4.49981,4.52207
11023703,LA,Shared room,3.40120,4.03841
10475068,NYC,Entire home/apt,5.52146,5.05323
5386977,NYC,Entire home/apt,4.60517,4.80146
42403,Chicago,Entire home/apt,5.98896,5.75235
13066510,NYC,Entire home/apt,5.01064,5.65430
16729579,NYC,Entire home/apt,5.52146,5.43889
5395890,NYC,Private room,5.24702,4.91717
6382918,SF,Private room,5.29330,5.15654
19182691,Chicago,Private room,4.31749,4.04360
12521344,NYC,Entire home/apt,5.68698,5.40485
13802195,NYC,Private room,4.57471,4.38519
761525,NYC,Shared room,3.55535,4.24071
12189580,DC,Entire home/apt,5.91080,5.62584
1847434,NYC,Private room,4.24850,4.36043
1348118,NYC,Entire home/apt,5.13580,5.26505
17539385,DC,Private room,6.21461,4.34784
9500180,NYC,Private room,4.23411,3.97524
2087970,Boston,Entire home/apt,4.94164,5.12125
12436409,NYC,Entire home/apt,5.98896,6.08965
5569619,LA,Entire home/apt,4.86753,4.77423
17943034,LA,Private room,4.48864,4.62171
15953144,LA,Private room,3.89182,4.14592
15101005,Boston,Entire home/apt,5.41610,5.46666
18026483,LA,Entire home/apt,4.78749,4.69912
8584731,NYC,Private room,3.91202,4.53459
8110495,NYC,Entire home/apt,4.82831,4.84694
5660904,NYC,Entire home/apt,4.94164,5.13108
18178911,NYC,Entire home/apt,4.44265,4.51510
10864062,LA,Entire home/apt,5.66988,5.39693
16073789,NYC,Private room,4.43082,4.24629
320900,NYC,Entire home/apt,4.97673,4.86208
20954821,NYC,Private room,4.31749,4.41603
16348106,NYC,Private room,4.38203,4.26383
16173564,LA,Private room,4.07754,4.08189
16602437,LA,Entire home/apt,4.51086,4.85780
2257205,NYC,Private room,4.49981,4.40164
7732603,LA,Entire home/apt,4.34381,4.69521
7561257,NYC,Private room,4.09434,4.67385
950046,NYC,Entire home/apt,4.60517,5.06945
20999381,SF,Entire home/apt,6.62007,5.51135
4818503,Chicago,Entire home/apt,5.85793,5.67372
15743151,LA,Entire home/apt,5.01064,4.57730
13979095,LA,Private room,4.34381,4.68192
18888469,LA,Private room,3.91202,3.95349
15930469,NYC,Private room,6.80239,3.86157
7628183,Boston,Entire home/apt,5.54126,5.69738
20445979,DC,Private room,5.24702,4.66423
4545999,NYC,Private room,4.59512,4.56618
13602638,NYC,Shared room,2.94444,3.79343
19459142,LA,Entire home/apt,5.12396,4.71690
18274861,LA,Entire home/apt,4.82831,4.77328
6571890,SF,Entire home/apt,6.14204,5.57383
16175482,LA,Private room,3.91202,4.42984
13489420,NYC,Entire home/apt,5.57973,5.45256
16710786,SF,Entire home/apt,4.90527,5.01950
13389421,DC,Entire home/apt,6.90776,6.61726
16661645,NYC,Private room,4.17439,4.11529
19521346,LA,Entire home/apt,4.67283,4.64802
929477,NYC,Private room,4.60517,4.69294
10728933,LA,Private room,4.60517,4.38243
2188919,Chicago,Private room,3.09104,3.74301
15436402,SF,Private room,4.07754,4.71098
9813567,NYC,Entire home/apt,6.25767,6.76114
17591195,NYC,Private room,3.71357,4.08284
9106735,NYC,Private room,3.09104,4.08457
934488,LA,Private room,4.20469,4.12705
20694620,NYC,Private room,4.09434,3.95921
408099,LA,Entire home/apt,5.85793,5.39578
15644623,LA,Private room,3.49651,4.07667
16454200,LA,Entire home/apt,6.21461,5.44767
21140345,NYC,Entire home/apt,4.60517,4.75244
13752912,SF,Entire home/apt,6.43775,6.49839
16662963,DC,Entire home/apt,5.01064,5.03494
19677284,NYC,Private room,4.23411,4.47233
8473701,NYC,Private room,4.31749,4.04654
9379983,NYC,Entire home/apt,5.22036,5.14480
16312899,LA,Entire home/apt,4.38203,4.47476
254953,NYC,Entire home/apt,5.10595,5.29223
12448537,LA,Private room,4.94164,4.78814
16271051,NYC,Entire home/apt,5.29330,5.45066
10017458,NYC,Entire home/apt,6.08677,5.94158
745011,LA,Private room,3.66356,4.14225
15028762,NYC,Entire home/apt,5.13580,5.01972
14039308,DC,Entire home/apt,4.57471,4.64552
6345806,LA,Entire home/apt,4.74493,4.73420
12227820,LA,Private room,5.45959,4.44234
18315268,NYC,Private room,3.55535,3.91623
15568740,LA,Entire home/apt,5.87212,5.13841
2807939,LA,Entire home/apt,4.85981,4.74921
11971174,SF,Entire home/apt,4.79579,4.87534
19607660,LA,Entire home/apt,5.10595,5.06765
17370778,LA,Shared room,3.91202,3.32212
17843731,NYC,Private room,3.93183,4.20331
1124329,Boston,Private room,3.91202,3.71987
751755,SF,Entire home/apt,5.34711,5.11383
18893726,LA,Private room,4.44265,4.21330
16261108,SF,Private room,5.01064,4.74495
12177276,SF,Entire home/apt,5.61677,5.37418
7810109,LA,Private room,3.91202,3.85857
6688374,DC,Private room,4.12713,4.16936
12955649,DC,Entire home/apt,4.49981,4.80476
12446656,NYC,Entire home/apt,5.01064,5.23802
2044187,NYC,Private room,4.46591,4.63097
9773384,NYC,Entire home/apt,5.45959,5.37200
598271,Chicago,Entire home/apt,4.97673,5.10370
9979187,LA,Entire home/apt,4.48864,4.67537
1584167,DC,Entire home/apt,4.49981,5.52760
15772122,NYC,Private room,4.44265,4.46277
15916019,NYC,Private room,4.77912,4.04314
9677189,LA,Entire home/apt,4.24850,4.69279
19209066,NYC,Entire home/apt,5.06890,5.05661
20835972,LA,Private room,4.48864,3.76345
900915,SF,Entire home/apt,5.10595,5.09622
12667502,LA,Entire home/apt,4.59512,4.69841
10684164,NYC,Entire home/apt,4.60517,5.02372
15860257,Chicago,Private room,3.52636,3.75197
4750207,LA,Private room,3.40120,3.85158
13545621,NYC,Private room,3.80666,4.17017
4000621,NYC,Private room,4.23411,4.08481
15424617,NYC,Private room,4.38203,4.46651
12519173,NYC,Entire home/apt,4.74493,4.73791
13209522,LA,Private room,5.29330,4.46364
8130198,NYC,Entire home/apt,4.31749,5.04530
7095631,DC,Entire home/apt,4.49981,5.02349
5197282,NYC,Private room,3.97029,4.04990
3969366,DC,Entire home/apt,4.60517,5.52053
15328337,Boston,Entire home/apt,5.22036,5.25299
19413015,NYC,Entire home/apt,4.88280,4.96852
21114659,SF,Entire home/apt,4.94164,5.12462
11583295,LA,Entire home/apt,5.52146,5.48591
15286858,NYC,Entire home/apt,5.16479,5.07829
200265,SF,Private room,5.37064,4.75630
16677333,NYC,Private room,4.86753,4.30406
11712888,LA,Entire home/apt,5.41610,5.39342
12579630,LA,Shared room,5.29832,4.41908
16001546,SF,Entire home/apt,5.85793,6.05901
12900862,LA,Shared room,3.21888,3.80948
2918225,NYC,Entire home/apt,4.27667,4.67931
18638573,LA,Entire home/apt,5.01064,5.02571
12962798,Boston,Entire home/apt,4.59512,4.93271
15433246,Chicago,Private room,4.31749,4.45575
9679310,LA,Entire home/apt,4.94164,4.89240
18288774,NYC,Private room,4.60517,4.42702
207049,NYC,Private room,4.93447,5.27759
2594380,NYC,Private room,3.91202,4.15636
14239874,NYC,Entire home/apt,6.80239,6.06809
17141413,NYC,Private room,4.59512,4.78295
5433967,LA,Private room,3.80666,4.15543
9310083,NYC,Entire home/apt,5.52146,5.10870
13213869,NYC,Private room,3.89182,4.04364
4772857,Boston,Private room,4.24850,4.13605
18407026,LA,Entire home/apt,4.38203,4.59517
1738133,NYC,Entire home/apt,5.22036,5.06331
12275253,NYC,Entire home/apt,5.22036,5.24244
1177310,LA,Entire home/apt,5.29330,5.35798
20773746,NYC,Entire home/apt,4.97673,5.06774
21094144,Boston,Entire home/apt,5.29832,5.63865
13639698,NYC,Private room,4.00733,4.34109
4917122,NYC,Private room,4.31749,4.07574
4507733,NYC,Entire home/apt,4.86753,4.95060
10770988,NYC,Entire home/apt,4.93447,5.15305
15042536,NYC,Entire home/apt,5.52146,5.75695
836952,LA,Private room,4.04305,3.90588
11023980,SF,Entire home/apt,5.29832,5.01615
20237145,LA,Entire home/apt,4.71850,4.81375
696078,NYC,Private room,3.78419,4.32521
21160157,SF,Private room,4.78749,5.11250
9079335,NYC,Private room,4.60517,4.47524
9348992,NYC,Private room,4.60517,4.59975
2980355,DC,Entire home/apt,5.16479,5.33493
3914400,LA,Private room,4.44265,4.15773
13675662,DC,Entire home/apt,4.85981,4.91657
18548776,Boston,Entire home/apt,4.59512,4.93126
15037623,LA,Private room,3.91202,4.02619
13717209,LA,Entire home/apt,4.78749,4.65114
5584915,LA,Entire home/apt,5.00395,5.24549
11659282,Chicago,Entire home/apt,5.99146,5.80613
17830168,NYC,Private room,4.09434,3.98471
18037180,NYC,Private room,4.24850,4.21136
12889497,NYC,Entire home/apt,5.65249,5.36382
14633772,NYC,Entire home/apt,5.44674,5.74801
1246134,LA,Entire home/apt,4.58497,5.00469
13734633,LA,Private room,4.60517,4.60245
7229037,Boston,Private room,3.80666,3.93993
4494476,NYC,Entire home/apt,4.70048,4.64170
3913635,NYC,Entire home/apt,4.57471,4.95505
9881195,NYC,Private room,4.44265,4.21377
11850363,NYC,Entire home/apt,4.83628,5.00834
13848713,SF,Private room,4.07754,4.33773
845227,DC,Entire home/apt,6.10925,5.37102
4331684,LA,Entire home/apt,5.01064,4.75813
20605308,NYC,Private room,4.21951,4.35993
13130277,DC,Entire home/apt,5.99146,4.97775
282977,LA,Entire home/apt,5.70378,5.69085
8163114,LA,Private room,3.58352,4.63646
308148,LA,Entire home/apt,4.84419,4.90756
16302846,Boston,Private room,5.29832,4.40794
11217893,LA,Private room,3.91202,4.21134
18085704,NYC,Entire home/apt,5.01064,4.96456
8760003,NYC,Entire home/apt,4.96284,5.27177
5050900,NYC,Private room,3.91202,3.87090
14600716,NYC,Private room,5.29832,4.33140
7114119,NYC,Entire home/apt,4.35671,4.74302
18775891,NYC,Entire home/apt,5.29832,5.14173
3722223,LA,Private room,3.80666,4.41096
9157378,SF,Entire home/apt,5.27300,5.90826
8105357,NYC,Entire home/apt,5.98896,5.23915
14826030,NYC,Entire home/apt,4.97673,5.94716
15423053,NYC,Private room,4.74493,4.38073
15583157,LA,Private room,5.52146,4.73177
17186648,NYC,Private room,4.77912,4.70546
13475659,NYC,Private room,4.38203,4.41516
1703271,NYC,Entire home/apt,5.01064,5.36961
21148729,SF,Private room,4.59512,4.56101
21050522,NYC,Entire home/apt,5.70044,5.02315
18156602,LA,Entire home/apt,4.36945,4.53621
19555220,NYC,Private room,4.00733,4.17869
13174320,NYC,Entire home/apt,4.90527,4.63810
14284377,LA,Entire home/apt,4.59512,5.24628
15257355,NYC,Entire home/apt,4.70048,4.89136
9611516,Chicago,Entire home/apt,4.77912,5.16997
16796057,DC,Private room,3.80666,4.21613
17811281,SF,Private room,4.60517,4.71139
17555019,LA,Entire home/apt,5.66988,5.52835
1571112,NYC,Private room,4.00733,4.19835
17718199,SF,Private room,4.45435,4.86327
9549534,NYC,Private room,4.17439,4.30836
16809041,NYC,Shared room,3.78419,3.75986
11434386,NYC,Private room,4.09434,4.37897
1275686,NYC,Private room,4.90527,4.87186
12129324,LA,Entire home/apt,6.21461,5.43178
6691723,LA,Entire home/apt,5.12990,4.87512
13490438,LA,Entire home/apt,6.62007,6.21197
12465301,SF,Private room,5.10595,5.01966
10394843,Chicago,Entire home/apt,5.37064,5.12884
17751256,LA,Entire home/apt,6.10702,5.54650
7646092,LA,Private room,4.31749,4.22532
21025840,LA,Entire home/apt,4.36945,5.93485
438304,DC,Entire home/apt,6.24222,5.83052
4351047,NYC,Entire home/apt,5.29832,5.18272
19593368,SF,Entire home/apt,4.66344,4.74986
15775237,NYC,Private room,4.29046,4.25758
4802648,LA,Private room,3.66356,3.88297
17832598,NYC,Entire home/apt,5.24702,4.98738
15379480,NYC,Private room,4.21951,4.11782
8327769,Chicago,Private room,5.13580,4.37874
19154733,SF,Private room,5.41610,5.22515
18684190,NYC,Private room,4.55388,4.69033
6436877,LA,Entire home/apt,6.68461,6.33608
3432035,LA,Private room,5.39363,4.41210
14933755,NYC,Entire home/apt,4.38203,4.36439
15025511,Boston,Entire home/apt,4.86753,4.76103
9250241,SF,Private room,4.60517,4.51850
4872152,DC,Private room,4.49981,4.68890
17921585,NYC,Private room,4.38203,4.25896
10452522,LA,Entire home/apt,5.01064,4.71927
15002717,LA,Private room,4.24850,4.36953
14981147,NYC,Entire home/apt,5.68358,5.05461
8802052,LA,Entire home/apt,5.34233,5.60548
20997664,LA,Private room,4.55388,4.16876
15044401,NYC,Entire home/apt,5.85793,5.74793
4950123,SF,Private room,5.01064,5.44310
6691708,NYC,Private room,5.57973,4.99773
6082991,DC,Shared room,3.66356,3.83457
12967106,SF,Entire home/apt,4.82028,4.99465
20723010,DC,Entire home/apt,3.91202,5.97527
10017099,NYC,Private room,4.61512,4.51542
4188351,LA,Entire home/apt,4.85981,4.92658
20928494,NYC,Entire home/apt,4.49981,4.81659
20977999,NYC,Entire home/apt,5.40717,5.86471
11775422,NYC,Private room,4.59512,4.53656
16797910,NYC,Private room,4.49981,3.92474
15086352,LA,Private room,3.21888,4.13153
11416125,LA,Entire home/apt,4.55388,4.95821
17703125,DC,Entire home/apt,4.82831,4.91428
5259996,NYC,Entire home/apt,4.36945,4.66266
11170634,SF,Entire home/apt,5.61677,5.37867
7836591,NYC,Private room,3.63759,3.92065
12905205,NYC,Private room,4.48864,4.41106
10748793,LA,Entire home/apt,6.39693,6.07146
15042217,LA,Entire home/apt,5.28827,5.17408
2237682,LA,Private room,4.36945,4.35530
9312058,LA,Private room,4.34381,4.17792
4881610,NYC,Private room,3.80666,3.91561
18002948,LA,Entire home/apt,5.98896,5.37948
3861299,Chicago,Private room,4.00733,4.10502
18493224,NYC,Entire home/apt,5.70044,5.93394
19700585,NYC,Private room,4.15888,4.16550
17295824,NYC,Entire home/apt,4.60517,4.52518
14672920,NYC,Shared room,4.38203,3.74866
6884326,NYC,Private room,4.00733,3.75614
7546359,Chicago,Private room,4.27667,4.25923
6404584,LA,Private room,4.31749,3.94768
17213418,LA,Private room,4.48864,4.51919
16912522,LA,Private room,3.89182,4.09406
14262627,SF,Entire home/apt,5.17048,4.84070
17256724,LA,Entire home/apt,4.23411,4.80539
14969057,Boston,Private room,3.68888,3.79712
14771811,SF,Private room,4.57471,4.51208
894015,NYC,Entire home/apt,4.38203,4.82601
14725877,DC,Private room,4.40672,4.44770
20203433,NYC,Private room,4.49981,4.06085
11902396,NYC,Entire home/apt,4.82831,4.95472
18289201,LA,Entire home/apt,4.58497,5.17274
1759266,LA,Entire home/apt,4.77912,4.64119
118812,Chicago,Entire home/apt,5.07517,4.55167
16394420,LA,Private room,4.04305,4.15545
7518557,NYC,Entire home/apt,4.38203,4.89128
16999194,NYC,Private room,4.38203,4.50940
9113304,LA,Private room,4.38203,4.52405
17749969,SF,Entire home/apt,5.00395,5.34001
15536535,LA,Private room,4.00733,4.42190
9509626,SF,Shared room,3.91202,4.50836
533512,SF,Entire home/apt,6.35437,5.67353
13477342,LA,Private room,4.09434,4.39799
17455520,NYC,Entire home/apt,5.24702,5.18261
20232704,NYC,Entire home/apt,4.38203,4.69538
8207558,LA,Entire home/apt,4.57471,4.74829
4172947,LA,Entire home/apt,5.98896,5.06143
16026525,LA,Entire home/apt,5.19296,5.01044
8392607,LA,Private room,4.36945,3.88509
1970321,LA,Private room,4.65396,4.37856
19278895,LA,Entire home/apt,4.58497,5.18166
15511180,NYC,Entire home/apt,5.01064,4.94980
12567829,DC,Entire home/apt,4.49981,4.25800
15288470,NYC,Entire home/apt,4.70048,4.66310
1958765,DC,Entire home/apt,4.97673,4.88475
18235030,NYC,Entire home/apt,5.78383,5.69520
10687050,Boston,Entire home/apt,4.55388,4.48328
19754060,NYC,Entire home/apt,4.99721,5.63434
8402908,LA,Entire home/apt,4.93447,4.94080
17734464,LA,Private room,4.17439,4.31683
3148298,NYC,Private room,5.70044,4.76251
13543171,Boston,Private room,3.63759,3.89111
3764849,DC,Private room,4.18965,4.18214
17731252,LA,Entire home/apt,4.31749,4.37823
9437333,NYC,Entire home/apt,4.59512,4.72695
11639940,Boston,Entire home/apt,5.06890,5.00378
100368,LA,Entire home/apt,5.07517,4.74389
16647795,LA,Private room,3.68888,4.28025
20330243,LA,Private room,4.49981,4.22241
20745030,DC,Entire home/apt,4.60517,4.97248
19572959,Boston,Private room,4.38203,4.50971
14484368,NYC,Private room,3.89182,3.97901
19568449,NYC,Entire home/apt,4.78749,4.88765
1841734,NYC,Private room,4.31749,4.21218
3924506,LA,Entire home/apt,4.85981,5.24289
9033827,LA,Shared room,3.68888,3.83564
15215887,NYC,Private room,4.44265,4.49935
15602114,NYC,Entire home/apt,4.60517,4.92325
176006,NYC,Private room,4.17439,4.56615
19099977,LA,Entire home/apt,4.78749,5.00952
3688175,NYC,Private room,4.31749,4.54794
13228928,LA,Private room,4.82831,4.46298
10034614,Chicago,Entire home/apt,5.29832,4.62934
17939501,LA,Shared room,3.40120,3.50158
15076874,NYC,Entire home/apt,5.52146,5.23748
16425746,Chicago,Private room,5.61677,4.90125
19625050,NYC,Entire home/apt,6.10925,5.85884
9903399,LA,Private room,3.87120,4.16370
16242339,Boston,Entire home/apt,5.04986,5.30086
13162486,NYC,Entire home/apt,5.19296,5.05237
15628789,Chicago,Private room,3.87120,3.90403
1228900,LA,Private room,3.80666,4.31444
11603201,NYC,Entire home/apt,5.51745,5.37676
7623280,SF,Entire home/apt,5.52146,5.49677
17417664,NYC,Private room,4.38203,4.62807
15829101,NYC,Private room,4.70048,4.56106
10527380,LA,Entire home/apt,4.93447,4.94199
15360606,LA,Private room,4.21951,4.18146
3494428,Chicago,Entire home/apt,5.33272,5.60178
203907,NYC,Entire home/apt,6.55108,5.95788
21090755,LA,Entire home/apt,4.82831,4.53169
21022187,Chicago,Private room,4.44265,4.64121
18529703,NYC,Private room,4.24850,4.12889
9578683,SF,Private room,5.07517,4.97724
16784217,LA,Private room,4.82831,5.01796
2268821,LA,Private room,4.60517,4.71106
16068067,LA,Private room,3.80666,3.80247
193333,DC,Entire home/apt,6.80128,5.70948
7308924,NYC,Private room,4.55388,4.27461
18275859,DC,Private room,4.55388,4.25854
8408534,DC,Private room,4.78749,4.36792
1564553,LA,Entire home/apt,4.60517,4.52928
9674217,Boston,Entire home/apt,5.29832,5.12823
16392405,LA,Entire home/apt,4.18965,4.32543
4235227,SF,Private room,5.85793,4.94430
5919082,NYC,Private room,3.82864,4.29499
13815366,LA,Private room,4.09434,4.66415
14522432,NYC,Entire home/apt,4.24850,4.47908
7851557,NYC,Entire home/apt,5.18739,5.01190
8967332,LA,Entire home/apt,5.43372,5.14619
8212696,NYC,Entire home/apt,5.81711,5.82518
3972305,SF,Entire home/apt,5.10595,5.33901
8003191,NYC,Entire home/apt,5.41610,5.32192
15107952,NYC,Private room,3.52636,4.15738
16338454,NYC,Private room,4.20469,4.37670
17387160,NYC,Private room,4.09434,3.76096
14218411,DC,Entire home/apt,4.65396,4.61073
6214710,LA,Entire home/apt,5.52146,5.44827
15937388,LA,Private room,4.90527,4.32048
13099768,NYC,Entire home/apt,4.67283,4.98574
10014344,DC,Private room,4.99721,5.33756
10914578,Chicago,Entire home/apt,5.12396,5.36443
10528294,NYC,Private room,4.24850,4.56962
3370257,NYC,Shared room,3.40120,3.67148
9665709,LA,Private room,3.68888,4.36447
1903198,LA,Entire home/apt,5.00395,4.91556
7236778,SF,Private room,4.34381,4.57328
1196535,LA,Private room,4.09434,4.12103
16285321,SF,Private room,4.24850,4.34819
19545988,NYC,Entire home/apt,4.54329,4.46604
15329690,LA,Entire home/apt,5.47646,5.35565
18132629,NYC,Private room,4.17439,4.16423
11434840,LA,Private room,4.36945,4.22481
3739712,NYC,Private room,4.30407,4.23002
18505317,SF,Entire home/apt,5.99146,5.79317
20420152,SF,Private room,4.26268,4.56149
8569631,SF,Entire home/apt,5.85793,5.60447
17630130,NYC,Private room,3.89182,4.17297
19410180,DC,Private room,4.59512,4.67781
3946177,Boston,Shared room,6.21461,3.88376
14447619,SF,Private room,4.82831,4.89553
13719227,LA,Entire home/apt,4.17439,4.59469
8224450,NYC,Private room,5.06890,4.50338
20888349,NYC,Entire home/apt,6.10702,5.82170
8784649,Chicago,Entire home/apt,5.85793,4.88737
16464353,LA,Entire home/apt,6.05209,6.32021
8523559,NYC,Entire home/apt,5.45959,5.65804
11345916,SF,Private room,4.82831,4.80117
9908325,Boston,Entire home/apt,4.85981,4.65980
9298992,NYC,Entire home/apt,4.27667,4.73253
13415493,LA,Entire home/apt,4.70048,4.67345
19554046,SF,Entire home/apt,5.88610,5.99988
15980439,NYC,Entire home/apt,4.86753,5.07074
5770658,Chicago,Entire home/apt,5.83773,4.82377
15888228,NYC,Private room,5.01064,4.62126
11770992,NYC,Entire home/apt,5.01064,5.20959
14184266,LA,Entire home/apt,5.29832,5.36590
1967457,Chicago,Entire home/apt,5.50126,5.01395
20977287,NYC,Private room,4.61512,4.59998
10686809,LA,Entire home/apt,4.70048,4.47188
4108799,Chicago,Entire home/apt,4.70048,4.92461
2069051,LA,Entire home/apt,5.52146,5.45921
1457505,LA,Shared room,3.29584,3.44338
9431085,NYC,Private room,4.33073,4.57455
3652230,LA,Entire home/apt,4.59512,4.27272
10574350,NYC,Private room,3.89182,3.95123
15928697,Boston,Entire home/apt,4.59512,5.14879
10244697,NYC,Entire home/apt,5.99146,5.20607
9542827,DC,Entire home/apt,5.00395,4.93966
6699912,DC,Entire home/apt,7.37463,6.29400
1929058,NYC,Private room,4.27667,3.99315
16520715,LA,Private room,3.58352,3.64908
17895749,NYC,Entire home/apt,5.01064,5.31512
14586301,Boston,Entire home/apt,3.91202,4.82264
6378745,NYC,Private room,5.41610,4.86054
19475130,NYC,Private room,3.55535,4.38947
4092772,SF,Private room,5.85793,5.41459
14950879,NYC,Entire home/apt,5.16479,4.93571
13096146,LA,Private room,4.77912,4.30150
20993138,NYC,Entire home/apt,4.86753,5.32257
2925397,NYC,Entire home/apt,5.68698,5.27026
2310445,NYC,Entire home/apt,4.70048,4.40459
7706406,DC,Entire home/apt,4.39445,5.14340
2077043,LA,Shared room,3.40120,3.90888
12704983,NYC,Entire home/apt,5.24702,5.57938
14290003,LA,Shared room,3.43399,3.63625
6967708,LA,Shared room,4.24850,4.31303
6866584,LA,Entire home/apt,4.24850,4.48375
12991994,LA,Entire home/apt,4.90527,4.74207
10729729,NYC,Entire home/apt,5.51745,5.61231
7663284,LA,Entire home/apt,5.16479,5.42428
12882141,NYC,Private room,4.70048,4.26769
8774899,NYC,Entire home/apt,4.55388,4.46556
2238435,Boston,Entire home/apt,5.68698,5.29971
1769351,LA,Entire home/apt,4.48864,4.58745
16701690,LA,Entire home/apt,4.82831,4.70182
17719404,NYC,Entire home/apt,5.29330,4.96170
15481806,NYC,Private room,3.73767,3.99704
15917113,Chicago,Private room,3.91202,4.08694
12983221,NYC,Entire home/apt,5.10595,5.10678
10840593,NYC,Private room,4.33073,4.09180
18331085,NYC,Entire home/apt,5.16479,5.10791
16287129,NYC,Entire home/apt,5.16479,5.16178
4112411,NYC,Entire home/apt,5.39363,5.06407
9824463,NYC,Entire home/apt,5.70378,5.51620
17580469,SF,Private room,4.49981,4.77644
10140164,NYC,Entire home/apt,5.29832,5.27016
1966898,NYC,Entire home/apt,5.29330,5.38061
19095902,LA,Private room,3.80666,3.94416
321599,NYC,Private room,4.59512,4.82660
18024826,NYC,Entire home/apt,5.07517,5.22563
6453774,NYC,Private room,3.46574,4.29194
14389161,NYC,Private room,3.85015,4.06863
15680687,NYC,Private room,4.23411,4.28458
1302020,SF,Entire home/apt,5.42495,5.11799
16304096,NYC,Entire home/apt,4.78749,4.66617
7052847,LA,Entire home/apt,5.70378,5.31962
8933046,LA,Entire home/apt,5.98896,6.00453
3396350,LA,Private room,4.46591,4.41667
12328003,DC,Entire home/apt,4.90527,4.90079
6882330,NYC,Private room,4.31749,4.56266
11509281,LA,Entire home/apt,4.44265,4.60454
7323497,DC,Entire home/apt,4.60517,4.71249
9446242,NYC,Entire home/apt,5.41610,5.33290
18428074,LA,Private room,5.52146,4.35333
17284681,NYC,Entire home/apt,4.60517,4.57422
18425057,SF,Entire home/apt,5.96358,5.56488
20621713,NYC,Private room,4.38203,4.55684
16503382,NYC,Private room,4.48864,4.71179
17875984,NYC,Entire home/apt,5.01064,5.18132
13431664,NYC,Entire home/apt,5.27300,4.93329
5616973,Boston,Entire home/apt,5.01064,5.15832
10022348,NYC,Entire home/apt,4.31749,5.11323
18159506,LA,Entire home/apt,6.90675,6.83628
12643171,LA,Entire home/apt,5.68698,4.96917
873701,Chicago,Entire home/apt,5.43372,5.22842
8475571,NYC,Private room,4.09434,4.39692
18991506,DC,Entire home/apt,5.61677,5.30356
13901081,SF,Private room,4.60517,4.65538
9389827,LA,Entire home/apt,6.21461,6.17318
10789911,LA,Entire home/apt,4.31749,4.43397
26409,LA,Private room,3.43399,3.80136
9526899,DC,Entire home/apt,7.31322,6.31933
4525134,Chicago,Private room,4.09434,4.17894
4422457,NYC,Entire home/apt,4.77912,4.67853
15980414,NYC,Entire home/apt,5.29832,5.06910
8762178,LA,Private room,4.51086,4.10639
13095661,NYC,Entire home/apt,4.69135,4.69518
19744807,LA,Private room,4.17439,4.27553
19912628,NYC,Shared room,3.58352,3.76910
58059,NYC,Entire home/apt,5.52146,5.17456
1702916,NYC,Entire home/apt,4.64439,4.71361
11700233,LA,Entire home/apt,5.16479,4.93589
20815456,NYC,Entire home/apt,4.60517,5.16137
12870890,Boston,Entire home/apt,4.96981,5.14795
2175487,NYC,Entire home/apt,4.70048,4.74915
349841,NYC,Entire home/apt,5.78383,5.68772
13979210,DC,Entire home/apt,6.85646,5.93947
15664146,DC,Entire home/apt,4.59512,4.88831
6153674,NYC,Entire home/apt,4.78749,4.97559
4571132,DC,Private room,4.00733,4.19079
16312966,NYC,Private room,4.36945,4.38807
5683505,LA,Shared room,2.99573,3.49725
15088531,SF,Entire home/apt,5.22036,5.05032
16767318,LA,Private room,4.09434,4.34527
9912219,NYC,Entire home/apt,4.60517,5.15120
14073235,NYC,Private room,4.09434,4.19749
17636172,LA,Private room,4.18965,4.10122
4892398,DC,Private room,4.60517,4.61491
657727,Chicago,Shared room,2.99573,3.22743
15344098,NYC,Entire home/apt,4.84419,4.75058
8993443,Chicago,Entire home/apt,4.41884,4.63261
12847081,NYC,Entire home/apt,5.70044,5.79516
10135702,NYC,Entire home/apt,4.94164,5.35899
1217875,LA,Private room,3.85015,4.11833
18548112,NYC,Entire home/apt,4.55388,5.45156
13982111,LA,Entire home/apt,4.36945,4.61177
17594465,NYC,Entire home/apt,5.97889,5.90774
3774245,Chicago,Private room,4.78749,4.72399
796099,NYC,Entire home/apt,6.04025,6.24373
9613360,DC,Private room,3.80666,4.36633
16179120,NYC,Entire home/apt,4.90527,4.80680
7822736,NYC,Entire home/apt,5.52146,5.62220
16617898,DC,Entire home/apt,4.65396,4.99750
19365818,NYC,Private room,4.07754,4.34772
19180868,Boston,Private room,4.00733,3.67992
12468983,NYC,Private room,4.17439,4.37639
7725012,NYC,Entire home/apt,4.94164,4.80597
10262069,NYC,Private room,4.09434,4.09514
9270859,LA,Entire home/apt,5.10595,4.99042
4540800,LA,Entire home/apt,5.23111,5.35255
10225348,SF,Entire home/apt,4.85981,5.37463
19890111,SF,Private room,4.82831,4.83070
17299611,LA,Entire home/apt,4.70048,4.63238
17546310,LA,Entire home/apt,5.13580,5.17350
7967524,NYC,Entire home/apt,4.60517,5.05948
13231345,NYC,Private room,4.38203,4.47319
9533271,LA,Private room,4.49981,4.46615
16040659,LA,Entire home/apt,5.52146,5.46198
20243875,NYC,Entire home/apt,6.07535,5.72056
10731317,LA,Entire home/apt,6.10925,5.71429
7762562,Boston,Entire home/apt,5.29832,5.38145
18585265,NYC,Entire home/apt,5.41610,5.26303
15604474,NYC,Entire home/apt,4.51086,4.61138
12652833,LA,Entire home/apt,6.39526,7.06824
307541,LA,Entire home/apt,5.09987,5.33978
1966995,NYC,Entire home/apt,5.01064,5.03666
15411277,NYC,Entire home/apt,4.60517,4.87557
9414546,LA,Shared room,4.00733,3.98526
20153680,LA,Entire home/apt,6.74524,6.51143
505617,DC,Entire home/apt,4.51086,4.88852
13959346,NYC,Private room,4.60517,4.26903
4512036,NYC,Entire home/apt,5.14749,5.35607
14807578,NYC,Private room,4.55388,4.39748
13127954,NYC,Entire home/apt,7.37776,6.02692
16897716,NYC,Private room,4.65396,4.42412
15783290,Chicago,Private room,5.00395,4.38217
3979613,Chicago,Entire home/apt,5.05625,5.01214
18690685,LA,Entire home/apt,4.34381,4.38667
84010,SF,Private room,4.97673,4.84028
16936036,NYC,Entire home/apt,7.31322,5.59623
17043462,NYC,Entire home/apt,4.78749,5.23636
4603803,SF,Private room,4.74493,5.11160
15895829,NYC,Private room,4.24850,4.18074
7715542,LA,Entire home/apt,4.24850,4.34967
14577870,DC,Entire home/apt,4.55388,4.38433
4759532,LA,Entire home/apt,5.07517,5.45831
13466084,LA,Private room,3.68888,3.86203
567075,NYC,Shared room,3.80666,4.30661
2128173,Chicago,Private room,3.91202,4.18756
1596470,NYC,Entire home/apt,5.29832,5.10066
14107508,NYC,Entire home/apt,4.59512,5.18103
9990200,NYC,Shared room,3.55535,4.30186
14422374,NYC,Private room,4.09434,4.48268
19679564,Chicago,Entire home/apt,5.13580,5.64555
21081756,NYC,Entire home/apt,5.24702,5.27108
11284206,LA,Entire home/apt,5.70378,5.19895
1729140,NYC,Entire home/apt,4.82831,5.12095
17477768,LA,Entire home/apt,4.49981,4.79585
785978,LA,Entire home/apt,6.10925,5.89694
16461727,Chicago,Private room,3.76120,3.90823
6706043,LA,Entire home/apt,5.98896,5.78198
1781674,Chicago,Entire home/apt,4.60517,4.62775
1453493,LA,Private room,3.66356,4.36769
7031895,Boston,Private room,4.17439,4.12636
1594071,LA,Entire home/apt,4.91998,4.77453
10905739,LA,Shared room,3.55535,4.13242
12829824,NYC,Entire home/apt,6.10925,5.57745
16463121,SF,Private room,4.85981,4.72748
3928525,NYC,Entire home/apt,4.74493,5.01089
11817955,Boston,Entire home/apt,4.96981,5.08951
13393000,NYC,Entire home/apt,6.11147,5.57912
13494147,LA,Entire home/apt,5.00395,5.04965
6370235,NYC,Entire home/apt,5.22036,5.04607
16349901,LA,Private room,4.00733,4.31123
3783027,DC,Private room,4.09434,3.96698
18076589,NYC,Entire home/apt,5.19296,4.84723
21054012,LA,Entire home/apt,4.68213,4.86264
17990325,SF,Entire home/apt,5.99146,6.14303
12911711,NYC,Private room,4.09434,4.25095
2819982,LA,Entire home/apt,5.01064,4.85934
13216537,Boston,Private room,4.55388,4.62604
3826620,NYC,Entire home/apt,4.68213,5.08834
18039333,NYC,Entire home/apt,4.58497,4.81813
161394,NYC,Private room,4.09434,4.10713
16192269,LA,Entire home/apt,6.30445,6.51020
237162,SF,Entire home/apt,4.82831,5.58273
8183112,LA,Entire home/apt,4.78749,5.01470
17591673,SF,Entire home/apt,4.85981,5.02450
18155865,NYC,Entire home/apt,5.98896,6.27955
1115381,LA,Entire home/apt,4.49981,4.47713
17285375,LA,Entire home/apt,4.86753,4.87546
20000184,NYC,Private room,4.24850,4.04242
4706795,SF,Entire home/apt,4.78749,4.86228
18626635,NYC,Private room,4.54329,4.05275
8935207,LA,Entire home/apt,6.21461,6.13139
1989590,LA,Entire home/apt,4.93447,5.29004
16035763,NYC,Private room,3.68888,4.10744
9471162,NYC,Entire home/apt,5.29832,4.97704
16083752,LA,Shared room,4.24850,3.81990
12889932,LA,Entire home/apt,4.59512,4.75063
20637795,LA,Private room,3.66356,3.94346
17555280,LA,Entire home/apt,5.52146,5.50733
1351626,NYC,Entire home/apt,5.61677,4.87599
16002569,Boston,Shared room,4.59512,4.10646
1732498,DC,Entire home/apt,6.21461,5.45644
1745658,NYC,Private room,4.31749,4.18491
16476207,NYC,Private room,4.09434,4.17412
1577871,NYC,Private room,4.38203,4.38866
11477880,NYC,Entire home/apt,5.16479,4.89279
20955070,Chicago,Entire home/apt,4.85981,4.56851
8643939,LA,Private room,5.03044,4.14130
16003240,SF,Entire home/apt,5.39363,5.14787
9167936,NYC,Private room,3.89182,4.11270
16269511,NYC,Entire home/apt,5.57595,5.46277
16475935,NYC,Private room,3.97029,4.16902
4006264,NYC,Private room,4.38203,4.09728
10102206,NYC,Entire home/apt,5.70378,5.17742
15616579,NYC,Private room,4.49981,4.43894
12731689,LA,Private room,4.17439,4.43387
14468845,NYC,Private room,3.46574,4.12266
1853572,LA,Entire home/apt,4.82831,4.69977
1442790,SF,Private room,4.60517,5.11585
4924910,LA,Entire home/apt,4.31749,4.57274
7530545,NYC,Shared room,3.66356,3.57582
6819990,NYC,Private room,4.17439,4.15438
18105163,NYC,Private room,4.09434,4.21529
6612664,NYC,Shared room,4.09434,4.15034
6552654,NYC,Private room,4.44265,4.63250
8592259,NYC,Private room,4.60517,4.25859
16705491,NYC,Private room,3.91202,4.11223
525586,LA,Private room,3.89182,3.81033
360147,NYC,Private room,5.52146,4.86462
16130471,LA,Private room,4.60517,4.32329
20523325,SF,Private room,4.47734,4.57797
3362,LA,Private room,4.31749,4.32838
16315073,DC,Entire home/apt,4.59512,4.52812
3628320,NYC,Private room,3.80666,4.12091
18043901,NYC,Private room,3.91202,4.00186
11657285,Chicago,Entire home/apt,5.23111,4.76006
17850381,Boston,Private room,4.59512,4.41514
6077870,DC,Entire home/apt,5.01064,5.14838
13866653,SF,Entire home/apt,5.34711,5.53009
16996741,NYC,Private room,4.23411,4.42294
14790181,LA,Entire home/apt,5.91080,5.89561
8683858,NYC,Entire home/apt,5.01064,4.97510
9156784,SF,Entire home/apt,5.63479,5.94927
6853260,SF,Entire home/apt,5.89990,5.24519
12379180,LA,Entire home/apt,3.40120,4.69451
6355733,NYC,Entire home/apt,4.60517,4.88825
1147871,NYC,Entire home/apt,4.31749,4.70157
22354,NYC,Private room,4.78749,4.68726
6133914,NYC,Private room,4.31749,4.51330
3543562,NYC,Entire home/apt,4.38203,4.69522
12822815,LA,Entire home/apt,4.55388,4.73772
7349071,NYC,Private room,4.17439,3.93966
7761251,LA,Entire home/apt,5.59471,5.42286
5258940,NYC,Private room,4.38203,4.64441
17269177,DC,Entire home/apt,4.60517,4.63533
2051484,NYC,Entire home/apt,4.87520,4.89790
9776467,NYC,Private room,4.09434,3.97841
15263081,LA,Private room,4.78749,5.26416
6467467,NYC,Private room,4.24850,3.99314
6601749,LA,Entire home/apt,5.29330,5.12457
7620686,LA,Private room,4.74493,4.55063
14979837,LA,Private room,3.98898,4.03802
10464709,SF,Private room,4.26268,4.29197
5558242,NYC,Private room,4.35671,4.49071
5447165,SF,Entire home/apt,4.82831,4.94075
8901901,LA,Private room,4.48864,4.36537
16259405,NYC,Entire home/apt,5.16479,5.20248
19810818,NYC,Entire home/apt,5.70378,5.61355
6749167,NYC,Private room,4.65396,4.57400
515392,NYC,Private room,4.07754,4.41340
15053875,LA,Private room,4.60517,4.52785
1066072,NYC,Private room,4.55388,4.40316
20886228,NYC,Entire home/apt,5.60580,5.76095
10229075,LA,Private room,4.69135,4.46244
16668563,NYC,Entire home/apt,6.85646,6.55928
13019175,Boston,Private room,4.59512,4.39473
16808044,LA,Entire home/apt,5.27300,5.52317
16340436,NYC,Entire home/apt,5.99146,5.99233
17691815,NYC,Entire home/apt,5.52146,5.24011
13239241,LA,Entire home/apt,4.86753,4.68898
6678745,LA,Entire home/apt,3.91202,4.58908
16544320,LA,Entire home/apt,4.82831,5.16993
14139335,SF,Private room,5.16479,4.95910
4595507,LA,Entire home/apt,5.10595,4.84474
2904330,LA,Private room,4.58497,4.17518
4720091,NYC,Private room,4.17439,4.52387
610015,LA,Entire home/apt,5.29832,5.21947
8887960,SF,Entire home/apt,4.86753,5.12149
17938223,NYC,Entire home/apt,4.70048,4.78650
13953224,NYC,Entire home/apt,5.00395,4.95824
6922612,Boston,Entire home/apt,5.70378,5.51636
9587656,LA,Private room,4.24850,4.39595
20621360,Boston,Entire home/apt,4.90527,4.87551
14991767,LA,Private room,3.82864,4.06127
10122365,NYC,Entire home/apt,5.18739,5.16526
8507768,NYC,Private room,4.09434,4.08247
13786003,DC,Entire home/apt,4.70048,4.91745
19925457,Boston,Entire home/apt,5.57973,5.21545
2960080,DC,Private room,4.31749,4.33284
17479945,NYC,Private room,4.49981,4.32486
5967901,SF,Entire home/apt,4.74493,5.10245
16069192,NYC,Entire home/apt,5.21494,5.08908
6326345,NYC,Entire home/apt,4.77912,4.74030
21082194,NYC,Private room,4.24850,4.12614
4828336,Chicago,Private room,3.89182,3.98913
12299,LA,Private room,4.46591,4.27474
8951763,Chicago,Entire home/apt,5.35186,5.00780
4699715,LA,Private room,4.90527,4.74760
4264352,NYC,Private room,5.29832,4.97807
20590996,Boston,Entire home/apt,4.85981,5.29962
378460,LA,Entire home/apt,5.12990,5.34145
20571263,SF,Private room,4.09434,4.26657
15068901,Boston,Entire home/apt,4.82831,4.96499
17242174,NYC,Entire home/apt,4.98361,5.16908
9062671,SF,Private room,5.78383,5.04083
9987543,LA,Entire home/apt,4.48864,4.68558
6044602,LA,Entire home/apt,4.00733,4.51071
8569761,NYC,Private room,4.38203,4.27462
19273852,LA,Private room,4.77068,4.28872
19177019,LA,Private room,3.95124,3.84292
13787819,NYC,Private room,4.79579,4.86586
19097111,Boston,Entire home/apt,5.16479,5.05926
16810733,NYC,Entire home/apt,4.86753,4.60836
12011978,NYC,Private room,4.44265,4.55223
3953942,NYC,Entire home/apt,5.10595,5.08508
20623171,SF,Entire home/apt,5.85793,5.46733
13827669,NYC,Entire home/apt,4.60517,4.62408
14203815,DC,Entire home/apt,6.10925,5.87508
13359488,NYC,Private room,3.71357,3.58297
6187204,NYC,Private room,4.24850,4.11844
4645457,LA,Entire home/apt,4.77912,4.55268
5774984,NYC,Entire home/apt,5.16479,5.11487
15432174,DC,Entire home/apt,5.04343,5.03567
19340327,NYC,Shared room,3.21888,3.60314
15234803,NYC,Entire home/apt,5.04343,4.81732
20401561,NYC,Entire home/apt,5.01064,5.18408
932410,LA,Private room,3.91202,4.22759
18096790,NYC,Private room,4.38203,4.36292
13941830,NYC,Private room,5.16479,4.66876
6955911,NYC,Private room,4.89035,5.05577
13134161,NYC,Private room,6.21461,4.84243
6677410,NYC,Private room,4.49981,4.49003
11018780,NYC,Entire home/apt,5.01064,4.78481
2045064,LA,Entire home/apt,4.90527,5.07510
16839028,NYC,Entire home/apt,6.10925,5.80773
15298324,SF,Entire home/apt,5.01064,4.74489
14296844,LA,Private room,3.89182,3.96315
7054427,Chicago,Entire home/apt,4.77912,4.75882
8884103,NYC,Entire home/apt,5.01064,5.06708
4374523,SF,Entire home/apt,5.20401,5.67266
7919542,DC,Private room,3.78419,4.30350
11016158,LA,Entire home/apt,4.60517,4.48954
4198575,LA,Entire home/apt,4.54329,4.55854
17996380,LA,Entire home/apt,5.14749,5.39499
5559661,LA,Entire home/apt,4.31749,4.65080
9149749,Boston,Entire home/apt,4.78749,4.94218
5019183,NYC,Entire home/apt,5.57973,5.31999
4861859,LA,Entire home/apt,4.38203,4.83642
7771546,NYC,Entire home/apt,5.29832,5.31385
19961776,LA,Private room,4.60517,4.52687
2269104,NYC,Private room,4.31749,4.10056
11061063,SF,Entire home/apt,5.91080,5.79741
18367491,NYC,Private room,4.17439,4.32390
9844439,DC,Entire home/apt,5.51745,5.63229
19986087,DC,Entire home/apt,4.38203,4.58028
1646806,LA,Private room,3.80666,3.96970
13747567,NYC,Entire home/apt,5.01064,4.45955
5728759,LA,Private room,3.55535,4.12295
3627589,LA,Private room,4.74493,4.15493
13156146,LA,Entire home/apt,4.82831,4.80040
771640,LA,Shared room,5.01064,4.11549
12608643,NYC,Entire home/apt,5.07517,5.24128
11653986,NYC,Private room,4.78749,4.46435
13298746,SF,Entire home/apt,5.99146,5.85596
19912760,LA,Entire home/apt,5.85793,6.02999
62468,NYC,Entire home/apt,5.29832,5.56279
17509703,NYC,Private room,3.91202,4.49564
15361149,NYC,Private room,4.23411,4.29791
9486332,NYC,Entire home/apt,4.73620,4.81778
18561692,NYC,Entire home/apt,5.01064,5.15797
6576463,NYC,Entire home/apt,6.21461,6.01640
10587891,LA,Private room,4.68213,3.85631
2448356,NYC,Entire home/apt,4.69135,4.55946
11869400,LA,Entire home/apt,5.99146,6.10145
1427950,NYC,Private room,4.21951,4.72349
5486834,LA,Entire home/apt,5.92693,5.76830
12189021,SF,Entire home/apt,4.78749,5.44423
17031909,NYC,Entire home/apt,5.13580,5.08685
18652181,NYC,Private room,4.49981,4.52850
12856149,Boston,Entire home/apt,5.24175,5.48059
18999002,Boston,Entire home/apt,4.82831,5.21695
10772764,NYC,Entire home/apt,5.98896,5.53142
19876515,NYC,Entire home/apt,5.01064,4.74846
10253367,DC,Shared room,4.09434,4.45192
1945508,Boston,Private room,4.39445,4.52292
20167771,SF,Entire home/apt,5.29832,5.18857
18957522,LA,Entire home/apt,5.24702,5.05761
4518173,DC,Private room,4.44265,4.60718
18613596,SF,Entire home/apt,5.89990,5.02355
1861508,NYC,Private room,4.14313,4.20187
560204,NYC,Private room,4.74493,4.30834
20506342,LA,Entire home/apt,4.31749,4.67528
10018313,NYC,Private room,4.24850,4.22236
14967790,NYC,Entire home/apt,4.33073,5.43011
13084627,NYC,Private room,4.44265,4.40153
19674352,LA,Entire home/apt,4.40672,4.63089
4624020,LA,Entire home/apt,5.52146,6.12306
1222563,SF,Entire home/apt,6.68461,6.16374
19748517,LA,Entire home/apt,4.60517,4.50034
7239527,SF,Private room,4.38203,4.50877
1960594,NYC,Private room,4.59512,4.65884
16726568,LA,Private room,4.17439,4.42118
10792038,NYC,Entire home/apt,5.79909,5.46623
10084382,LA,Entire home/apt,5.48064,5.07822
13153219,LA,Entire home/apt,4.55388,4.56669
7803232,LA,Private room,3.82864,3.97054
20073605,SF,Private room,4.59512,4.83732
11170512,SF,Private room,4.24850,4.27958
14334031,LA,Entire home/apt,4.94164,4.84070
13960564,DC,Private room,4.09434,4.39150
13494625,NYC,Entire home/apt,5.61677,5.13783
18360423,NYC,Entire home/apt,5.66643,5.46950
15744148,Boston,Private room,3.40120,3.85076
6066085,SF,Entire home/apt,5.52146,5.92291
17269342,SF,Private room,4.99043,4.71635
13619501,LA,Entire home/apt,4.66344,4.74805
15536007,NYC,Private room,4.31749,4.16998
16381093,NYC,Private room,3.80666,4.13509
3595429,Boston,Entire home/apt,4.94164,4.99251
16240603,Chicago,Entire home/apt,4.78749,4.94903
10710954,LA,Entire home/apt,6.61338,5.73698
655374,DC,Entire home/apt,4.24850,5.26882
580084,SF,Entire home/apt,4.82831,4.81672
5760160,LA,Entire home/apt,6.10925,5.86539
12786165,Chicago,Entire home/apt,4.76217,4.48541
4386566,DC,Shared room,4.94164,4.56455
1015336,LA,Entire home/apt,5.16479,5.27718
663876,LA,Private room,4.36945,4.12420
10637184,DC,Entire home/apt,5.51745,5.61640
9436049,LA,Private room,4.00733,4.23560
11732807,NYC,Private room,4.31749,4.45127
4755815,SF,Private room,6.95655,5.68139
20661877,Chicago,Private room,3.91202,3.91507
16294941,Chicago,Entire home/apt,5.98896,4.84663
17652193,LA,Entire home/apt,4.38203,4.31773
19211691,LA,Private room,4.44265,4.76855
13669653,NYC,Entire home/apt,4.86753,5.07212
1210979,LA,Private room,4.39445,4.49804
972993,Chicago,Entire home/apt,5.70044,5.22862
14076425,LA,Private room,3.66356,3.80409
398850,NYC,Entire home/apt,5.74620,5.55946
14036117,NYC,Private room,3.91202,4.32945
3832863,NYC,Entire home/apt,5.22575,5.07170
15563797,NYC,Shared room,3.89182,4.33684
553565,DC,Private room,4.44265,4.24145
110921,LA,Entire home/apt,5.29832,5.20854
8770660,LA,Entire home/apt,4.78749,4.79892
5407023,SF,Entire home/apt,5.29832,5.16386
4430819,DC,Entire home/apt,6.55108,5.53390
16229723,LA,Private room,5.16479,4.61607
19963733,DC,Entire home/apt,5.13580,4.71404
6860656,LA,Private room,4.38203,4.82056
3069142,LA,Entire home/apt,4.59512,5.08192
689356,NYC,Private room,4.40672,4.55376
15929667,Boston,Entire home/apt,4.60517,4.97132
756892,SF,Entire home/apt,5.50126,5.48828
18411468,LA,Entire home/apt,4.31749,4.40345
18199165,NYC,Entire home/apt,5.16479,4.91685
7743874,NYC,Entire home/apt,4.97673,4.85009
7599680,LA,Entire home/apt,5.00395,5.11392
16208312,Chicago,Entire home/apt,4.31749,4.73157
6044964,LA,Entire home/apt,5.51745,5.15339
6390185,NYC,Entire home/apt,4.74493,4.79267
3526122,LA,Shared room,3.21888,3.50249
3354795,NYC,Entire home/apt,5.01064,5.12111
8035220,DC,Entire home/apt,5.10595,4.89289
810681,NYC,Entire home/apt,4.21951,4.69256
4463856,LA,Entire home/apt,5.01064,4.91929
19713551,LA,Entire home/apt,5.06890,4.83235
12250653,LA,Entire home/apt,4.92725,4.82416
197972,NYC,Entire home/apt,4.78749,4.69579
1332629,NYC,Entire home/apt,4.38203,4.59040
13251378,LA,Entire home/apt,4.77912,4.79388
5751150,NYC,Private room,4.09434,4.23942
20156650,LA,Entire home/apt,4.38203,4.74718
21067705,NYC,Private room,4.91998,4.38954
19248688,NYC,Private room,3.91202,4.33713
3050347,NYC,Private room,4.97673,4.39617
10137990,NYC,Entire home/apt,5.10595,4.95726
2897507,LA,Entire home/apt,4.82831,4.78113
16616820,NYC,Private room,4.49981,4.52581
9559239,LA,Entire home/apt,5.01064,4.75267
6739145,LA,Private room,5.00395,4.37819
14937558,LA,Entire home/apt,4.55388,4.93264
13952851,NYC,Entire home/apt,5.73657,5.19393
20914641,NYC,Private room,4.17439,4.08269
2412254,NYC,Private room,3.80666,4.04437
8740867,Chicago,Entire home/apt,4.30407,4.59017
458154,NYC,Private room,4.39445,4.47646
12736900,NYC,Private room,4.09434,3.89543
17138853,SF,Private room,4.77912,4.94163
6923942,NYC,Private room,3.91202,3.78384
18826197,NYC,Entire home/apt,5.70044,4.93645
16406424,NYC,Entire home/apt,5.52146,5.29634
13389829,NYC,Entire home/apt,5.04343,5.24581
18731861,NYC,Entire home/apt,5.16479,4.86115
1164111,SF,Entire home/apt,4.31749,5.31038
17651619,Boston,Entire home/apt,5.18739,5.13486
6812204,NYC,Entire home/apt,4.85981,4.79393
18705824,LA,Entire home/apt,5.22036,5.17941
6477586,LA,Entire home/apt,5.27300,5.53648
9859856,LA,Entire home/apt,4.99043,5.02395
9168964,NYC,Private room,4.59512,3.95475
19524259,NYC,Private room,4.78749,4.58531
15480677,LA,Entire home/apt,4.48864,4.98075
21067311,LA,Entire home/apt,4.82831,4.56110
14536660,NYC,Entire home/apt,5.85793,5.02322
13781978,LA,Private room,4.44265,4.52655
13746257,SF,Entire home/apt,5.07517,5.64228
526970,LA,Private room,3.66356,3.88501
13190326,NYC,Entire home/apt,6.58617,6.24944
6662112,NYC,Entire home/apt,5.70378,4.89040
3557831,NYC,Private room,5.63479,4.84626
9765897,DC,Private room,4.17439,4.37350
5253115,LA,Private room,4.48864,4.44773
3945796,NYC,Entire home/apt,5.85793,5.53048
15983139,LA,Private room,4.46591,4.35620
5495927,NYC,Entire home/apt,4.96981,4.62945
19801076,LA,Entire home/apt,5.59842,5.37246
17722056,LA,Private room,3.80666,4.39534
19793060,LA,Private room,4.24850,3.95424
18110344,DC,Entire home/apt,4.96981,5.38906
21059079,DC,Private room,4.49981,5.10833
292973,LA,Private room,3.89182,3.88346
10164502,DC,Entire home/apt,4.44265,4.59707
4308991,NYC,Entire home/apt,4.24850,5.11360
17811860,Chicago,Entire home/apt,5.01064,4.76627
6492391,LA,Entire home/apt,4.89784,4.92570
8141744,NYC,Private room,4.31749,4.51087
18241905,NYC,Entire home/apt,5.59471,5.29840
20213776,NYC,Private room,4.39445,4.24698
16788336,Chicago,Private room,4.17439,4.26874
13509864,DC,Entire home/apt,4.82831,4.65935
19720877,LA,Entire home/apt,5.01064,4.83194
13770074,NYC,Private room,4.20469,4.39829
17607132,LA,Private room,4.79579,4.44358
14590657,LA,Entire home/apt,5.32301,5.54741
19592057,SF,Private room,4.49981,4.57711
13066378,LA,Private room,4.38203,4.00740
20307535,NYC,Entire home/apt,4.70048,5.07597
3177702,LA,Private room,4.09434,3.94694
11948037,LA,Entire home/apt,5.70378,5.75137
93551,Chicago,Entire home/apt,5.45959,5.35287
12343996,NYC,Private room,4.06044,4.42691
17928566,Chicago,Private room,4.49981,4.07806
6016379,NYC,Entire home/apt,5.04343,5.01003
10531010,Chicago,Private room,3.68888,3.96867
16768535,LA,Private room,3.55535,3.97406
18852200,NYC,Private room,4.09434,3.99275
9859236,NYC,Entire home/apt,4.38203,4.60929
10605858,NYC,Private room,4.49981,4.49256
12447596,LA,Private room,3.68888,4.01214
12383404,DC,Private room,5.27300,5.08621
10631001,SF,Entire home/apt,5.01064,5.45666
16244121,NYC,Entire home/apt,5.61677,5.12729
16481158,LA,Entire home/apt,4.07754,4.45504
17335905,NYC,Entire home/apt,5.07517,5.23003
16592649,LA,Private room,4.00733,4.06054
4736480,SF,Entire home/apt,5.41610,5.63963
780205,LA,Private room,4.99043,4.83488
18744371,SF,Private room,4.60517,4.45124
18313845,Boston,Entire home/apt,5.99146,5.13395
2445856,LA,Entire home/apt,4.55388,5.09259
18429317,NYC,Private room,3.71357,3.84903
17574739,SF,Private room,4.86753,4.65142
5679314,NYC,Entire home/apt,5.16479,5.27160
7441144,SF,Private room,4.69135,4.86628
727969,Boston,Entire home/apt,5.01064,5.33786
15053294,LA,Private room,4.35671,4.61983
14744555,NYC,Entire home/apt,5.16479,4.94408
8357133,Boston,Entire home/apt,5.17615,5.36219
19069372,NYC,Private room,3.80666,4.07742
5500218,Chicago,Entire home/apt,4.70048,5.28129
16344481,NYC,Private room,4.53260,4.67672
905425,LA,Entire home/apt,5.18178,5.23599
19677105,SF,Private room,6.19441,4.88301
679695,LA,Private room,3.80666,3.92892
14451655,NYC,Entire home/apt,5.85507,5.29337
4974843,NYC,Private room,4.31749,4.16634
6939758,NYC,Private room,3.91202,4.09606
21066041,Chicago,Entire home/apt,4.07754,4.59352
2798787,LA,Entire home/apt,5.78383,6.28284
16409970,NYC,Entire home/apt,4.74493,4.77329
9380524,Chicago,Entire home/apt,4.54329,4.76183
19574477,DC,Entire home/apt,5.11199,5.70212
4925368,LA,Entire home/apt,4.85981,4.80442
8507643,NYC,Entire home/apt,5.19296,5.28227
13166495,DC,Entire home/apt,5.89164,5.96176
6578936,LA,Entire home/apt,5.82600,5.91995
4901207,Chicago,Entire home/apt,4.86753,5.06755
4121801,DC,Entire home/apt,4.24850,5.19727
10877152,NYC,Entire home/apt,5.01064,4.95518
13526638,NYC,Entire home/apt,5.52146,5.24571
9010430,Chicago,Entire home/apt,4.59512,4.94758
7807992,NYC,Private room,4.09434,4.24576
16123830,NYC,Entire home/apt,5.29832,5.28110
5159567,NYC,Private room,4.09434,3.94401
7561797,DC,Entire home/apt,4.54329,4.87670
2302408,DC,Entire home/apt,5.16479,5.02103
18522431,LA,Entire home/apt,5.32788,5.09676
20895695,SF,Entire home/apt,6.47697,5.43189
20862132,LA,Private room,4.27667,4.19237
1856261,Boston,Shared room,4.55388,4.79359
3258450,Boston,Private room,4.77912,4.18185
8428031,LA,Entire home/apt,4.55388,4.75772
4456094,Boston,Private room,4.31749,4.20414
4592475,LA,Entire home/apt,6.74524,5.96250
20869897,NYC,Private room,3.91202,3.91276
3741728,NYC,Entire home/apt,4.85981,4.40149
767837,NYC,Private room,3.87120,4.17466
7398507,LA,Private room,4.86753,4.71785
19067450,DC,Private room,4.07754,4.08889
2081199,LA,Entire home/apt,5.29832,4.73179
14788725,LA,Entire home/apt,4.59512,5.10532
18257607,LA,Entire home/apt,5.65948,6.22423
441860,NYC,Entire home/apt,4.91265,4.77721
1138542,SF,Private room,4.31749,4.37955
6966923,LA,Entire home/apt,4.31749,4.95888
11116617,Boston,Private room,4.00733,4.20255
19905250,NYC,Entire home/apt,4.63473,4.80847
8953200,NYC,Entire home/apt,6.07764,6.31802
10876505,SF,Shared room,3.43399,4.07300
9258941,NYC,Private room,5.01064,4.43610
964379,LA,Private room,3.91202,4.22599
13533524,NYC,Private room,5.01064,4.04636
13099742,NYC,Entire home/apt,5.18739,5.23158
4624526,SF,Entire home/apt,5.04343,5.18974
8131528,NYC,Entire home/apt,4.78749,4.82831
16435953,NYC,Private room,4.90527,4.85139
442633,LA,Entire home/apt,4.60517,4.74703
18196461,NYC,Private room,4.27667,4.35936
9150395,Chicago,Private room,3.40120,3.91587
13845726,SF,Private room,4.59512,4.35141
7691711,NYC,Private room,4.59512,4.29685
5175141,NYC,Private room,4.17439,4.41968
7149655,NYC,Entire home/apt,5.10595,4.69441
11834467,NYC,Entire home/apt,5.01728,4.98155
18785349,LA,Private room,3.91202,4.16280
1688705,Boston,Entire home/apt,6.21461,5.32108
1373524,LA,Entire home/apt,5.06890,5.08922
16271818,LA,Private room,3.73767,4.29209
5182147,LA,Entire home/apt,4.24850,4.13142
19509586,SF,Private room,4.74493,4.82754
2217610,NYC,Entire home/apt,5.52545,5.48974
17815532,LA,Entire home/apt,5.06890,5.01720
20332330,Boston,Private room,4.23411,4.18632
16362967,DC,Entire home/apt,5.29832,5.07208
18026540,NYC,Private room,4.85981,4.89913
15786161,DC,Entire home/apt,5.00395,5.06299
305783,DC,Private room,3.21888,3.97317
14716013,LA,Entire home/apt,4.31749,4.55188
4565447,DC,Entire home/apt,4.54329,4.69283
20174423,Chicago,Private room,4.31749,4.03997
5825911,LA,Private room,5.01064,4.68079
16259126,SF,Entire home/apt,6.47697,6.19646
20940749,NYC,Entire home/apt,4.29046,4.72927
17779508,Chicago,Entire home/apt,5.39363,4.93399
3870276,LA,Private room,4.17439,4.22286
2370610,LA,Entire home/apt,4.51086,4.65069
8210600,LA,Private room,3.43399,4.43395
16718429,LA,Private room,4.17439,4.09173
15361068,NYC,Entire home/apt,5.24175,5.41803
15421721,SF,Entire home/apt,5.17615,4.88828
7328646,NYC,Entire home/apt,5.78383,5.63931
14182564,LA,Entire home/apt,5.85793,5.56707
9476850,NYC,Private room,3.80666,4.24186
13281809,NYC,Private room,4.09434,4.36898
20016740,NYC,Shared room,3.40120,3.87985
8799237,NYC,Entire home/apt,5.85793,5.41928
8319971,LA,Private room,3.52636,4.06193
14656080,NYC,Private room,3.95124,4.20690
17808825,NYC,Entire home/apt,5.01064,5.05818
11102976,NYC,Private room,5.01064,4.82165
15181309,LA,Shared room,3.40120,3.88756
9775296,NYC,Private room,3.73767,3.86468
6324190,NYC,Entire home/apt,4.49981,4.65210
17303792,Chicago,Entire home/apt,4.69135,4.81149
16814587,NYC,Private room,3.68888,4.16463
8551408,NYC,Private room,3.85015,3.92956
16741150,LA,Private room,4.55388,4.84264
8101258,NYC,Private room,4.49981,4.77672
17805345,SF,Private room,4.55388,4.75155
6414298,DC,Entire home/apt,5.92693,6.08127
9906178,NYC,Private room,4.59512,4.60000
8283480,Boston,Entire home/apt,4.59512,5.49478
10148201,NYC,Shared room,4.09434,4.44751
9402993,LA,Entire home/apt,5.59471,5.40723
15434787,LA,Private room,3.91202,4.65392
14228600,DC,Entire home/apt,4.31749,4.54104
1227805,SF,Entire home/apt,4.31749,4.77855
6185484,LA,Private room,3.91202,4.26040
4659729,NYC,Entire home/apt,5.01064,5.30119
723849,Chicago,Entire home/apt,4.85981,5.01753
1971681,NYC,Private room,4.09434,4.08118
2496762,NYC,Private room,4.59512,4.43163
2865584,NYC,Entire home/apt,4.97673,4.85432
16555513,LA,Entire home/apt,5.13580,5.10067
4523554,NYC,Entire home/apt,4.90527,5.12944
18583072,DC,Entire home/apt,4.44265,4.51649
12429431,LA,Entire home/apt,5.37064,5.71407
16779078,NYC,Private room,4.60517,4.08303
14573347,DC,Entire home/apt,5.99146,5.50534
21007181,NYC,Entire home/apt,5.29832,5.46687
7009888,SF,Private room,4.82831,4.55222
16544150,Chicago,Private room,3.80666,3.71902
13811462,DC,Entire home/apt,5.29330,4.91262
21176417,NYC,Private room,4.15888,4.13941
16194801,NYC,Entire home/apt,4.97673,4.91581
10844851,LA,Private room,4.17439,4.18611
19345502,LA,Private room,3.80666,4.12031
17122439,NYC,Entire home/apt,5.66988,5.42650
2685655,LA,Private room,3.85015,3.95757
4782243,Boston,Entire home/apt,5.38907,5.13144
7815865,LA,Entire home/apt,7.04752,6.29960
8192768,DC,Private room,4.11087,4.57819
7514742,SF,Private room,5.52146,4.81615
16870463,LA,Private room,4.00733,4.26653
14802586,LA,Entire home/apt,5.99146,6.09878
5029676,LA,Entire home/apt,6.67834,6.32262
15535275,NYC,Private room,3.91202,3.96079
4007092,DC,Private room,4.00733,4.19443
12343287,DC,Entire home/apt,5.85793,6.29640
19765839,NYC,Entire home/apt,6.21461,5.69740
9755628,DC,Entire home/apt,5.01064,4.85900
4180179,LA,Entire home/apt,5.12396,5.12256
16739339,NYC,Private room,4.00733,4.67777
21078963,DC,Private room,4.38203,4.94349
898861,LA,Entire home/apt,5.01064,4.48777
8801250,Boston,Private room,4.78749,3.82641
6302766,NYC,Private room,4.83628,4.69609
14837966,LA,Entire home/apt,4.94164,4.90590
3058076,LA,Entire home/apt,4.49981,4.86663
11693066,NYC,Private room,4.74493,4.02148
2587099,NYC,Private room,4.31749,4.00540
15275345,NYC,Private room,3.68888,3.95712
17662923,NYC,Entire home/apt,5.01064,5.64303
19643642,DC,Private room,4.60517,4.69853
14667652,NYC,Entire home/apt,5.22036,5.40602
19720871,DC,Entire home/apt,4.65396,4.74004
11212039,LA,Private room,4.09434,4.02486
11121546,NYC,Private room,4.00733,4.28816
7955984,NYC,Entire home/apt,4.82831,4.95940
19488400,LA,Private room,4.90527,4.36015
16437292,NYC,Private room,4.27667,3.87351
18378026,NYC,Private room,4.09434,4.24967
4279302,NYC,Entire home/apt,5.55296,5.20836
12834317,LA,Shared room,3.36730,4.00182
20417586,NYC,Private room,4.06044,4.44705
17005914,NYC,Private room,5.01064,4.67334
13598698,LA,Entire home/apt,4.48864,4.44976
12011377,LA,Entire home/apt,5.85793,6.04480
7650918,NYC,Entire home/apt,5.41610,5.07110
5821379,LA,Entire home/apt,5.13580,4.74940
18609417,DC,Private room,4.82831,5.07266
14803694,LA,Private room,5.01064,4.66448
9970079,NYC,Private room,4.23411,4.30624
8211978,NYC,Entire home/apt,5.47227,4.99800
16619240,Boston,Entire home/apt,4.65396,4.69605
1525686,LA,Private room,4.55388,4.33741
2490162,SF,Entire home/apt,6.68461,5.92326
13094250,NYC,Entire home/apt,4.94164,4.95386
9768553,NYC,Shared room,3.55535,3.68246
16194421,Boston,Entire home/apt,5.12990,5.22791
16032177,LA,Entire home/apt,5.29832,5.97814
15236846,SF,Private room,4.38203,4.57218
12448756,NYC,Private room,5.27300,4.71906
15716658,NYC,Entire home/apt,5.16479,4.69572
15546992,LA,Entire home/apt,6.55108,5.94865
11659732,DC,Entire home/apt,4.85981,4.94583
4401013,Boston,Private room,4.23411,4.06309
13699274,SF,Entire home/apt,5.00395,4.99764
19503975,NYC,Entire home/apt,5.85507,5.58335
20017636,SF,Entire home/apt,5.16479,4.99552
260684,NYC,Entire home/apt,4.59512,4.53053
15313139,LA,Entire home/apt,5.04343,4.63226
2224417,LA,Entire home/apt,5.29832,6.07706
13249560,NYC,Private room,4.09434,4.40398
6806080,NYC,Private room,4.43082,3.88680
5861179,NYC,Entire home/apt,4.77912,5.19782
20135558,LA,Entire home/apt,4.59512,4.92751
9886015,NYC,Private room,4.74493,4.95581
15205941,DC,Entire home/apt,5.01064,4.88313
20053494,SF,Entire home/apt,5.24702,5.38265
9615815,NYC,Private room,4.17439,4.03792
8628425,NYC,Entire home/apt,4.99721,5.05764
2745958,LA,Private room,4.44265,4.53614
15194928,NYC,Entire home/apt,5.13580,5.36515
14368774,NYC,Private room,3.91202,3.94634
10363521,Boston,Private room,3.80666,4.22146
6277476,NYC,Private room,4.18965,4.28657
5926854,LA,Entire home/apt,3.91202,4.41048
7742486,Boston,Entire home/apt,5.52146,4.99992
12776406,LA,Private room,4.64439,4.36574
15800860,Chicago,Entire home/apt,4.60517,5.22544
17283046,NYC,Entire home/apt,5.01064,5.57311
17477317,LA,Private room,4.31749,4.49181
4193840,NYC,Entire home/apt,5.16479,4.80583
6686165,NYC,Entire home/apt,5.22036,5.15158
14233656,NYC,Entire home/apt,4.94164,4.97354
15311580,DC,Entire home/apt,5.29832,5.92666
12987239,NYC,Entire home/apt,5.65249,5.60322
8716674,SF,Entire home/apt,5.52146,5.16207
16454916,NYC,Entire home/apt,5.16479,5.20117
9461401,NYC,Entire home/apt,5.02388,5.45919
5669865,NYC,Private room,3.73767,4.08276
5047672,Chicago,Private room,4.38203,4.44135
6586700,LA,Entire home/apt,4.47734,4.51921
10886746,NYC,Entire home/apt,4.70048,4.84485
20309089,NYC,Entire home/apt,4.70048,4.82380
7713661,NYC,Entire home/apt,5.13580,5.42412
11911651,NYC,Entire home/apt,5.70378,5.81023
13753882,NYC,Entire home/apt,5.19296,5.30164
20889044,DC,Entire home/apt,7.04752,6.58598
6585028,NYC,Private room,3.63759,4.46121
12685390,DC,Entire home/apt,6.39693,6.11167
19123907,SF,Entire home/apt,5.07517,5.31788
20321921,NYC,Entire home/apt,5.52146,5.45780
9465129,NYC,Private room,3.52636,4.06780
10561771,LA,Private room,4.49981,4.53253
14223919,Boston,Private room,4.49981,4.69726
8187595,LA,Private room,4.30407,4.39424
8442642,NYC,Entire home/apt,5.41610,5.09388
16029649,LA,Shared room,3.61092,4.09387
4030229,LA,Entire home/apt,4.70048,4.77754
12156285,DC,Entire home/apt,4.77068,4.58793
14728337,NYC,Private room,4.38203,4.04567
18868990,LA,Entire home/apt,5.01064,5.29980
7630375,NYC,Entire home/apt,5.29832,5.42742
9231765,NYC,Entire home/apt,5.70378,5.35031
8410270,SF,Private room,4.09434,4.43887
15531352,SF,Entire home/apt,4.97673,5.49745
21069115,SF,Private room,4.55388,4.74174
16831471,LA,Private room,4.17439,4.23799
20086367,NYC,Entire home/apt,4.82831,4.86342
13676184,NYC,Entire home/apt,4.47734,4.83280
17040449,LA,Entire home/apt,4.70048,4.50685
392543,LA,Entire home/apt,5.10595,5.01140
9685324,LA,Entire home/apt,5.41610,5.13957
13893772,NYC,Private room,3.80666,3.98313
7602442,NYC,Private room,4.31749,4.32974
3167974,SF,Entire home/apt,5.45532,5.37714
16860212,LA,Entire home/apt,5.37064,5.15296
12670809,NYC,Entire home/apt,5.78383,5.61404
7361909,SF,Shared room,4.31749,4.13563
225314,NYC,Entire home/apt,5.51745,5.62210
15067182,NYC,Entire home/apt,5.29330,4.89356
18137276,NYC,Private room,4.15888,4.01338
10592845,NYC,Entire home/apt,5.47227,5.37952
18979061,NYC,Private room,3.68888,3.92351
16380551,SF,Entire home/apt,5.52146,5.36331
18326542,NYC,Private room,4.00733,4.04408
3643392,Boston,Entire home/apt,5.27300,4.90311
15842384,LA,Entire home/apt,4.15888,4.61352
6654304,DC,Private room,3.89182,4.23914
7073360,Chicago,Shared room,3.43399,3.64380
14057888,LA,Entire home/apt,4.49981,4.56326
5238159,NYC,Entire home/apt,4.82831,4.86041
5318952,NYC,Shared room,4.38203,4.39158
15811924,NYC,Private room,3.55535,4.02359
19635001,Boston,Entire home/apt,4.60517,5.51155
13191819,DC,Entire home/apt,6.38012,5.97154
8170864,SF,Entire home/apt,6.10925,5.89907
4301454,NYC,Entire home/apt,4.70048,5.24940
1284847,NYC,Entire home/apt,5.99146,5.54202
10391661,NYC,Entire home/apt,4.49981,4.49620
11965862,LA,Entire home/apt,5.99146,5.75236
21023440,NYC,Entire home/apt,4.60517,4.72369
9093358,NYC,Private room,4.36945,4.55229
2521691,NYC,Entire home/apt,4.60517,4.76396
13910919,Boston,Entire home/apt,5.50126,5.54032
20702398,NYC,Entire home/apt,5.43808,5.32188
1717870,NYC,Entire home/apt,5.01064,5.22098
5589,NYC,Private room,4.99721,4.48060
20886923,NYC,Private room,4.48864,4.91170
530881,NYC,Private room,4.44265,4.30061
16583499,LA,Private room,4.60517,4.37014
15037215,NYC,Private room,4.00733,4.20556
11190497,LA,Entire home/apt,4.60517,4.67261
6970111,LA,Entire home/apt,5.49306,5.46315
15744185,LA,Entire home/apt,5.23644,5.36595
1780748,LA,Entire home/apt,4.70048,4.67279
1560339,LA,Entire home/apt,5.01064,5.07571
14186740,NYC,Entire home/apt,4.78749,4.51429
13865867,LA,Entire home/apt,4.90527,4.69349
20841857,NYC,Private room,4.38203,4.45594
13829495,LA,Entire home/apt,5.66988,5.85214
10882774,NYC,Entire home/apt,4.44265,4.75990
8653603,LA,Private room,4.38203,4.14853
5957196,LA,Entire home/apt,5.01064,5.27326
13802246,LA,Entire home/apt,4.09434,5.15464
6800557,NYC,Private room,4.00733,4.02378
14358995,NYC,Entire home/apt,4.82831,5.08768
20783057,NYC,Private room,5.29832,4.83723
1320002,NYC,Entire home/apt,4.23411,4.39730
9373167,NYC,Private room,4.60517,4.62757
10090891,NYC,Private room,4.31749,4.94639
15938757,NYC,Entire home/apt,4.78749,5.03312
5500667,NYC,Private room,4.12713,4.21466
6934315,Chicago,Entire home/apt,4.60517,4.53425
15788483,LA,Entire home/apt,4.38203,4.41845
20033761,NYC,Entire home/apt,5.27300,4.92904
2845473,NYC,Entire home/apt,5.29330,5.10973
3216400,NYC,Entire home/apt,6.00881,5.95404
18008699,LA,Entire home/apt,4.77912,4.78080
476064,LA,Private room,4.00733,4.00934
3060818,Boston,Private room,4.55388,4.34032
659520,LA,Shared room,3.49651,3.56866
14125716,NYC,Private room,4.04305,3.92903
578390,LA,Private room,4.55388,4.47282
14217330,LA,Entire home/apt,4.47734,4.52245
19594255,LA,Private room,3.91202,4.19712
7919803,LA,Private room,3.68888,4.17101
18509865,Boston,Private room,4.17439,3.99136
16928488,NYC,Entire home/apt,4.59512,4.96882
15467013,LA,Entire home/apt,4.78749,4.68398
9171118,Chicago,Entire home/apt,5.01064,4.98350
15805694,LA,Private room,4.68213,4.65436
15129411,LA,Private room,4.31749,4.22411
13476531,NYC,Private room,3.33220,3.99429
16971,NYC,Entire home/apt,5.29832,5.13360
10686929,LA,Private room,3.78419,3.97820
8458724,NYC,Entire home/apt,4.74493,5.03789
16309028,NYC,Entire home/apt,5.65249,5.78516
7716927,NYC,Private room,4.00733,3.83717
11150526,NYC,Private room,4.55388,4.74817
16285063,NYC,Entire home/apt,4.60517,4.96346
20400464,Boston,Entire home/apt,5.29330,4.99056
20943928,NYC,Private room,4.94164,4.56461
17317707,LA,Entire home/apt,4.59512,4.61766
2057553,SF,Private room,4.24850,4.27441
13266133,LA,Entire home/apt,5.56068,5.41232
2177735,Boston,Private room,3.80666,4.07712
14043916,NYC,Private room,5.07517,4.39458
1545185,NYC,Private room,4.60517,4.45548
5707408,SF,Entire home/apt,5.19296,4.96266
2012368,NYC,Private room,4.09434,4.20249
13029600,SF,Entire home/apt,5.29832,5.09697
19996712,LA,Entire home/apt,4.71850,5.20806
4187747,Boston,Private room,3.91202,3.83444
739495,DC,Private room,5.29832,4.60210
18835820,DC,Entire home/apt,5.68698,5.83471
197223,LA,Entire home/apt,4.44265,4.66325
4121052,SF,Private room,4.78749,4.94015
5749306,LA,Shared room,3.80666,3.71977
12935388,LA,Entire home/apt,4.75359,4.76664
16998662,NYC,Private room,4.70048,4.25785
11107139,NYC,Entire home/apt,5.01064,5.11149
1718567,NYC,Entire home/apt,5.07517,5.01275
17764153,LA,Private room,4.00733,4.14858
11965062,NYC,Entire home/apt,4.85981,5.21047
11127992,SF,Entire home/apt,5.41165,5.42272
2339110,NYC,Private room,5.01064,4.51536
14151864,NYC,Entire home/apt,5.16479,5.11083
6337001,NYC,Private room,3.80666,3.83026
985187,SF,Private room,5.29832,4.77312
7599621,LA,Entire home/apt,5.70378,5.90796
585353,NYC,Private room,4.00733,4.06730
20437228,DC,Private room,3.55535,4.04639
18120022,Boston,Entire home/apt,5.22036,5.16133
217971,NYC,Private room,4.17439,3.93482
3638744,LA,Entire home/apt,4.60517,4.53934
15819771,LA,Entire home/apt,4.59512,4.83787
4479556,DC,Entire home/apt,5.96615,6.04194
8165426,NYC,Private room,4.78749,4.24304
7814575,NYC,Private room,4.61512,4.76214
4831130,NYC,Entire home/apt,5.70378,5.48583
9138111,Chicago,Entire home/apt,5.11799,5.20649
4311740,NYC,Entire home/apt,4.77068,4.52306
978130,NYC,Private room,4.31749,4.31412
6731745,NYC,Entire home/apt,4.77912,5.37897
17359463,NYC,Shared room,3.89182,3.88024
20551567,Chicago,Private room,3.25810,3.81748
20516112,LA,Entire home/apt,4.60517,4.70330
20582355,NYC,Entire home/apt,6.74524,6.11796
4694688,Chicago,Private room,6.39526,4.42620
16897598,Chicago,Entire home/apt,4.77912,4.79188
7134092,NYC,Entire home/apt,4.85981,5.02721
15822583,LA,Shared room,3.89182,3.96242
498693,NYC,Shared room,4.00733,3.54435
10628904,NYC,Private room,3.80666,4.23204
10577687,NYC,Private room,4.78749,4.12707
4351658,NYC,Private room,4.70048,4.44120
6490965,DC,Entire home/apt,5.99146,6.36759
9860758,DC,Entire home/apt,6.68461,6.14844
2008302,SF,Private room,4.94164,4.64124
8257534,NYC,Entire home/apt,5.61677,5.43403
12941306,LA,Private room,3.91202,4.10696
16452132,LA,Shared room,3.80666,4.29802
13437463,NYC,Private room,4.00733,4.18288
6956685,Chicago,Entire home/apt,4.86753,5.02165
20970394,NYC,Private room,4.78749,4.35646
9445766,LA,Private room,4.82831,4.38564
17187498,NYC,Entire home/apt,5.29330,5.52076
17642407,SF,Entire home/apt,6.66950,6.26175
13056497,NYC,Entire home/apt,5.41610,5.34868
1263964,LA,Entire home/apt,5.85793,5.41328
726465,Boston,Entire home/apt,5.27300,5.42594
726692,LA,Entire home/apt,4.38203,4.43337
3616174,NYC,Entire home/apt,5.85793,5.27109
16688556,NYC,Private room,4.30407,4.25172
14480047,NYC,Entire home/apt,4.82831,5.07616
9516038,DC,Entire home/apt,4.86753,6.16027
9200177,LA,Entire home/apt,4.49981,4.41981
10138792,LA,Entire home/apt,4.60517,4.66718
9629780,DC,Entire home/apt,6.20456,6.07009
15634172,LA,Private room,4.17439,4.24147
11311087,NYC,Private room,3.95124,4.14959
11362832,NYC,Entire home/apt,4.23411,4.73076
16453472,NYC,Private room,4.70048,4.53461
1209954,LA,Private room,4.58497,4.54603
15482966,LA,Private room,4.23411,4.02013
3822015,Chicago,Entire home/apt,4.94164,5.17231
4838843,Chicago,Entire home/apt,5.51745,5.10612
10907284,NYC,Private room,4.38203,4.67759
11673505,SF,Entire home/apt,6.21461,6.00001
16541664,LA,Private room,4.48864,4.66230
17106415,NYC,Entire home/apt,5.12990,5.08379
3944233,NYC,Private room,4.09434,4.35465
6397867,LA,Entire home/apt,6.32794,6.12231
7009883,NYC,Private room,4.49981,4.39468
11192547,Chicago,Private room,4.31749,4.37523
5736833,NYC,Private room,5.16479,4.75716
3124475,NYC,Entire home/apt,5.82895,5.56280
8035334,LA,Entire home/apt,7.09008,6.43078
4813140,SF,Private room,4.30407,4.69438
14967576,LA,Private room,4.24850,4.63579
11399413,NYC,Private room,3.91202,4.04619
11852116,LA,Private room,3.91202,3.87202
20816618,LA,Entire home/apt,4.77912,4.55901
6903738,LA,Entire home/apt,5.43808,5.14082
8443684,SF,Private room,4.78749,4.68882
14554983,NYC,Entire home/apt,5.30827,5.36353
280238,DC,Entire home/apt,5.52146,4.87090
7837347,LA,Entire home/apt,5.13580,5.45860
16980390,SF,Private room,4.09434,4.46790
17407264,NYC,Entire home/apt,5.68698,5.13603
8269318,LA,Entire home/apt,5.07517,4.65722
2757423,NYC,Entire home/apt,6.39693,5.88535
18508982,LA,Entire home/apt,4.44265,4.56163
10591658,NYC,Private room,4.17439,4.00955
113945,DC,Private room,4.09434,4.27066
16867947,LA,Private room,4.60517,4.31631
6830910,NYC,Private room,4.59512,4.56475
17516672,NYC,Entire home/apt,4.46591,4.61078
11208355,SF,Entire home/apt,5.34711,5.22704
2290645,NYC,Entire home/apt,6.47697,6.25852
12339410,LA,Private room,4.59512,4.46445
16845006,Chicago,Private room,5.01064,4.33311
175069,Chicago,Entire home/apt,3.68888,4.33312
18450142,NYC,Entire home/apt,5.23111,5.18621
19744691,LA,Entire home/apt,4.90527,4.64150
6586663,LA,Entire home/apt,5.92693,5.57388
14763489,Boston,Entire home/apt,5.46383,5.24292
13337155,NYC,Private room,3.68888,4.11059
6763763,NYC,Entire home/apt,5.78383,5.66822
4715654,LA,Private room,4.04305,3.80692
4022565,Boston,Entire home/apt,5.39363,5.34322
16677170,NYC,Shared room,4.17439,4.19055
3880588,SF,Entire home/apt,5.43808,5.29074
6908525,LA,Private room,4.94164,4.77190
11360700,LA,Private room,4.40672,4.39761
18348313,LA,Entire home/apt,5.04343,5.27962
15672225,NYC,Entire home/apt,5.22036,4.90014
12140,NYC,Private room,4.44265,4.40223
20167736,Chicago,Private room,3.91202,4.06215
6214131,NYC,Private room,4.78749,4.50865
15253192,LA,Private room,4.36945,4.60237
17508710,LA,Entire home/apt,4.90527,4.62292
5278479,LA,Private room,4.70953,4.44538
9714277,NYC,Private room,4.23411,4.39260
19547222,DC,Entire home/apt,5.52146,6.71902
2037464,NYC,Private room,3.68888,4.11392
9416198,SF,Private room,5.41610,5.14962
7280241,LA,Entire home/apt,4.51086,4.57726
12458231,NYC,Private room,4.09434,4.15720
5967305,NYC,Private room,4.35671,4.76547
20677954,NYC,Entire home/apt,5.99146,6.20734
14475901,NYC,Private room,4.31749,5.03109
975779,NYC,Entire home/apt,4.78749,4.85295
15641954,LA,Entire home/apt,5.52146,5.57667
765569,SF,Entire home/apt,5.79301,5.43515
12685533,Boston,Private room,3.68888,3.82386
25094,NYC,Entire home/apt,4.65396,4.78230
13078233,NYC,Private room,4.07754,4.35249
18240888,LA,Entire home/apt,5.07517,5.05198
16321650,NYC,Entire home/apt,5.01064,4.91278
12812116,NYC,Entire home/apt,4.49981,5.00111
6437389,Chicago,Entire home/apt,4.43082,4.45618
9078739,Chicago,Entire home/apt,4.65396,4.81452
7987618,Chicago,Entire home/apt,4.78749,4.83843
16468001,Chicago,Private room,4.09434,4.37010
5392517,LA,Entire home/apt,4.82831,4.65796
7956608,LA,Entire home/apt,4.60517,4.55718
5180410,DC,Entire home/apt,6.90776,6.27062
18044471,LA,Private room,4.78749,4.18171
751851,Boston,Private room,4.17439,4.09580
13311896,SF,Entire home/apt,4.65396,4.95786
16383135,NYC,Private room,4.06044,3.85157
13226446,NYC,Private room,3.91202,4.06609
8597777,NYC,Entire home/apt,5.85507,5.74802
14101449,Boston,Entire home/apt,5.18739,5.46331
17265242,NYC,Private room,4.65396,4.75568
19701875,DC,Entire home/apt,5.83773,5.55424
4989680,LA,Entire home/apt,4.31749,5.36791
15194789,SF,Private room,4.60517,5.11409
13828943,NYC,Entire home/apt,4.84419,4.93092
15663970,LA,Entire home/apt,4.74493,4.71143
14301979,NYC,Entire home/apt,5.70044,5.20994
1084294,SF,Entire home/apt,5.27300,5.20926
14095418,NYC,Private room,4.55388,4.32182
18770418,NYC,Entire home/apt,4.60517,5.44200
9795890,LA,Private room,4.99043,4.68239
15756600,SF,Entire home/apt,5.54126,5.59612
6119117,NYC,Private room,4.38203,4.18648
19806576,Chicago,Private room,3.55535,3.75348
20165074,SF,Entire home/apt,6.68461,5.77715
12914726,Boston,Private room,5.85793,4.61687
16810622,NYC,Private room,4.46591,4.57244
8340381,LA,Private room,3.55535,3.72260
272063,SF,Entire home/apt,6.90776,6.66458
8240348,LA,Entire home/apt,5.16479,5.30390
9924235,LA,Private room,4.17439,4.34384
13236148,LA,Entire home/apt,4.80402,4.55712
15238014,Boston,Entire home/apt,5.43372,5.54314
9459037,LA,Entire home/apt,5.39363,4.95976
4585452,SF,Entire home/apt,5.43372,5.86274
18674486,NYC,Private room,4.82831,4.52937
6115098,NYC,Private room,4.49981,4.22601
18093365,LA,Entire home/apt,4.97673,5.03601
1683776,Boston,Entire home/apt,5.00395,4.90400
5761264,LA,Shared room,4.31749,4.08408
6374545,NYC,Entire home/apt,5.18739,5.06210
6993018,NYC,Private room,5.29832,4.83826
17748232,LA,Entire home/apt,5.52146,5.62569
10438224,NYC,Entire home/apt,5.51745,5.38272
16405737,Chicago,Private room,4.00733,4.24329
13221196,NYC,Entire home/apt,4.74493,5.16595
4817724,LA,Entire home/apt,5.51745,5.77082
20874121,NYC,Entire home/apt,5.01064,4.75123
11773631,NYC,Private room,4.60517,4.34746
11969581,NYC,Entire home/apt,5.27300,4.88976
17239723,NYC,Entire home/apt,4.59512,4.62463
13433732,SF,Entire home/apt,5.70378,5.69860
20309829,Chicago,Entire home/apt,4.82831,4.96828
14557162,NYC,Private room,4.55388,4.73770
12299794,NYC,Private room,4.48864,4.71322
13378987,LA,Entire home/apt,4.74493,4.98496
20139374,Boston,Entire home/apt,5.39363,4.99333
2802480,LA,Private room,4.59512,4.58263
788106,DC,Entire home/apt,5.01064,4.94995
2424199,NYC,Private room,3.91202,3.80785
878390,Chicago,Entire home/apt,4.82831,4.79792
7191494,SF,Private room,4.49981,5.04080
14571515,LA,Entire home/apt,4.36945,4.52367
13674565,NYC,Entire home/apt,5.56068,5.52814
14497121,NYC,Entire home/apt,4.59512,4.80334
16253053,NYC,Entire home/apt,4.59512,6.03275
16492790,NYC,Entire home/apt,4.82831,5.10682
7916519,NYC,Private room,5.01064,4.82738
479118,NYC,Private room,4.65396,4.54489
15359350,DC,Entire home/apt,6.23048,6.07365
19714056,DC,Entire home/apt,4.82831,4.67313
131154,LA,Entire home/apt,5.92693,5.73629
14237838,NYC,Entire home/apt,5.10595,5.13090
15345525,NYC,Entire home/apt,4.44265,4.75461
14100670,NYC,Private room,4.00733,3.85313
12230277,LA,Entire home/apt,4.60517,4.54532
8842327,NYC,Entire home/apt,5.52146,5.43156
6073953,LA,Private room,3.66356,3.94680
16484636,LA,Entire home/apt,5.52146,5.27661
13437888,NYC,Entire home/apt,5.78383,5.77177
7664343,NYC,Entire home/apt,5.70044,5.08137
1428014,NYC,Private room,4.24850,4.10383
15975039,NYC,Private room,4.24850,4.17274
15010218,NYC,Entire home/apt,5.29330,5.15682
18840936,SF,Entire home/apt,5.24175,5.41133
17750114,NYC,Entire home/apt,5.92693,5.50193
10966022,LA,Private room,4.44265,4.52348
2410819,DC,Entire home/apt,5.29832,4.87399
11648212,LA,Entire home/apt,5.92693,6.40989
9365491,NYC,Entire home/apt,5.52146,5.10743
15294497,DC,Entire home/apt,5.24175,5.15727
19315218,DC,Entire home/apt,6.10925,5.19297
866890,NYC,Entire home/apt,5.78383,5.10360
7874958,NYC,Entire home/apt,4.59512,5.17036
1832354,LA,Entire home/apt,6.55108,5.99862
6376279,NYC,Private room,4.93447,4.65526
4463263,Boston,Private room,3.58352,4.02555
11228489,NYC,Private room,3.63759,3.79226
19966324,LA,Entire home/apt,5.70044,5.63367
6629260,NYC,Entire home/apt,5.01064,5.26284
6132100,Boston,Private room,3.73767,4.07050
10043106,Boston,Entire home/apt,6.30992,5.72134
17828341,NYC,Private room,4.44265,4.62121
9229793,Boston,Private room,4.14313,4.12168
9048955,LA,Entire home/apt,4.60517,4.43364
17972466,LA,Entire home/apt,4.90527,4.68694
13746034,LA,Entire home/apt,4.58497,4.43143
35963,NYC,Private room,4.60517,4.79421
763881,SF,Entire home/apt,5.22036,5.18038
7123455,SF,Private room,4.97673,4.78165
3354459,LA,Entire home/apt,4.78749,4.72899
2109043,NYC,Private room,4.60517,4.61231
18180957,SF,Entire home/apt,5.66988,5.36213
16497297,NYC,Entire home/apt,5.52146,5.60730
2694526,LA,Shared room,4.49981,3.95065
4830443,SF,Entire home/apt,5.79909,5.54313
2478558,NYC,Private room,4.38203,3.95322
3362455,NYC,Entire home/apt,4.82831,4.98652
2788298,Chicago,Entire home/apt,5.06890,5.15194
16507969,Boston,Private room,3.89182,4.55085
21091102,NYC,Private room,4.60517,4.91180
20663548,NYC,Shared room,3.55535,3.67373
17866896,NYC,Entire home/apt,5.01064,4.68151
6403940,NYC,Entire home/apt,4.86753,5.14741
10706423,LA,Entire home/apt,3.95124,4.26402
20195100,NYC,Entire home/apt,5.27300,5.53385
7550122,LA,Entire home/apt,4.24850,4.48513
15255790,Boston,Entire home/apt,5.29832,5.02584
16260692,DC,Entire home/apt,4.60517,4.72526
18765944,Chicago,Shared room,4.18965,4.23075
1223107,SF,Entire home/apt,5.70378,5.36754
1615033,SF,Entire home/apt,3.21888,5.65740
8165315,NYC,Entire home/apt,5.01064,5.16273
14088973,Chicago,Private room,4.82831,5.06708
2242739,Chicago,Entire home/apt,4.85203,4.74182
18396898,NYC,Entire home/apt,4.78749,4.94063
17547642,NYC,Private room,4.17439,4.10044
11698362,NYC,Private room,4.38203,4.47562
9696978,DC,Private room,3.55535,4.22158
18343907,NYC,Private room,4.59512,4.63030
9779853,LA,Private room,4.15888,4.55713
17717619,NYC,Private room,3.68888,3.92366
3270428,NYC,Entire home/apt,5.88610,5.72731
19711234,LA,Entire home/apt,4.44265,4.67510
5796964,LA,Entire home/apt,5.04343,5.46042
9726784,NYC,Private room,3.80666,4.18689
20590425,LA,Entire home/apt,5.29832,5.22132
18124043,Chicago,Private room,4.55388,4.35151
14949923,DC,Private room,4.49981,4.42002
13583278,NYC,Private room,4.44265,4.58976
333189,NYC,Private room,4.49981,4.64132
11098498,LA,Private room,4.23411,4.19179
7712639,SF,Entire home/apt,5.70378,5.32482
12212676,NYC,Entire home/apt,4.82831,5.06001
12342004,NYC,Entire home/apt,4.79579,4.84728
17516522,LA,Entire home/apt,5.59842,6.20781
12365857,NYC,Private room,4.00733,4.45255
18473489,LA,Entire home/apt,5.61677,5.29824
733673,SF,Entire home/apt,5.41610,5.23841
12038184,NYC,Private room,3.80666,3.88584
6145124,LA,Entire home/apt,5.07517,5.42922
2459285,SF,Entire home/apt,5.24702,5.31641
10101011,Boston,Private room,4.24850,4.30638
9547018,Boston,Private room,4.14313,4.19184
7728265,DC,Entire home/apt,4.56435,4.63254
10070350,NYC,Private room,3.91202,4.17750
17071452,DC,Entire home/apt,4.66344,4.76930
17572926,NYC,Private room,3.55535,3.72372
10886372,LA,Private room,3.63759,4.28870
17188074,NYC,Private room,3.80666,4.01653
4530154,Chicago,Entire home/apt,5.85507,5.42745
7433796,DC,Private room,3.91202,4.83001
6292624,LA,Entire home/apt,5.06260,5.01007
13635915,SF,Entire home/apt,5.01064,4.78114
375882,NYC,Private room,3.97029,4.11756
14371251,NYC,Entire home/apt,4.41884,4.88427
8288662,NYC,Private room,3.55535,4.04654
707387,NYC,Private room,4.59512,4.31747
3288881,LA,Entire home/apt,4.31749,5.52554
13101174,NYC,Private room,4.09434,3.99332
1267954,LA,Shared room,3.21888,3.84437
6994064,DC,Private room,4.59512,4.29376
10072007,Chicago,Entire home/apt,5.52146,5.66332
19346291,SF,Entire home/apt,7.31322,6.50134
11892386,DC,Entire home/apt,4.59512,4.75236
19325006,NYC,Private room,3.80666,4.13426
19210194,NYC,Entire home/apt,5.00395,5.15963
8972353,Boston,Entire home/apt,5.50533,5.55996
9063972,SF,Private room,4.94164,4.89513
17173545,LA,Entire home/apt,4.53260,5.60365
16338789,LA,Entire home/apt,5.07517,4.93924
18154693,NYC,Entire home/apt,5.29330,5.23000
13312011,NYC,Entire home/apt,4.94164,5.21611
14448914,DC,Private room,4.55388,4.37389
17585559,LA,Entire home/apt,4.31749,4.55002
15024645,LA,Private room,4.20469,4.28131
1961036,DC,Entire home/apt,4.70048,4.75876
11671236,SF,Entire home/apt,4.90527,5.16798
7216192,NYC,Entire home/apt,4.82831,4.93328
20955226,SF,Entire home/apt,6.62007,5.48980
9150194,NYC,Entire home/apt,5.18739,4.73675
5867772,NYC,Private room,4.55388,4.34624
15662953,LA,Private room,3.71357,3.81824
12087574,LA,Private room,3.91202,3.95317
13100693,LA,Entire home/apt,5.01064,4.80390
20227087,NYC,Private room,4.59512,4.74257
12360351,NYC,Private room,4.23411,4.50568
10007613,NYC,Entire home/apt,4.49981,4.81133
15126802,NYC,Private room,4.24850,4.57566
166771,NYC,Entire home/apt,5.01064,5.29665
9928644,LA,Private room,4.60517,4.43632
19484696,Boston,Entire home/apt,4.86753,5.19606
20016493,LA,Entire home/apt,4.82831,4.93438
6464881,Chicago,Entire home/apt,4.30407,4.53313
4209616,NYC,Private room,4.34381,4.26889
16897343,NYC,Private room,3.91202,4.49633
21175160,Boston,Entire home/apt,5.34711,4.97233
8172864,NYC,Private room,4.12713,4.15250
16242372,NYC,Private room,4.86753,4.64822
16210845,LA,Entire home/apt,4.55388,5.22788
14934571,Chicago,Private room,4.60517,4.46862
18505916,NYC,Entire home/apt,4.78749,4.95134
18889702,NYC,Private room,3.91202,4.41428
16173157,LA,Entire home/apt,4.78749,4.84689
2159898,SF,Private room,5.85793,4.73913
19924621,SF,Entire home/apt,5.32301,5.41552
6027434,NYC,Private room,4.06044,4.24116
1474209,DC,Entire home/apt,4.59512,5.43977
17539368,Chicago,Entire home/apt,4.86753,4.81680
14549750,NYC,Entire home/apt,5.27300,5.28259
1425347,NYC,Private room,5.13580,4.37977
16679094,SF,Entire home/apt,5.68698,5.29164
3581153,NYC,Entire home/apt,4.48864,5.41563
1890533,NYC,Entire home/apt,4.78749,5.11030
19473047,NYC,Entire home/apt,5.70378,5.39735
9332660,NYC,Private room,4.17439,4.04918
17530983,NYC,Private room,4.61512,4.11848
20772779,NYC,Private room,3.87120,4.21519
21062219,LA,Private room,3.63759,4.01669
6291807,Chicago,Entire home/apt,4.82831,5.09920
4047717,LA,Entire home/apt,4.97673,5.12254
464517,NYC,Entire home/apt,5.61677,5.08674
15611512,LA,Private room,3.80666,3.87243
16629116,LA,Entire home/apt,4.07754,4.25934
5931841,NYC,Private room,4.53260,4.58186
8234519,LA,Entire home/apt,4.94164,4.81712
15954151,LA,Entire home/apt,5.97889,5.24243
14592239,NYC,Entire home/apt,4.49981,5.08088
12591097,NYC,Private room,3.89182,3.87933
16709404,NYC,Private room,4.24850,4.13799
13310275,SF,Entire home/apt,6.21261,6.37283
15285200,LA,Private room,3.91202,4.35500
19463127,LA,Private room,3.68888,4.02134
15107421,LA,Private room,4.78749,4.25324
13031958,SF,Private room,4.94164,4.70605
13883537,LA,Private room,3.89182,4.04566
11176974,LA,Private room,4.49981,4.19735
660542,SF,Private room,4.59512,4.74672
3946571,LA,Entire home/apt,6.90776,6.19290
7276534,NYC,Private room,3.91202,4.49374
5561233,DC,Entire home/apt,6.30992,6.07445
6142690,NYC,Private room,3.91202,4.39204
18777549,Boston,Private room,4.78749,4.62656
16649149,LA,Entire home/apt,5.70378,5.51181
9829717,LA,Private room,4.55388,4.48515
14055370,DC,Entire home/apt,4.74493,4.84871
17423455,NYC,Private room,4.23411,4.47580
8538325,Chicago,Private room,4.38203,4.12007
15239420,NYC,Shared room,4.09434,4.06466
741783,DC,Private room,4.36945,4.13275
16161819,NYC,Private room,4.44265,4.37610
7419334,LA,Entire home/apt,5.00395,4.99287
9320716,NYC,Entire home/apt,6.55108,6.23573
20729837,Chicago,Entire home/apt,5.13580,5.04923
6090,NYC,Private room,4.09434,4.32465
2360809,NYC,Entire home/apt,4.77912,4.77808
4268485,NYC,Entire home/apt,5.19296,5.41714
17788370,LA,Entire home/apt,6.04025,6.33950
12092498,LA,Entire home/apt,5.70044,5.92526
15140975,NYC,Private room,4.38203,4.28721
8904297,SF,Entire home/apt,5.52146,5.42386
11650429,NYC,Private room,3.68888,3.82588
16365300,NYC,Entire home/apt,5.24702,5.37299
8187662,LA,Private room,4.60517,4.42399
317905,Chicago,Entire home/apt,5.29330,5.06882
15157515,SF,Private room,4.94164,4.93100
13765377,NYC,Private room,5.01064,4.59362
2104437,NYC,Entire home/apt,5.22036,4.88881
14355535,NYC,Private room,3.21888,3.79109
6693631,NYC,Private room,4.38203,4.32769
12153428,SF,Entire home/apt,5.01064,4.97972
281220,NYC,Entire home/apt,5.29832,5.47483
15767892,NYC,Private room,4.36945,4.31601
16104279,NYC,Entire home/apt,5.98896,4.78142
16143138,NYC,Entire home/apt,4.94164,4.75787
925010,LA,Entire home/apt,5.12990,4.90186
8391035,SF,Private room,4.82831,4.58951
5468712,NYC,Private room,3.91202,4.05349
16189150,SF,Entire home/apt,6.21461,6.56796
1125079,NYC,Private room,4.09434,3.93473
544324,NYC,Private room,4.31749,4.20875
12343956,LA,Entire home/apt,4.90527,4.73014
19087934,DC,Private room,4.24850,4.27425
6685697,Chicago,Entire home/apt,4.82831,5.38402
14745385,SF,Private room,4.94164,5.06211
17990955,SF,Private room,4.44265,4.57846
18373716,NYC,Entire home/apt,5.01064,5.41553
7545274,LA,Entire home/apt,5.07517,4.80576
15071563,NYC,Entire home/apt,4.58497,4.68254
9864884,DC,Entire home/apt,5.19296,5.49797
3072242,NYC,Entire home/apt,6.05209,5.59843
1932110,LA,Entire home/apt,5.15906,4.83833
19282136,NYC,Private room,4.09434,4.35560
2228296,NYC,Entire home/apt,6.68461,5.68441
2043832,NYC,Entire home/apt,4.55388,4.59065
1240935,NYC,Entire home/apt,5.29832,5.06025
542182,Boston,Entire home/apt,4.43082,4.84183
3695550,DC,Private room,5.01064,5.13042
19503187,LA,Private room,4.53260,4.48241
7390000,LA,Private room,2.99573,4.13544
16303340,LA,Private room,4.31749,4.66716
1286933,NYC,Entire home/apt,5.70378,5.61335
13265459,DC,Entire home/apt,4.44265,4.50397
504631,SF,Entire home/apt,5.13580,5.43682
16478571,LA,Private room,5.13580,4.11247
1292276,SF,Entire home/apt,5.01064,6.15189
13413795,LA,Entire home/apt,4.82831,5.05339
17366834,NYC,Entire home/apt,4.35671,4.78157
6936620,DC,Entire home/apt,5.94017,5.35483
15250371,NYC,Entire home/apt,5.01064,4.61110
13082198,Boston,Entire home/apt,5.24175,4.91903
7328319,SF,Entire home/apt,5.29832,5.15842
14949281,NYC,Private room,4.09434,4.11801
15221390,NYC,Entire home/apt,4.49981,4.66183
14991299,NYC,Entire home/apt,5.01064,5.25040
971154,NYC,Private room,3.91202,4.20430
6560459,NYC,Entire home/apt,5.28827,4.73713
8751275,LA,Entire home/apt,5.06890,5.22424
11414548,LA,Entire home/apt,5.07517,4.98588
17015212,LA,Private room,4.38203,4.56591
19815841,NYC,Private room,4.60517,4.46647
6528967,NYC,Entire home/apt,5.13580,5.09124
20014339,LA,Entire home/apt,5.16479,5.18507
2855461,LA,Entire home/apt,4.38203,4.58981
14489610,NYC,Entire home/apt,4.49981,5.09814
19848559,LA,Private room,4.18965,4.27239
8309759,LA,Entire home/apt,4.94164,5.18701
13951579,Boston,Entire home/apt,4.59512,5.29553
13687465,LA,Shared room,2.70805,2.75821
16030543,NYC,Entire home/apt,4.82831,4.58303
16115420,LA,Entire home/apt,5.37064,4.99458
173151,LA,Entire home/apt,5.01064,5.19691
16720650,NYC,Entire home/apt,6.02587,5.70512
9218941,NYC,Private room,4.12713,4.12754
12271172,NYC,Private room,3.33220,3.94939
18817404,NYC,Private room,4.23411,4.32647
9234883,SF,Entire home/apt,5.51745,5.60682
16933274,NYC,Entire home/apt,5.22036,5.15186
9024747,DC,Private room,4.17439,4.25419
14350747,NYC,Entire home/apt,5.37064,5.37897
19785640,NYC,Private room,4.34381,4.15848
13165301,NYC,Private room,4.17439,4.18211
11763337,NYC,Entire home/apt,4.65396,4.87333
13045055,NYC,Private room,4.36945,4.44130
17945772,LA,Entire home/apt,5.79909,5.72642
19376753,NYC,Private room,4.26268,4.49810
13466561,DC,Private room,4.44265,4.42749
3235070,LA,Entire home/apt,4.78749,4.81007
16930662,Chicago,Entire home/apt,6.17379,5.92506
9543056,NYC,Private room,4.09434,4.09275
4950142,NYC,Private room,4.17439,4.09828
14741508,NYC,Private room,4.17439,3.85679
19158973,NYC,Private room,3.80666,3.88697
670767,NYC,Private room,4.60517,4.46601
16468692,NYC,Private room,4.30407,4.31804
19225822,Chicago,Entire home/apt,4.70048,4.96249
9371451,NYC,Private room,5.29832,4.60725
15334317,LA,Entire home/apt,5.08760,4.99313
13453724,DC,Entire home/apt,4.49981,4.64860
16710435,SF,Entire home/apt,4.94164,5.31806
7220620,NYC,Entire home/apt,4.90527,4.96112
16620607,SF,Entire home/apt,6.74524,5.33916
20844601,LA,Private room,4.24850,4.29766
9323259,SF,Entire home/apt,4.48864,4.65672
8213488,Chicago,Entire home/apt,4.78749,5.20349
6799692,NYC,Entire home/apt,5.59842,5.63049
3950106,SF,Private room,4.60517,4.58493
10416451,NYC,Private room,4.78749,4.22734
15938566,Chicago,Entire home/apt,4.17439,4.61027
18019265,Boston,Entire home/apt,4.82831,5.00306
18010063,NYC,Entire home/apt,5.29330,5.38685
18777105,NYC,Entire home/apt,5.01064,5.35272
16145871,Boston,Private room,3.85015,4.18292
3447736,NYC,Entire home/apt,5.47646,5.61196
15562544,NYC,Entire home/apt,3.80666,4.45069
20086001,Boston,Entire home/apt,5.51745,5.61212
697178,NYC,Private room,7.27932,4.62336
19565521,LA,Entire home/apt,6.07535,6.34200
19435725,SF,Private room,4.30407,4.43296
10970948,NYC,Entire home/apt,6.55108,6.75481
16318643,LA,Entire home/apt,5.41610,5.17116
1086884,LA,Private room,4.78749,4.66303
4767549,SF,Private room,4.63473,4.48398
6577316,DC,Entire home/apt,4.70953,4.69257
14490975,NYC,Private room,4.00733,4.01785
2058290,LA,Private room,4.35671,4.04320
1337098,NYC,Entire home/apt,5.16479,5.01738
5128233,NYC,Private room,4.31749,4.54022
17975077,NYC,Entire home/apt,4.49981,4.91315
8736827,LA,Private room,4.38203,4.71463
4566256,NYC,Entire home/apt,4.90527,4.91719
13336136,SF,Entire home/apt,5.01064,5.33195
11077219,NYC,Private room,5.01064,4.46455
10806084,LA,Private room,3.43399,3.97204
15984984,LA,Entire home/apt,5.00395,5.30479
18358363,NYC,Entire home/apt,5.29832,5.24638
4850870,NYC,Private room,4.07754,4.36597
19769013,NYC,Private room,4.09434,4.18468
19641191,NYC,Entire home/apt,4.60517,4.86468
7356890,SF,Private room,5.41610,5.08901
2666755,NYC,Private room,4.09434,4.54384
9464605,LA,Private room,4.97673,4.20528
9876351,NYC,Private room,4.49981,4.30165
6449713,LA,Entire home/apt,4.38203,4.75152
15565615,LA,Private room,4.17439,3.97455
332208,DC,Entire home/apt,4.60517,4.59440
18073593,DC,Private room,4.17439,4.17941
12519757,NYC,Private room,3.97029,4.27580
2777105,NYC,Entire home/apt,5.85793,4.99663
9217562,DC,Private room,3.68888,4.44039
18024966,LA,Private room,4.17439,4.27578
13497117,LA,Shared room,3.55535,3.60337
10032560,LA,Entire home/apt,7.31322,6.67615
20650375,SF,Private room,4.49981,4.56584
10288459,NYC,Entire home/apt,5.30330,5.01911
7072404,LA,Entire home/apt,5.11199,4.96474
8326753,LA,Private room,4.60517,4.35724
9698613,LA,Private room,4.31749,4.26637
13225970,LA,Entire home/apt,5.16479,5.44205
1994485,DC,Entire home/apt,5.29832,6.09354
17845285,LA,Private room,4.38203,4.30801
12916073,LA,Entire home/apt,4.52179,4.52681
4670501,LA,Shared room,3.09104,3.44163
10120414,NYC,Entire home/apt,5.19296,5.18735
13114443,NYC,Entire home/apt,4.60517,4.55632
6578811,NYC,Private room,4.00733,4.01445
12020829,SF,Entire home/apt,5.70378,5.73670
16255132,Chicago,Private room,3.80666,4.04425
18123770,LA,Private room,4.78749,4.51710
17268091,NYC,Entire home/apt,5.52146,5.48198
15964536,DC,Entire home/apt,5.70378,6.01169
3834285,LA,Entire home/apt,4.49981,4.72783
2478256,LA,Entire home/apt,4.78749,4.69361
5826716,SF,Private room,4.48864,4.68160
11294984,NYC,Entire home/apt,6.10925,5.82423
932481,LA,Entire home/apt,4.55388,4.78350
11084417,LA,Private room,3.63759,3.98423
14043281,DC,Entire home/apt,4.96284,4.98261
6645516,NYC,Private room,3.68888,3.99154
17826717,NYC,Private room,4.44265,4.14010
13565589,NYC,Private room,4.07754,3.78983
2210663,NYC,Private room,4.47734,4.50970
5781108,Boston,Private room,3.21888,4.24245
8520836,NYC,Entire home/apt,4.86753,5.00077
17795461,Chicago,Entire home/apt,5.27300,4.66892
7572083,LA,Entire home/apt,5.34233,5.39374
18672286,SF,Private room,6.21461,5.32832
4345691,SF,Private room,4.31749,4.74925
6472275,LA,Entire home/apt,4.90527,4.79767
20664075,LA,Entire home/apt,5.70378,5.91052
2538248,DC,Private room,4.24850,4.30270
16885,LA,Entire home/apt,5.04343,5.03022
5030646,NYC,Entire home/apt,5.23111,5.23706
1655291,LA,Entire home/apt,4.38203,4.49533
7278383,Chicago,Entire home/apt,5.29832,5.14881
21140681,LA,Entire home/apt,4.48864,4.54664
19295472,LA,Entire home/apt,4.71850,4.90494
16723619,Boston,Entire home/apt,5.17048,5.25133
7772377,NYC,Private room,3.80666,3.88668
664213,NYC,Private room,4.24850,4.42239
14936181,NYC,Entire home/apt,4.75359,4.57695
5567401,NYC,Entire home/apt,5.52146,5.22562
20222454,NYC,Entire home/apt,5.04343,5.75435
10033854,Chicago,Private room,3.29584,3.99804
4423944,SF,Entire home/apt,5.48064,6.20085
17627136,NYC,Private room,4.78749,4.26459
13347275,NYC,Private room,4.24850,4.20296
6261398,LA,Entire home/apt,5.97889,6.34267
17712552,LA,Entire home/apt,5.00395,4.90412
13942921,LA,Entire home/apt,4.55388,4.87666
20959744,NYC,Private room,3.80666,4.16116
6286387,Chicago,Private room,4.31749,4.26360
11658950,NYC,Private room,4.38203,4.31235
2445306,Chicago,Entire home/apt,4.87520,5.21352
4925354,NYC,Entire home/apt,5.29832,4.57817
7105865,DC,Entire home/apt,5.01064,5.42370
14614355,NYC,Private room,4.31749,4.26356
8995666,NYC,Private room,5.01064,4.14939
9426695,NYC,Private room,4.38203,4.02414
9974744,LA,Private room,4.24850,4.29925
18461891,LA,Entire home/apt,5.01064,4.65874
18490141,LA,Entire home/apt,4.78749,4.78344
17684031,NYC,Entire home/apt,4.49981,4.72171
4988593,NYC,Entire home/apt,5.10595,5.08363
8776392,NYC,Entire home/apt,5.19296,5.07881
10263516,NYC,Private room,4.82831,4.38156
7518202,LA,Private room,4.07754,4.13123
16793888,LA,Private room,4.14313,4.18932
15074005,LA,Entire home/apt,4.94164,4.42626
1284990,NYC,Entire home/apt,5.18739,5.28381
20640534,Chicago,Entire home/apt,6.16331,5.48521
18151937,NYC,Entire home/apt,5.24175,5.01795
746088,NYC,Entire home/apt,4.78749,4.67851
16377872,DC,Entire home/apt,4.60517,5.09417
5101578,NYC,Private room,4.23411,4.13520
16443564,LA,Private room,3.80666,4.26534
14322790,DC,Entire home/apt,4.59512,5.62074
13776616,Boston,Entire home/apt,5.29832,5.20427
839265,LA,Private room,4.58497,4.15975
9631816,NYC,Entire home/apt,4.78749,5.15196
11144448,NYC,Private room,5.47646,5.09697
20883880,SF,Entire home/apt,6.21261,5.20001
13055236,NYC,Entire home/apt,5.85793,5.15921
7636284,LA,Private room,5.29330,4.71660
19923213,NYC,Private room,4.24850,4.26695
6711306,LA,Entire home/apt,6.20456,5.70618
8868762,LA,Entire home/apt,4.85203,4.96178
14178657,LA,Entire home/apt,4.86753,4.93874
9082534,DC,Shared room,4.00733,4.04661
1218003,NYC,Private room,5.29832,4.60629
11295457,SF,Private room,5.01064,4.83334
16753383,NYC,Entire home/apt,5.39363,4.82015
3184609,DC,Entire home/apt,4.77068,6.06144
14775872,NYC,Private room,4.09434,4.77499
15323278,LA,Private room,4.49981,4.65207
12558745,LA,Entire home/apt,5.66296,5.80127
7349351,Chicago,Shared room,3.29584,3.56881
9595836,NYC,Private room,7.40853,6.16722
3829962,NYC,Entire home/apt,5.16479,5.30611
10140758,LA,Entire home/apt,6.21461,6.39923
13063362,NYC,Entire home/apt,4.86753,4.95917
1645234,NYC,Private room,4.00733,3.84492
18908843,NYC,Entire home/apt,5.01064,5.23492
7054824,DC,Private room,4.61512,4.35583
13310605,LA,Private room,4.74493,4.70300
16481602,Boston,Entire home/apt,5.88332,5.72946
15606875,NYC,Shared room,3.21888,3.55990
17382067,Boston,Private room,4.44265,4.41874
18993379,SF,Shared room,3.73767,3.58540
14370793,LA,Entire home/apt,5.01064,5.10785
11587515,LA,Entire home/apt,5.70044,5.41571
20868554,NYC,Entire home/apt,5.50126,5.45067
2305279,SF,Entire home/apt,5.85793,5.31527
15252141,NYC,Entire home/apt,4.90527,5.32068
20879290,NYC,Private room,4.02535,3.96253
3061574,NYC,Entire home/apt,5.34233,6.04706
8445074,DC,Entire home/apt,4.97673,4.58997
13235639,NYC,Entire home/apt,4.59512,4.63078
19803746,NYC,Private room,4.36945,4.25121
16135191,NYC,Private room,4.53260,4.36515
15175135,NYC,Private room,3.80666,4.18077
10991165,LA,Entire home/apt,4.48864,4.62626
3304412,NYC,Private room,3.68888,3.88829
21041069,NYC,Shared room,3.13549,3.46438
16351922,DC,Entire home/apt,5.70378,5.66326
12308677,Boston,Entire home/apt,6.10925,5.68341
2605755,NYC,Private room,4.38203,4.25654
12343600,DC,Private room,5.01064,4.65680
19855638,NYC,Entire home/apt,4.89784,4.96841
13099929,SF,Shared room,3.36730,3.65710
19531760,NYC,Private room,4.24850,4.27551
18849545,Boston,Entire home/apt,5.29330,5.51970
19399859,NYC,Private room,4.70048,4.67195
12738946,DC,Private room,4.59512,4.62473
9451860,DC,Entire home/apt,6.21461,6.23583
14979187,SF,Entire home/apt,4.60517,4.67824
18546787,NYC,Entire home/apt,5.41610,5.78490
16056112,LA,Entire home/apt,5.84354,6.30783
12444707,Chicago,Entire home/apt,4.71850,4.64406
13565471,NYC,Private room,4.17439,4.72900
2240038,DC,Entire home/apt,5.22036,5.61025
1875762,SF,Private room,5.70378,5.02245
7175595,NYC,Entire home/apt,4.90527,4.91242
9778978,NYC,Private room,4.15888,4.17464
17496531,NYC,Private room,4.14313,3.99914
14615541,NYC,Private room,3.91202,3.87407
14110407,LA,Entire home/apt,4.60517,4.62382
17943450,LA,Entire home/apt,4.82831,4.71671
11100996,Boston,Entire home/apt,4.77912,5.04474
17483299,LA,Entire home/apt,7.09008,5.86711
13726856,NYC,Entire home/apt,4.45435,4.69696
13193150,NYC,Entire home/apt,5.99146,5.81448
16792882,NYC,Private room,5.52146,5.08338
6898354,NYC,Private room,4.04305,4.14083
18785110,SF,Private room,4.60517,4.80794
195240,DC,Entire home/apt,5.20949,5.96002
15164619,NYC,Entire home/apt,5.07517,4.79789
15001135,NYC,Private room,3.49651,3.98222
7089833,SF,Entire home/apt,6.21461,6.00665
8310729,NYC,Entire home/apt,5.85793,5.63302
13379688,LA,Entire home/apt,4.74493,4.94133
17480526,NYC,Private room,4.17439,4.27590
8088692,LA,Private room,4.60517,4.53933
11397830,SF,Private room,3.68888,4.14333
15462780,DC,Private room,4.79579,4.72784
14994891,NYC,Entire home/apt,5.29832,5.25983
14758908,Boston,Entire home/apt,4.48864,4.69899
11608522,NYC,Entire home/apt,5.61677,5.28340
3168311,NYC,Entire home/apt,4.60517,4.79873
267646,NYC,Private room,5.70378,5.04310
15338795,NYC,Entire home/apt,4.44265,4.63137
14770921,NYC,Entire home/apt,5.29330,5.67412
16617928,NYC,Entire home/apt,4.53260,5.29226
4839932,LA,Entire home/apt,5.64191,5.07530
11317209,NYC,Entire home/apt,4.59512,5.11530
6404370,LA,Private room,3.73767,3.91323
12189997,SF,Entire home/apt,5.29832,5.47086
9119191,DC,Entire home/apt,4.82831,4.56225
21119275,NYC,Entire home/apt,4.94164,4.90709
11254337,LA,Entire home/apt,4.75359,4.89501
7002406,NYC,Entire home/apt,5.10595,5.44783
2182733,LA,Entire home/apt,4.17439,4.36813
11327856,NYC,Entire home/apt,4.94164,4.80031
14917765,NYC,Private room,4.36945,4.22046
19848103,NYC,Entire home/apt,4.30407,4.75001
19528200,NYC,Entire home/apt,4.92725,5.11207
13392143,NYC,Entire home/apt,4.55388,4.34616
11186588,SF,Entire home/apt,4.86753,4.87917
386966,DC,Entire home/apt,6.20456,7.00890
14841076,Boston,Private room,4.44265,4.16300
1030254,LA,Shared room,3.63759,3.68879
20254247,NYC,Shared room,4.24850,3.97775
5524787,NYC,Entire home/apt,4.27667,4.62109
18451851,NYC,Entire home/apt,4.78749,4.68642
14357461,NYC,Entire home/apt,4.70048,4.56240
3385551,Boston,Shared room,4.55388,3.90282
15872291,Chicago,Entire home/apt,4.06044,4.46487
9919518,LA,Private room,4.23411,4.28791
11660886,NYC,Entire home/apt,5.43808,5.44287
10874577,LA,Private room,5.51343,4.76166
9154029,DC,Entire home/apt,5.01064,5.12157
8582485,NYC,Private room,3.58352,4.15912
12986016,Chicago,Entire home/apt,4.36945,4.99548
14110144,LA,Private room,5.52146,4.44401
18313862,Boston,Entire home/apt,5.07517,4.83604
3133895,NYC,Entire home/apt,5.12990,5.15234
13398406,LA,Private room,3.87120,4.16800
8227337,LA,Private room,4.17439,4.16429
12367673,NYC,Private room,4.00733,3.96453
7842276,NYC,Private room,4.31749,4.12342
18682381,LA,Entire home/apt,5.81413,5.74081
14707675,NYC,Private room,4.38203,4.23480
1056119,NYC,Entire home/apt,4.34381,5.07699
17480726,Boston,Entire home/apt,4.96981,5.17491
7565515,Boston,Private room,4.23411,4.46999
4135848,NYC,Private room,4.48864,4.94858
5078569,NYC,Private room,4.17439,4.06853
16206381,NYC,Private room,4.38203,4.99703
4766818,NYC,Entire home/apt,4.90527,4.94496
7915002,NYC,Private room,4.31749,4.60802
16498309,NYC,Private room,4.21951,4.60090
8612964,NYC,Private room,4.70048,4.57105
16673626,DC,Entire home/apt,4.82831,5.24328
9663347,LA,Entire home/apt,5.22036,5.38343
2141635,DC,Private room,6.90776,4.66323
1479113,DC,Entire home/apt,5.59471,5.82584
14685766,SF,Entire home/apt,5.22036,5.25260
18891346,NYC,Shared room,4.11087,4.08980
9749211,NYC,Private room,4.52179,4.28330
7010101,LA,Private room,3.29584,4.42340
18345240,Boston,Entire home/apt,5.14166,5.30055
7759236,SF,Entire home/apt,4.70048,4.99376
7773933,DC,Entire home/apt,4.81218,4.99668
3852458,LA,Entire home/apt,5.29832,4.87094
15631664,LA,Entire home/apt,6.30992,6.18856
17339912,NYC,Private room,4.78749,4.56102
17984051,DC,Entire home/apt,4.60517,4.61810
16082515,SF,Shared room,3.21888,4.42764
14691164,SF,Entire home/apt,4.90527,4.87044
6437055,NYC,Entire home/apt,4.82831,4.67931
1713741,NYC,Private room,4.31749,4.13804
496226,DC,Entire home/apt,6.21461,6.14750
8051268,LA,Entire home/apt,5.61677,5.42040
14312601,NYC,Entire home/apt,4.31749,4.25452
6031895,NYC,Private room,5.24175,5.11111
2249928,NYC,Private room,3.87120,4.01848
17368852,DC,Entire home/apt,4.04305,4.55261
6246559,NYC,Entire home/apt,4.60517,4.50928
14181882,NYC,Entire home/apt,4.51086,4.61412
3337808,Chicago,Private room,3.91202,3.97414
7076649,DC,Entire home/apt,5.29832,4.81188
2626309,DC,Entire home/apt,5.61677,6.26442
18376164,SF,Private room,4.82831,4.71943
12685925,Chicago,Private room,3.91202,4.24663
2660908,Chicago,Entire home/apt,5.29330,5.24361
16309770,NYC,Private room,4.74493,4.76142
21161871,DC,Entire home/apt,4.38203,4.52711
19113816,NYC,Entire home/apt,4.60517,4.71531
21054177,LA,Entire home/apt,4.62497,4.67466
14263149,Boston,Entire home/apt,4.94164,5.15525
7556003,LA,Private room,4.44265,4.15082
14743634,Chicago,Entire home/apt,4.78749,4.52842
20325356,LA,Entire home/apt,5.68698,5.50294
7482259,LA,Shared room,3.91202,3.90513
13005592,DC,Entire home/apt,4.97673,5.23451
15634627,LA,Entire home/apt,5.55683,5.73954
12301946,DC,Private room,4.59512,4.68023
9594995,DC,Entire home/apt,4.38203,5.18215
9927495,NYC,Entire home/apt,5.85793,5.59037
6924097,LA,Entire home/apt,4.82831,4.75471
9755074,NYC,Private room,4.00733,3.78744
20191991,NYC,Entire home/apt,5.70044,5.09040
31555,NYC,Private room,4.38203,4.33208
1180537,NYC,Entire home/apt,5.01064,4.95033
15976022,NYC,Entire home/apt,5.85793,5.29526
16427233,DC,Entire home/apt,4.59512,4.45740
11022157,LA,Entire home/apt,4.85981,4.91349
12093248,NYC,Entire home/apt,5.61677,5.31224
19478246,LA,Entire home/apt,5.47646,5.85956
18163968,LA,Entire home/apt,5.41610,5.24627
18913450,SF,Entire home/apt,4.82831,5.40102
10314305,Boston,Shared room,4.63473,4.63347
7676566,NYC,Entire home/apt,5.19296,5.07704
1279189,NYC,Entire home/apt,4.62497,4.58177
855253,LA,Entire home/apt,5.85793,5.50779
8654577,LA,Entire home/apt,5.55683,6.08988
3554285,SF,Entire home/apt,5.68698,5.34122
10919444,LA,Entire home/apt,4.44265,4.58121
18728,Chicago,Private room,4.24850,4.17273
16652430,LA,Entire home/apt,4.82831,4.57487
2075377,LA,Private room,3.43399,4.02445
5340262,LA,Private room,4.31749,4.58828
20730452,LA,Entire home/apt,4.77912,4.76235
18195709,LA,Entire home/apt,4.23411,4.56993
16845972,NYC,Private room,4.38203,4.69315
15234208,LA,Private room,4.59512,4.46861
15227977,NYC,Entire home/apt,4.82831,4.99197
13710714,LA,Entire home/apt,5.27300,5.38972
16162508,Chicago,Entire home/apt,4.60517,5.33446
14071876,NYC,Private room,4.61512,5.04249
14088307,SF,Private room,4.33073,4.60171
11324866,NYC,Entire home/apt,4.74493,4.79273
13579801,NYC,Entire home/apt,5.07517,5.15482
8506781,DC,Private room,4.47734,4.30154
18039862,NYC,Private room,5.01064,4.91804
13208418,Chicago,Entire home/apt,4.51086,4.81467
11947710,LA,Private room,3.80666,3.78530
1987218,NYC,Entire home/apt,5.99146,5.54570
14399579,DC,Entire home/apt,4.93447,4.75023
10106676,LA,Entire home/apt,5.05625,4.76472
9796184,DC,Entire home/apt,4.12713,4.71258
4350229,Boston,Entire home/apt,4.77068,4.77965
14069513,LA,Entire home/apt,5.96358,5.70937
4305493,SF,Entire home/apt,7.31322,6.43682
18003881,NYC,Entire home/apt,6.19236,5.95973
66188,NYC,Private room,4.09434,4.03988
7663744,NYC,Entire home/apt,4.38203,4.73445
16949058,LA,Private room,4.30407,4.36506
8848157,NYC,Entire home/apt,4.61512,4.60118
1370128,Boston,Private room,3.91202,3.80590
851889,LA,Private room,4.38203,4.16013
14360087,NYC,Entire home/apt,4.62497,4.53412
18022892,SF,Entire home/apt,6.55108,6.53885
11455372,LA,Entire home/apt,5.51745,4.97647
14013385,Chicago,Entire home/apt,4.12713,4.85764
19790030,NYC,Entire home/apt,6.21461,5.87927
19476630,LA,Entire home/apt,4.60517,4.72984
8703069,NYC,Private room,4.17439,4.38804
15423560,NYC,Private room,3.91202,3.93774
7149165,Boston,Entire home/apt,5.11799,5.21292
11742752,LA,Entire home/apt,5.99146,5.37339
10754197,Chicago,Entire home/apt,4.82831,4.75286
14356833,NYC,Private room,4.31749,4.46926
12176070,NYC,Private room,4.17439,4.23653
13451965,LA,Entire home/apt,4.78749,4.73880
16083708,NYC,Entire home/apt,4.86753,4.96682
11965633,LA,Private room,4.57471,4.48163
17794915,NYC,Private room,4.00733,3.82845
20764875,LA,Private room,3.25810,3.79647
13292087,NYC,Private room,4.59512,4.71457
16015931,NYC,Private room,4.31749,4.18977
18971413,LA,Entire home/apt,6.20456,5.53058
20118896,NYC,Entire home/apt,5.29330,5.01699
917196,LA,Entire home/apt,5.01064,4.54686
18504361,LA,Private room,3.17805,4.28571
3783367,LA,Entire home/apt,4.78749,4.57328
8603083,NYC,Entire home/apt,5.28827,5.19553
15557919,NYC,Entire home/apt,5.12990,5.22633
4937904,SF,Entire home/apt,4.97673,5.03735
19055578,NYC,Entire home/apt,5.38907,5.32779
15484350,SF,Private room,4.49981,4.71341
948147,NYC,Entire home/apt,4.74493,4.76513
842176,NYC,Entire home/apt,4.48864,4.72579
16015263,LA,Private room,5.70378,4.34073
1818411,NYC,Entire home/apt,6.21261,5.44233
438940,SF,Private room,4.60517,4.89152
2571346,LA,Entire home/apt,4.93447,5.08030
19610652,DC,Entire home/apt,4.70048,4.66752
607502,LA,Entire home/apt,4.58497,4.61280
10921135,NYC,Private room,4.82831,4.53842
13040320,Boston,Entire home/apt,5.29832,5.20727
151157,NYC,Entire home/apt,4.90527,4.75802
6938104,Boston,Entire home/apt,5.50126,5.40301
17976540,LA,Private room,4.31749,4.22892
2066868,LA,Entire home/apt,5.27300,4.74397
13671558,NYC,Private room,4.24850,4.32185
940116,LA,Entire home/apt,4.69135,4.39388
15132642,DC,Entire home/apt,4.60517,4.40786
7286324,NYC,Entire home/apt,5.39363,5.02212
2763860,NYC,Entire home/apt,5.13580,4.90084
7776774,LA,Private room,3.55535,4.13620
14653884,DC,Entire home/apt,4.49981,4.80296
11568783,Chicago,Entire home/apt,5.65249,5.41516
14934653,LA,Entire home/apt,4.94164,4.70622
17639205,DC,Entire home/apt,6.39693,4.97377
9647235,NYC,Entire home/apt,5.29832,5.31344
689900,LA,Entire home/apt,5.81413,5.88107
7972839,LA,Entire home/apt,5.01064,4.52265
11773900,NYC,Entire home/apt,6.04025,5.34446
13412255,LA,Private room,4.59512,4.51249
14051978,NYC,Private room,3.80666,4.03310
6298216,Boston,Entire home/apt,5.55683,5.25671
17042579,NYC,Entire home/apt,5.29832,5.27881
156321,DC,Entire home/apt,5.99146,5.66640
19088709,LA,Private room,4.36945,4.18527
6646009,DC,Entire home/apt,5.78383,5.39326
7648392,NYC,Entire home/apt,4.74493,4.55429
11872676,NYC,Entire home/apt,4.70048,4.61837
19158669,DC,Private room,3.46574,4.25768
8314076,Boston,Entire home/apt,5.55683,5.49039
20846229,NYC,Entire home/apt,5.50126,4.50550
8389259,LA,Entire home/apt,5.26786,5.25415
15773659,DC,Entire home/apt,5.18739,5.55958
9317689,NYC,Entire home/apt,5.04343,4.78679
6072842,SF,Entire home/apt,4.82831,4.92462
18006141,LA,Entire home/apt,4.44265,4.49584
11627472,NYC,Private room,3.68888,3.92268
7439885,NYC,Entire home/apt,5.01064,4.85320
16201952,NYC,Entire home/apt,5.01064,5.14880
16312970,Chicago,Entire home/apt,4.82831,4.78214
294259,NYC,Entire home/apt,5.01064,5.22695
20294116,LA,Entire home/apt,5.01064,4.91076
10199931,NYC,Private room,4.49981,4.25834
14246485,LA,Entire home/apt,4.54329,4.80025
10902752,LA,Private room,4.18965,4.24812
8786314,DC,Entire home/apt,4.65396,4.68721
6363639,LA,Private room,4.24850,4.47803
13185069,Boston,Entire home/apt,4.93447,4.84255
17094574,Boston,Entire home/apt,5.75257,5.66014
5406686,NYC,Entire home/apt,5.04343,5.18856
11015721,LA,Entire home/apt,4.47734,4.67164
12420252,LA,Entire home/apt,5.52146,5.54615
17691429,SF,Private room,5.00395,4.55793
16377199,LA,Entire home/apt,4.60517,5.14297
17604756,SF,Entire home/apt,5.70378,5.46955
3047757,SF,Private room,5.70378,4.83014
14124574,Boston,Entire home/apt,5.85793,5.46989
17419427,Chicago,Entire home/apt,4.17439,4.23344
7860188,LA,Entire home/apt,5.29330,4.96162
4975581,SF,Private room,4.49981,4.56231
15703865,LA,Private room,4.38203,4.20995
4524622,NYC,Entire home/apt,5.76832,6.00964
17079294,LA,Private room,4.00733,4.12020
14758548,NYC,Private room,4.09434,4.43834
2828803,Chicago,Private room,3.80666,3.98627
17575974,NYC,Entire home/apt,4.60517,5.16768
20584470,NYC,Entire home/apt,4.31749,4.41692
14382105,SF,Private room,4.24850,4.53000
12356,SF,Entire home/apt,6.55108,5.87283
12915481,NYC,Private room,4.31749,4.43643
10476404,Boston,Entire home/apt,5.56068,5.20388
19495570,NYC,Private room,4.47734,4.06988
8400115,DC,Private room,4.59512,4.34983
13429720,LA,Entire home/apt,4.89784,4.66259
18108460,NYC,Entire home/apt,4.82831,5.02834
19805716,LA,Entire home/apt,4.55388,4.78166
13006783,NYC,Private room,4.36945,4.43148
16242292,DC,Entire home/apt,5.52146,5.06959
20213410,Boston,Entire home/apt,4.85981,5.04453
8985325,NYC,Private room,4.17439,4.23651
15566115,SF,Private room,4.85981,4.85925
7111775,NYC,Private room,4.17439,4.44129
9714007,NYC,Private room,4.09434,4.42530
5967936,Boston,Entire home/apt,5.29330,5.46479
9773892,LA,Private room,4.24850,4.11404
14990129,NYC,Entire home/apt,5.85793,5.70404
15287715,NYC,Entire home/apt,5.22036,5.32109
18094812,LA,Shared room,2.99573,3.64242
1954450,SF,Private room,4.31749,4.46034
8532876,NYC,Entire home/apt,4.47734,4.52367
1688018,NYC,Private room,4.59512,4.83446
839546,NYC,Shared room,4.00733,3.78317
10728994,LA,Entire home/apt,4.74493,4.78972
2202858,NYC,Private room,4.82831,3.95910
14051949,NYC,Entire home/apt,5.52146,5.37379
8711957,LA,Entire home/apt,4.55388,4.57207
1815211,NYC,Private room,4.44265,3.97966
793590,Boston,Entire home/apt,5.70378,5.44055
19593631,NYC,Entire home/apt,5.52146,5.34372
1827177,NYC,Private room,4.55388,4.34298
17923681,LA,Entire home/apt,4.69135,4.60252
3400359,NYC,Private room,4.09434,3.81504
12264835,NYC,Private room,5.61677,4.68062
4803623,NYC,Entire home/apt,5.29330,5.40593
15337711,LA,Entire home/apt,4.97673,4.79600
10211935,Boston,Private room,3.95124,4.17898
11566779,NYC,Entire home/apt,6.39693,6.72347
13527522,Boston,Private room,3.66356,3.96104
7294234,LA,Private room,4.09434,4.48410
6709867,NYC,Private room,4.79579,4.65021
4086241,NYC,Private room,3.40120,3.75344
17532409,Chicago,Entire home/apt,5.01064,5.06430
17717559,DC,Private room,4.94164,4.50062
20827801,LA,Private room,4.17439,4.01169
1961402,NYC,Private room,4.60517,4.80406
4188695,NYC,Entire home/apt,5.00395,5.50128
16927714,NYC,Entire home/apt,4.78749,4.67736
3895671,LA,Private room,4.00733,4.03416
18928246,NYC,Private room,4.38203,4.30062
7999279,SF,Private room,4.65396,4.94921
12760402,LA,Entire home/apt,6.90776,6.68913
18547076,NYC,Private room,4.17439,4.29074
14127576,DC,Entire home/apt,4.94164,4.65448
12251601,Chicago,Entire home/apt,5.63479,5.54344
5231167,NYC,Entire home/apt,5.04343,5.21428
16721171,LA,Entire home/apt,5.70711,5.57696
6764040,LA,Private room,4.31749,3.89362
16686484,LA,Entire home/apt,5.66988,5.06962
4435766,Chicago,Entire home/apt,4.60517,4.49481
3653895,LA,Private room,4.36945,4.29256
13859473,NYC,Entire home/apt,6.30992,5.70021
18331677,DC,Private room,4.24850,4.13167
4644632,DC,Shared room,4.90527,4.88103
14474391,LA,Private room,4.21951,4.31340
4050254,NYC,Entire home/apt,4.82831,4.87280
14124666,LA,Entire home/apt,6.39693,4.99707
11552651,NYC,Entire home/apt,6.10925,4.94683
18256284,NYC,Private room,5.29832,4.28776
14014111,LA,Entire home/apt,4.68213,4.79970
4855612,NYC,Entire home/apt,5.28827,5.42503
6006711,LA,Entire home/apt,5.85793,5.49621
17945746,LA,Private room,3.80666,3.79167
4680055,DC,Private room,5.19296,4.43287
4775470,NYC,Private room,4.17439,4.04426
15098178,NYC,Private room,4.23411,4.52093
8973075,DC,Private room,4.48864,4.47978
19695447,LA,Private room,4.94164,4.61455
5112311,DC,Entire home/apt,4.24850,4.79785
1398609,DC,Entire home/apt,4.60517,4.72211
21148829,NYC,Private room,3.80666,4.37397
4694622,LA,Entire home/apt,4.15888,4.57012
18686436,Boston,Entire home/apt,5.29832,5.27220
3268008,SF,Entire home/apt,4.93447,4.62322
15939106,NYC,Private room,4.17439,4.27106
2516719,LA,Entire home/apt,4.97673,4.96180
8718169,DC,Entire home/apt,4.99721,4.95002
18294218,NYC,Shared room,3.25810,3.53190
12918724,NYC,Private room,3.91202,4.33849
7293506,NYC,Entire home/apt,4.86753,4.77373
8712745,NYC,Entire home/apt,4.70048,4.84948
13898236,NYC,Private room,3.91202,3.97338
1602772,Chicago,Private room,4.33073,4.51116
10548064,LA,Entire home/apt,4.94164,5.01107
16813956,LA,Entire home/apt,5.06260,5.09934
4268564,NYC,Private room,4.09434,4.18792
15787386,LA,Entire home/apt,5.92693,5.47613
10067199,LA,Entire home/apt,5.01064,5.03591
9534091,LA,Private room,4.09434,3.91318
14232610,NYC,Private room,4.44265,4.16260
16019660,Boston,Entire home/apt,4.85981,5.31852
2560712,NYC,Private room,3.73767,3.81612
10565024,LA,Entire home/apt,5.29330,5.20722
6109169,NYC,Shared room,4.38203,3.89883
20000347,SF,Entire home/apt,5.70044,5.44276
3410667,LA,Private room,5.01064,4.21541
18753406,DC,Entire home/apt,5.52146,5.77168
13515029,LA,Entire home/apt,4.59512,4.56129
15974331,SF,Entire home/apt,4.70048,4.69590
15843584,NYC,Entire home/apt,4.49981,4.74763
7368274,LA,Private room,4.17439,4.44087
7151565,LA,Private room,4.24850,4.10085
5105966,LA,Private room,3.55535,3.71709
17588880,DC,Entire home/apt,4.60517,4.70982
14009688,NYC,Private room,4.38203,4.72108
16857004,LA,Entire home/apt,4.44265,4.75863
44511,NYC,Entire home/apt,5.99146,5.55420
19068469,Boston,Private room,4.60517,4.24879
4550473,LA,Private room,5.29832,4.72708
20152320,Chicago,Entire home/apt,4.82831,4.69955
13770113,Chicago,Private room,4.69135,4.56783
13494732,LA,Private room,3.91202,4.25114
8047721,NYC,Entire home/apt,5.08760,4.94520
13220522,LA,Entire home/apt,4.09434,4.53430
14075477,NYC,Private room,4.70048,4.92825
3615906,SF,Private room,4.82831,4.84562
13246879,NYC,Entire home/apt,4.68213,4.84459
7952072,NYC,Private room,4.59512,4.59064
1955558,LA,Entire home/apt,4.70048,4.68212
6749612,DC,Entire home/apt,4.82831,4.83198
14236526,SF,Entire home/apt,5.52146,5.49092
1920066,NYC,Entire home/apt,5.34711,5.13805
15471259,LA,Private room,3.91202,4.29259
20054308,NYC,Private room,4.23411,4.59100
229690,NYC,Private room,3.80666,4.19234
15058410,LA,Entire home/apt,5.01064,5.05449
17404330,NYC,Private room,4.34381,4.57143
20776139,NYC,Private room,4.17439,4.48722
13478495,NYC,Private room,4.82831,4.31934
586866,LA,Entire home/apt,7.53636,6.71134
5642816,NYC,Private room,4.24850,4.28667
11082235,NYC,Private room,4.49981,4.72440
7384393,LA,Entire home/apt,4.55388,4.71306
11163615,NYC,Entire home/apt,4.94164,4.67289
20743194,LA,Entire home/apt,5.99146,5.89876
18198501,LA,Entire home/apt,4.23411,4.69182
10878643,NYC,Shared room,4.90527,4.38637
8084655,Chicago,Entire home/apt,5.01064,6.25718
10830019,NYC,Entire home/apt,5.27300,5.30597
19212268,NYC,Private room,4.07754,4.58479
13436680,Boston,Entire home/apt,5.52545,5.38980
15835695,NYC,Private room,3.78419,3.91757
6987656,SF,Shared room,3.46574,3.39397
11944155,LA,Private room,5.01064,4.39594
7958168,Chicago,Entire home/apt,5.29330,4.96216
16806367,NYC,Private room,4.00733,4.45998
17704096,DC,Private room,4.69135,4.75256
16859479,DC,Private room,4.86753,4.75622
20884086,LA,Private room,3.85015,4.19170
17640212,LA,Private room,4.49981,4.22322
18413105,NYC,Private room,4.15888,4.40304
8306839,LA,Entire home/apt,5.01064,5.12161
6491146,LA,Private room,4.24850,4.31184
13915004,NYC,Entire home/apt,4.82831,4.91710
2277705,NYC,Private room,3.80666,3.98682
10973773,LA,Entire home/apt,4.69135,4.67212
5612512,NYC,Entire home/apt,5.48064,5.45477
7328532,NYC,Entire home/apt,5.70378,5.79894
11120085,LA,Entire home/apt,4.59512,4.59968
19141391,LA,Private room,3.68888,4.50191
3627357,LA,Entire home/apt,5.85507,5.70657
9370403,Boston,Private room,4.96981,4.78093
18594510,LA,Entire home/apt,4.77068,5.41163
2140549,LA,Entire home/apt,3.97029,4.51195
16331736,SF,Entire home/apt,4.65396,5.17438
1512006,NYC,Entire home/apt,5.29832,5.44240
7307027,NYC,Entire home/apt,5.85507,5.50522
7746019,NYC,Private room,4.44265,4.56210
13951419,LA,Private room,3.91202,4.09097
10839763,NYC,Entire home/apt,5.57595,5.19739
15785203,Boston,Private room,4.14313,4.12575
9275520,NYC,Shared room,3.80666,4.09300
14404032,NYC,Entire home/apt,4.49981,4.47324
16585906,NYC,Entire home/apt,4.07754,4.42710
9275612,LA,Entire home/apt,4.00733,4.38272
16272452,NYC,Entire home/apt,5.29832,5.44531
20650450,NYC,Private room,3.91202,3.91017
7601854,LA,Entire home/apt,7.30988,7.15109
408406,LA,Entire home/apt,4.81218,4.62143
17402726,Chicago,Entire home/apt,5.52146,5.51623
8410004,NYC,Private room,4.85981,4.41323
17653791,LA,Private room,3.80666,3.93771
9009362,LA,Entire home/apt,5.53733,5.66959
19945974,SF,Entire home/apt,4.78749,5.13932
7932907,NYC,Entire home/apt,5.01064,4.85714
10969992,Chicago,Entire home/apt,5.29330,4.65900
7773386,LA,Entire home/apt,5.16479,5.08898
5084887,NYC,Private room,3.80666,4.05720
15164902,Chicago,Private room,4.09434,4.22792
3264791,NYC,Entire home/apt,4.82831,5.32704
16828590,Boston,Private room,4.31749,4.17280
14037000,LA,Private room,4.17439,4.40456
17668023,LA,Private room,4.31749,4.36733
17697886,NYC,Private room,3.82864,4.20648
8794316,NYC,Entire home/apt,4.82831,4.86530
11344969,LA,Entire home/apt,4.59512,4.58616
5498472,LA,Entire home/apt,6.67834,6.35341
544173,LA,Entire home/apt,5.27300,5.47641
18703098,LA,Entire home/apt,4.74493,4.56141
16532171,LA,Private room,4.12713,4.10205
3241803,NYC,Entire home/apt,5.16479,5.00062
2011942,LA,Entire home/apt,5.85793,6.29123
2658619,NYC,Entire home/apt,5.01064,5.33952
18093838,SF,Entire home/apt,5.52146,5.83649
9579542,LA,Entire home/apt,4.86753,5.13696
9407687,LA,Entire home/apt,5.24175,4.99307
5593939,DC,Private room,3.80666,4.08204
16431923,LA,Shared room,3.63759,3.61299
10116497,LA,Entire home/apt,5.16479,5.26926
12025782,LA,Entire home/apt,5.01064,4.65175
17573724,NYC,Private room,4.59512,4.22688
4614838,SF,Entire home/apt,4.94164,5.02866
20254204,NYC,Private room,4.74493,4.64213
496954,NYC,Entire home/apt,5.16479,5.11911
14671513,Boston,Private room,4.09434,3.63877
522273,NYC,Entire home/apt,5.22036,4.95922
9133663,NYC,Private room,4.60517,4.38739
20726259,NYC,Entire home/apt,4.59512,4.89693
18609783,LA,Entire home/apt,4.38203,4.48287
16900775,LA,Private room,3.93183,4.37168
20477480,SF,Entire home/apt,4.44265,4.85792
20439890,LA,Entire home/apt,4.90527,4.56809
7185881,NYC,Entire home/apt,5.16479,4.99856
4143181,LA,Entire home/apt,3.85015,4.20223
3323189,LA,Private room,3.91202,4.29464
6984846,LA,Entire home/apt,5.29330,5.28897
1186217,NYC,Private room,4.70048,4.82018
5615095,Chicago,Entire home/apt,4.20469,4.43480
17948193,SF,Entire home/apt,5.52146,6.04493
15581927,NYC,Entire home/apt,4.00733,5.13940
19037536,SF,Entire home/apt,4.60517,6.45009
5184986,NYC,Private room,3.63759,4.01647
3111195,Boston,Entire home/apt,5.52146,5.50817
13041989,LA,Private room,4.07754,4.20994
9904259,NYC,Private room,4.09434,4.26207
14548344,NYC,Entire home/apt,5.13580,4.99570
5749147,LA,Private room,4.20469,4.14414
612936,LA,Entire home/apt,5.39363,4.99340
19074209,LA,Entire home/apt,5.29832,5.19464
20948930,LA,Entire home/apt,4.55388,4.36245
2105487,LA,Entire home/apt,4.82831,5.02497
20270543,LA,Private room,4.44265,4.24914
16477905,NYC,Entire home/apt,5.01064,5.11497
15631361,NYC,Private room,4.86753,4.85218
12999396,NYC,Entire home/apt,5.19296,5.42418
16625310,NYC,Entire home/apt,4.81218,5.12481
20316497,NYC,Entire home/apt,5.01064,4.91834
18139880,NYC,Entire home/apt,5.04343,5.18912
2183423,NYC,Private room,4.41884,4.34843
9998253,LA,Entire home/apt,4.90527,5.02049
18596998,NYC,Entire home/apt,5.16479,5.00719
2379865,NYC,Private room,4.31749,4.28872
5850037,NYC,Entire home/apt,4.59512,4.75378
16720880,LA,Entire home/apt,4.70048,4.62145
15510412,NYC,Entire home/apt,4.82831,4.89667
13971697,LA,Private room,3.55535,4.16781
14065629,LA,Entire home/apt,5.24175,5.04966
13173328,LA,Entire home/apt,4.82831,4.79249
17703855,LA,Entire home/apt,6.21461,5.97085
19330793,NYC,Private room,3.98898,4.29943
19583497,NYC,Entire home/apt,5.50126,5.53350
2268034,NYC,Entire home/apt,5.22036,5.17259
20599773,NYC,Private room,4.09434,4.17062
9809959,NYC,Private room,3.55535,3.57876
17964491,NYC,Private room,3.91202,4.23689
7646381,DC,Private room,4.38203,4.39476
598612,DC,Private room,6.21461,5.37772
9074921,NYC,Entire home/apt,4.78749,5.23754
6423158,LA,Shared room,3.85015,3.83433
639781,Boston,Entire home/apt,5.52146,5.87668
11740192,DC,Private room,3.68888,3.95833
14638658,NYC,Private room,4.09434,3.98782
10824499,DC,Entire home/apt,4.78749,4.52419
11214050,Boston,Entire home/apt,5.19296,5.31233
57740,NYC,Private room,3.91202,3.94355
20115973,NYC,Entire home/apt,4.78749,4.68920
16351308,NYC,Entire home/apt,4.44265,4.63645
5279778,SF,Private room,4.59512,4.79952
1956275,Chicago,Private room,3.36730,3.71727
13311392,NYC,Entire home/apt,4.21951,4.58758
2614717,Boston,Private room,3.97029,4.06623
10929043,DC,Entire home/apt,4.59512,4.76198
4325244,DC,Private room,6.80239,5.13670
13532253,LA,Entire home/apt,4.51086,4.88833
14555269,NYC,Private room,4.31749,4.14277
8893013,LA,Entire home/apt,4.73620,5.26630
14538582,LA,Entire home/apt,4.65396,4.60155
6314148,DC,Entire home/apt,5.11199,4.97961
4842703,LA,Private room,4.60517,4.44414
8547039,LA,Private room,4.36945,4.17488
4250343,NYC,Private room,3.63759,3.98921
10765183,LA,Entire home/apt,5.52146,5.63365
14588964,SF,Private room,4.17439,4.34321
10362017,NYC,Private room,4.07754,4.27393
4067212,Chicago,Entire home/apt,4.59512,4.80220
20257840,SF,Entire home/apt,5.80814,5.54450
18042091,DC,Entire home/apt,4.82831,4.83489
455114,LA,Entire home/apt,4.82831,5.10305
13862929,LA,Private room,3.87120,3.93583
14842021,LA,Entire home/apt,4.60517,4.51548
18199948,NYC,Private room,4.68213,4.42403
8774554,Chicago,Private room,2.94444,3.79129
20177584,LA,Private room,3.66356,3.87942
19914410,LA,Private room,4.47734,4.56738
334365,NYC,Private room,5.01064,4.86464
7690642,NYC,Private room,4.85981,4.10490
17654670,NYC,Entire home/apt,5.01064,4.93564
4136297,SF,Entire home/apt,6.30992,5.32415
14991684,NYC,Entire home/apt,5.34711,5.08836
1683892,Chicago,Entire home/apt,5.29832,5.56945
7652694,LA,Entire home/apt,4.59512,4.87958
2984662,NYC,Private room,4.70048,4.73242
19441171,NYC,Entire home/apt,5.18739,5.86073
9608239,NYC,Entire home/apt,5.34711,4.98936
16187604,LA,Private room,4.60517,4.53588
19085956,LA,Entire home/apt,5.01064,5.05468
8402732,NYC,Private room,3.80666,4.01880
20858873,Boston,Private room,4.07754,3.94244
4856204,DC,Entire home/apt,5.29832,5.38672
14340328,NYC,Private room,5.01064,4.46192
16188636,SF,Private room,4.70048,4.52996
14990576,NYC,Private room,4.44265,4.38907
4512329,SF,Private room,5.52146,4.86625
17591975,NYC,Entire home/apt,4.82831,5.08061
11023714,SF,Entire home/apt,4.69135,5.52490
15500230,NYC,Private room,3.91202,4.02771
1591370,NYC,Entire home/apt,5.10595,5.27882
16038117,LA,Private room,4.23411,4.11062
17124000,LA,Private room,3.91202,4.20508
15726203,NYC,Private room,3.91202,4.02420
16753523,Chicago,Entire home/apt,5.16479,5.21115
18558228,NYC,Private room,3.93183,4.16386
13248672,NYC,Private room,4.09434,4.44051
2056012,LA,Entire home/apt,4.24850,4.38581
16519069,NYC,Entire home/apt,4.99721,4.90057
2738965,Chicago,Shared room,3.80666,3.60232
7345804,LA,Entire home/apt,4.82831,4.67738
4092283,NYC,Entire home/apt,6.68461,6.40374
3231205,NYC,Entire home/apt,4.68213,5.06248
10369038,NYC,Private room,3.97029,4.14568
16577736,LA,Entire home/apt,6.20456,6.24297
14247874,LA,Entire home/apt,6.30992,6.35712
17027566,NYC,Private room,4.60517,4.65140
4057099,Chicago,Entire home/apt,6.30992,6.09132
16144842,NYC,Private room,4.09434,4.23262
2395326,NYC,Entire home/apt,4.78749,5.40312
10477767,NYC,Shared room,4.44265,4.75153
1530591,DC,Entire home/apt,4.60517,4.63955
4297642,LA,Entire home/apt,4.17439,4.36071
17401943,NYC,Private room,4.00733,4.02879
17259076,LA,Entire home/apt,4.86753,4.74654
18607810,NYC,Private room,4.38203,4.55647
11005300,Boston,Private room,4.20469,4.31529
15865298,Boston,Entire home/apt,5.29832,5.26475
6726059,LA,Private room,3.80666,4.23933
6822879,NYC,Private room,4.55388,4.58695
7206269,LA,Private room,4.78749,4.19342
7017123,NYC,Entire home/apt,5.41610,5.16353
2538807,NYC,Entire home/apt,7.04752,4.91457
15486072,LA,Private room,5.14749,4.33049
16706521,Boston,Entire home/apt,5.88610,5.24118
9184688,NYC,Entire home/apt,4.36945,4.90280
7035738,NYC,Entire home/apt,4.78749,5.09453
2012000,NYC,Private room,3.66356,4.04459
15303274,LA,Private room,3.91202,4.11850
10262473,SF,Private room,4.60517,4.87069
16883568,NYC,Entire home/apt,4.59512,4.69462
19474658,LA,Private room,4.17439,4.37470
15087406,LA,Private room,4.44265,4.10738
14670215,Boston,Entire home/apt,5.47646,5.05567
20900545,Boston,Private room,3.80666,3.75964
19862894,DC,Private room,4.38203,4.16489
19982015,SF,Entire home/apt,5.85793,5.51620
9079616,SF,Private room,3.91202,5.00710
813155,Boston,Private room,4.09434,4.30192
9646346,NYC,Private room,3.91202,3.89420
7903766,LA,Entire home/apt,4.77912,4.73969
5371687,NYC,Private room,3.91202,4.40236
764076,SF,Entire home/apt,5.88332,5.66407
9046095,NYC,Entire home/apt,4.78749,5.18199
16288598,LA,Entire home/apt,4.58497,4.99390
7867890,LA,Entire home/apt,5.52146,5.18613
19016900,NYC,Entire home/apt,4.85981,5.28276
14788520,NYC,Entire home/apt,4.49981,4.78245
10334259,SF,Private room,3.91202,4.22512
18851906,NYC,Private room,4.23411,4.44916
16311386,Boston,Entire home/apt,5.17048,5.04118
8831140,NYC,Private room,4.17439,4.07048
9994304,LA,Entire home/apt,4.82831,4.72490
8904546,DC,Private room,4.60517,5.10774
16159731,SF,Entire home/apt,5.22036,5.93555
18721845,NYC,Entire home/apt,5.70378,5.40301
20926018,LA,Private room,3.73767,3.78478
6093352,NYC,Private room,4.17439,4.31127
10378982,LA,Entire home/apt,4.82831,4.97749
20616675,NYC,Entire home/apt,4.49981,4.63391
4408378,LA,Entire home/apt,4.59512,4.95574
4197396,DC,Private room,6.21461,4.90129
4558987,NYC,Entire home/apt,4.65396,4.90906
18080777,NYC,Entire home/apt,5.41610,5.13032
11474629,SF,Entire home/apt,5.37064,5.55279
15809594,NYC,Private room,4.49981,4.95366
6317304,LA,Entire home/apt,4.85981,4.84810
8920714,NYC,Entire home/apt,6.90776,6.06968
20306217,LA,Entire home/apt,4.58497,4.75432
12453248,NYC,Entire home/apt,5.52146,5.24408
14911610,LA,Entire home/apt,5.29330,4.96916
13294052,LA,Private room,3.95124,4.40337
14014439,LA,Entire home/apt,5.63121,5.16513
13698963,LA,Entire home/apt,4.07754,4.19156
5968231,NYC,Entire home/apt,5.24175,5.45578
10103881,SF,Entire home/apt,5.01064,5.34911
3238142,NYC,Entire home/apt,4.81218,4.93591
3158614,NYC,Entire home/apt,5.41610,5.73884
444576,LA,Private room,4.82831,4.52579
11567179,NYC,Private room,4.31749,4.41039
565553,NYC,Entire home/apt,4.44265,4.79907
15671769,Boston,Entire home/apt,4.59512,5.21754
16726543,NYC,Entire home/apt,4.78749,4.84565
4086960,Boston,Private room,6.39192,5.18087
20481044,NYC,Private room,5.07517,4.34672
16351965,LA,Entire home/apt,6.54965,6.24906
468646,LA,Private room,4.31749,4.32591
15206354,NYC,Private room,4.31749,3.88874
12103279,DC,Entire home/apt,4.69135,4.75186
204959,NYC,Private room,4.06044,4.07325
17848252,LA,Entire home/apt,5.52146,5.65196
7901928,NYC,Entire home/apt,4.78749,4.79852
13959530,LA,Entire home/apt,5.54126,5.07090
13497558,LA,Private room,4.31749,4.33377
8615474,LA,Shared room,4.82831,4.14072
17796694,NYC,Entire home/apt,5.99146,5.69720
15636559,NYC,Entire home/apt,4.82831,4.82970
17887664,NYC,Entire home/apt,4.60517,5.10435
4854552,NYC,Private room,4.31749,4.27627
10439394,NYC,Private room,4.93447,4.70298
13377097,NYC,Private room,4.09434,4.08293
15581306,NYC,Private room,5.26786,4.66490
14265304,DC,Entire home/apt,4.49981,4.63876
13625089,DC,Entire home/apt,4.52179,4.68388
6261619,NYC,Private room,4.48864,4.53943
18448198,LA,Entire home/apt,4.60517,4.57974
175427,DC,Entire home/apt,5.01064,5.60907
15718401,NYC,Private room,3.89182,4.06593
710284,LA,Private room,4.34381,4.33473
3456576,NYC,Entire home/apt,4.82028,5.05157
17385499,NYC,Entire home/apt,5.15906,4.54480
18894466,LA,Private room,3.97029,4.82862
110520,NYC,Private room,4.00733,4.05125
4281241,NYC,Private room,4.60517,4.65133
832096,NYC,Private room,3.80666,4.01693
518815,DC,Entire home/apt,5.80814,5.61423
9958456,Chicago,Entire home/apt,5.29832,5.31447
15183699,NYC,Entire home/apt,5.39363,5.17466
6156319,NYC,Entire home/apt,4.74493,4.64952
16303329,NYC,Private room,4.70048,5.03016
5825816,LA,Entire home/apt,4.65396,4.63050
11843270,SF,Entire home/apt,4.96284,5.76592
10886628,NYC,Entire home/apt,4.93447,4.91200
16900525,NYC,Private room,4.59512,4.69123
702440,NYC,Entire home/apt,5.29330,5.17237
20688175,NYC,Entire home/apt,5.16479,5.42794
14983931,LA,Entire home/apt,4.38203,4.39181
12188890,NYC,Private room,4.30407,4.70307
16702774,NYC,Entire home/apt,5.01064,4.66937
17498047,NYC,Private room,3.66356,4.08055
10340849,NYC,Private room,3.89182,4.26979
17261922,NYC,Entire home/apt,5.01064,4.90118
325478,NYC,Entire home/apt,5.47646,5.44861
1110423,NYC,Private room,4.47734,4.24534
18402330,NYC,Private room,4.09434,4.01602
14107902,NYC,Entire home/apt,4.97673,4.97110
19176070,LA,Entire home/apt,4.41884,4.68400
5986985,LA,Entire home/apt,4.59512,4.70632
755032,LA,Entire home/apt,5.07517,4.96158
7366051,LA,Entire home/apt,6.80239,5.23766
20394813,LA,Entire home/apt,5.75257,6.00761
15742990,LA,Private room,4.49981,4.28344
10707485,LA,Entire home/apt,4.55388,4.78259
20466987,LA,Entire home/apt,4.94164,4.83944
16469306,LA,Entire home/apt,5.76519,5.83043
1699934,DC,Entire home/apt,5.01064,5.10606
18341016,NYC,Entire home/apt,5.41610,5.60929
10765781,LA,Entire home/apt,4.60517,4.66828
8063598,NYC,Entire home/apt,4.65396,5.21507
7957154,NYC,Private room,5.01064,4.29041
13947593,LA,Entire home/apt,4.41884,4.64306
17731367,NYC,Entire home/apt,4.82831,4.53483
13770378,NYC,Entire home/apt,4.67283,4.63518
8839176,SF,Entire home/apt,5.01064,4.89495
783460,LA,Private room,5.85507,5.16534
15740172,NYC,Private room,4.44265,4.09377
10840373,SF,Entire home/apt,5.97889,5.81144
11750869,NYC,Entire home/apt,5.63479,5.26036
10051892,NYC,Private room,3.91202,3.97422
14837884,NYC,Entire home/apt,4.78749,4.88994
14755396,LA,Shared room,3.78419,3.88382
971377,LA,Entire home/apt,6.21461,6.00354
7953220,DC,Entire home/apt,3.80666,4.50472
3468179,NYC,Private room,4.60517,4.20487
18331975,NYC,Private room,3.91202,3.90785
11960507,Chicago,Entire home/apt,4.76217,4.67705
4874958,LA,Entire home/apt,5.61677,5.30508
10853955,SF,Private room,4.60517,4.61626
8149387,NYC,Private room,3.68888,4.02980
13333706,NYC,Entire home/apt,5.07517,4.88439
3852988,LA,Entire home/apt,4.36945,4.66390
7578455,DC,Private room,3.68888,4.07765
11844145,NYC,Private room,4.21951,4.01769
18429530,SF,Shared room,3.89182,3.62921
10116095,DC,Entire home/apt,7.09008,6.41223
13117225,Chicago,Entire home/apt,5.18739,5.26998
10614232,NYC,Private room,4.31749,4.14097
17498968,NYC,Entire home/apt,5.52146,5.58647
19987657,LA,Entire home/apt,5.85793,5.65498
10970933,NYC,Entire home/apt,5.01064,4.67093
6621344,Chicago,Private room,3.98898,4.35695
14490093,LA,Entire home/apt,4.49981,4.75483
13081594,DC,Entire home/apt,4.85981,4.98990
15249826,NYC,Private room,4.65396,4.36100
13996905,NYC,Private room,4.24850,4.18977
11942361,LA,Entire home/apt,7.12287,6.36476
3344509,LA,Private room,4.84419,4.36510
828553,NYC,Private room,5.39363,5.01379
17330396,LA,Entire home/apt,5.01064,4.99633
18609193,LA,Entire home/apt,5.61677,5.39263
16391247,NYC,Private room,4.70048,4.39770
570750,NYC,Entire home/apt,6.39693,6.16075
16559019,NYC,Entire home/apt,5.02388,4.82742
9341196,NYC,Entire home/apt,5.34233,5.07846
7367720,NYC,Private room,4.07754,4.09515
7914359,LA,Private room,4.44265,3.98551
12151519,NYC,Entire home/apt,6.21261,5.63914
7838393,NYC,Private room,5.01064,4.94081
11756246,SF,Private room,4.30407,4.76351
6646952,NYC,Private room,4.38203,4.35191
20605399,LA,Private room,4.60517,4.60376
3769585,LA,Entire home/apt,4.49981,4.44849
12760625,LA,Private room,3.55535,4.32836
20662567,LA,Shared room,3.21888,3.47059
17626231,NYC,Private room,4.86753,4.97798
16859888,NYC,Private room,3.61092,3.86911
9112009,NYC,Private room,4.44265,4.44455
20011373,DC,Private room,4.24850,4.63271
3800547,LA,Entire home/apt,5.12990,5.21266
15720360,Chicago,Entire home/apt,4.82831,4.88810
4767716,DC,Private room,4.41884,4.27857
19748676,NYC,Entire home/apt,5.34711,5.21623
11624048,Boston,Entire home/apt,5.01064,4.93339
8341892,LA,Entire home/apt,4.44265,4.67387
4698201,LA,Entire home/apt,4.74493,4.86425
19295941,NYC,Entire home/apt,5.07517,5.29915
13284837,Chicago,Entire home/apt,4.71850,4.68269
6145657,LA,Entire home/apt,5.10595,4.66979
2314392,NYC,Entire home/apt,4.78749,5.53515
15483201,NYC,Entire home/apt,4.49981,4.59175
10019335,SF,Private room,5.01064,4.63887
1126626,NYC,Entire home/apt,5.13580,4.92045
6613459,SF,Entire home/apt,5.16479,4.96651
15918221,LA,Private room,3.91202,3.88978
15027031,LA,Entire home/apt,4.65396,5.31674
11495797,LA,Entire home/apt,5.91080,5.65617
9255470,LA,Entire home/apt,5.27811,5.17968
18992796,NYC,Private room,4.31749,4.18564
11580884,LA,Private room,4.31749,4.50211
18428800,LA,Private room,4.80402,4.52220
5116727,LA,Entire home/apt,5.29330,5.20393
8650359,NYC,Entire home/apt,5.10595,5.03717
18820537,LA,Entire home/apt,4.94164,4.45771
17753069,NYC,Private room,3.91202,4.08721
17013348,NYC,Private room,3.58352,3.73844
5499755,LA,Private room,3.89182,4.10837
11203030,NYC,Entire home/apt,5.01064,4.62303
10992395,NYC,Private room,3.36730,3.94027
6544766,SF,Private room,4.44265,4.62584
15340831,NYC,Entire home/apt,5.16479,5.08381
10502649,NYC,Entire home/apt,4.96284,4.85957
18110818,LA,Entire home/apt,4.44265,4.66104
10046908,NYC,Entire home/apt,4.82831,5.35560
13333818,NYC,Private room,3.66356,3.97076
13487062,NYC,Private room,4.00733,4.40568
20764587,NYC,Private room,4.59512,4.29862
16428816,LA,Entire home/apt,5.19296,5.52950
1526496,NYC,Private room,4.24850,4.09030
7559243,NYC,Entire home/apt,4.00733,4.42784
14735196,NYC,Private room,3.80666,4.07596
13341773,NYC,Private room,4.78749,4.74149
17811619,Chicago,Shared room,2.83321,3.33782
13643063,LA,Private room,3.89182,3.96594
13476643,NYC,Shared room,4.12713,3.76319
3551778,LA,Private room,4.47734,4.30426
6042087,NYC,Entire home/apt,5.10595,5.19616
16162190,LA,Private room,4.49981,4.40029
18328606,NYC,Entire home/apt,5.51745,5.18971
13058628,LA,Private room,4.23411,4.27483
6647114,Boston,Entire home/apt,4.78749,4.91236
15405175,LA,Entire home/apt,7.13090,6.24909
19564884,Chicago,Private room,4.55388,4.30546
16636776,NYC,Private room,4.24850,4.25349
12697925,NYC,Entire home/apt,5.01064,4.89606
18564238,SF,Entire home/apt,5.13580,5.78829
17994239,DC,Entire home/apt,6.21461,6.20471
16821199,Chicago,Entire home/apt,4.31749,4.34990
12504542,DC,Entire home/apt,5.01064,5.18817
17814434,LA,Private room,4.85981,4.80031
2361622,DC,Private room,3.87120,3.91357
7149710,LA,Entire home/apt,5.39363,5.40152
724996,SF,Private room,5.41610,4.62098
10660492,SF,Entire home/apt,5.52146,5.42846
2587269,LA,Entire home/apt,4.33073,4.43255
15873841,Boston,Entire home/apt,5.39363,5.46413
14648256,NYC,Private room,4.27667,4.10588
10052674,NYC,Private room,4.38203,4.36452
18256535,NYC,Private room,4.47734,3.97913
16482451,NYC,Entire home/apt,5.29330,5.13334
18894515,NYC,Entire home/apt,4.94164,4.70025
8899719,NYC,Entire home/apt,5.79606,5.35068
8582547,NYC,Private room,4.55388,4.34452
12853330,DC,Entire home/apt,4.82831,4.97540
17893069,NYC,Private room,4.55388,4.84867
16740779,LA,Private room,4.04305,3.54346
12784750,LA,Entire home/apt,4.97673,4.67918
12333456,NYC,Private room,4.86753,4.77691
12221410,NYC,Private room,4.36945,4.24142
2303481,DC,Entire home/apt,5.70378,5.80472
9492264,LA,Entire home/apt,5.16479,5.03288
5490041,LA,Private room,4.59512,4.45478
15746116,SF,Entire home/apt,5.35186,5.13114
18239392,LA,Private room,4.07754,4.07798
8228825,NYC,Entire home/apt,5.61677,5.29210
16568151,LA,Entire home/apt,5.16479,5.40114
4597040,LA,Private room,4.09434,4.91447
6064502,LA,Private room,3.91202,3.98724
19228919,LA,Entire home/apt,5.57973,5.34516
10898219,NYC,Private room,4.00733,3.74213
14843050,Chicago,Entire home/apt,6.68461,6.05046
15071448,Boston,Entire home/apt,4.85981,5.42621
435395,NYC,Private room,5.70378,4.76776
7859840,NYC,Private room,5.38907,4.91492
6785349,Chicago,Entire home/apt,4.95583,4.82803
6881079,NYC,Private room,4.31749,4.17917
15421244,NYC,Entire home/apt,5.01064,5.09773
18122856,NYC,Private room,3.91202,4.22059
278896,NYC,Private room,4.24850,4.22056
827719,LA,Entire home/apt,5.01064,5.07608
17865967,DC,Entire home/apt,5.41610,5.36970
315847,Chicago,Private room,4.59512,4.29369
2283845,NYC,Entire home/apt,4.24850,4.39857
6293677,Boston,Entire home/apt,5.20949,5.04068
9489830,LA,Shared room,3.49651,3.93803
17299,NYC,Entire home/apt,4.46591,4.82012
2608516,NYC,Shared room,3.91202,3.74458
13398348,LA,Entire home/apt,5.29832,4.98459
18865446,LA,Private room,4.17439,4.05067
17552327,LA,Private room,4.36945,4.32404
17419595,SF,Entire home/apt,6.39693,5.88490
18468859,Boston,Private room,5.70044,4.99013
13436913,SF,Private room,4.31749,4.35053
16945834,NYC,Private room,3.68888,4.10910
18271589,NYC,Private room,4.17439,4.31427
6689307,NYC,Entire home/apt,5.12990,5.23105
18191695,NYC,Private room,4.44265,4.36534
9031216,LA,Entire home/apt,4.91998,4.81799
16413638,NYC,Shared room,4.17439,4.22913
19737173,NYC,Entire home/apt,5.29832,5.53485
3772465,SF,Entire home/apt,6.35437,5.63778
20281546,SF,Entire home/apt,5.59471,5.31472
4456555,NYC,Private room,4.31749,4.30478
9884516,DC,Entire home/apt,6.39693,6.29818
11437138,LA,Entire home/apt,4.82831,5.13291
17500475,DC,Entire home/apt,5.29832,5.98067
2722391,NYC,Entire home/apt,5.01064,5.19740
15205778,NYC,Private room,4.94164,4.81055
11553543,NYC,Private room,3.71357,4.10341
16813211,Chicago,Entire home/apt,4.88280,4.81935
7603266,NYC,Entire home/apt,4.55388,4.85781
5495026,NYC,Private room,4.24850,4.37746
8024,LA,Entire home/apt,5.85793,4.52299
18820440,NYC,Entire home/apt,5.22036,5.20930
15300913,NYC,Entire home/apt,5.29330,5.43297
1341215,LA,Entire home/apt,4.85981,5.03389
14588284,LA,Private room,4.49981,4.02824
17957270,NYC,Entire home/apt,4.74493,4.99208
19642492,LA,Private room,3.36730,3.77095
17333633,NYC,Entire home/apt,4.59512,4.62842
15641287,NYC,Entire home/apt,4.73620,4.87961
17892201,SF,Entire home/apt,5.33754,5.35975
12384264,DC,Entire home/apt,4.78749,4.73609
2656568,SF,Private room,4.20469,4.59253
14558127,DC,Entire home/apt,4.69135,4.88226
16449070,NYC,Entire home/apt,5.41610,5.07128
7329545,LA,Entire home/apt,5.29832,5.53101
14373955,NYC,Private room,3.80666,4.24667
2960075,NYC,Entire home/apt,5.29832,4.83530
489924,Boston,Entire home/apt,4.59512,5.18131
14979803,Chicago,Private room,3.78419,3.89930
12252905,NYC,Entire home/apt,5.70378,6.17884
17531292,NYC,Private room,4.74493,4.48734
9199352,NYC,Entire home/apt,5.88610,5.41785
15601838,NYC,Private room,3.63759,3.94259
20438210,DC,Entire home/apt,6.10925,5.65060
16283528,NYC,Entire home/apt,4.70048,5.11028
7071657,LA,Entire home/apt,4.82831,4.72168
19012156,NYC,Entire home/apt,4.86753,5.27017
16636034,Chicago,Entire home/apt,5.52146,5.21554
17461895,LA,Private room,4.14313,4.89402
6226209,LA,Entire home/apt,5.48894,5.53935
12629858,NYC,Private room,4.24850,4.12493
5593060,LA,Entire home/apt,4.24850,4.54568
9466947,LA,Entire home/apt,5.52146,5.07758
20192155,LA,Entire home/apt,4.17439,4.45651
15300265,NYC,Entire home/apt,5.37064,5.42323
13911297,NYC,Private room,4.09434,4.16955
16163275,NYC,Entire home/apt,4.60517,5.14222
7545060,NYC,Entire home/apt,5.41610,4.85914
8392760,DC,Private room,4.60517,4.33008
7534226,DC,Private room,4.49981,4.63048
560449,NYC,Private room,4.18965,3.93427
2166428,NYC,Private room,4.89784,4.58070
17011804,LA,Entire home/apt,5.74620,5.45589
11119965,Boston,Entire home/apt,5.06890,5.43668
18840866,NYC,Entire home/apt,5.70378,5.32389
12520196,NYC,Entire home/apt,4.74493,4.94642
9558300,LA,Entire home/apt,6.85541,6.49305
3870340,DC,Entire home/apt,4.69135,5.43822
19455243,Boston,Entire home/apt,5.22575,5.22105
11035236,NYC,Private room,4.70048,4.67818
16719201,NYC,Entire home/apt,5.70378,6.11467
16379318,NYC,Entire home/apt,5.52146,5.17099
13738256,SF,Entire home/apt,6.10925,6.16314
18072628,LA,Shared room,4.07754,4.05943
13605649,LA,Entire home/apt,4.59512,4.86183
5383963,NYC,Private room,4.60517,4.82161
6292828,SF,Entire home/apt,5.52146,5.38733
7856830,LA,Private room,4.60517,4.59058
7066122,NYC,Private room,4.70048,4.43566
8293942,NYC,Private room,3.63759,3.92946
2401340,NYC,Private room,4.17439,4.22440
7897391,NYC,Private room,3.40120,3.85193
755703,DC,Entire home/apt,5.22036,4.78248
14575184,NYC,Entire home/apt,4.63473,4.75900
10070693,NYC,Entire home/apt,4.82831,4.75312
6428854,NYC,Entire home/apt,5.39363,5.22694
17556005,LA,Shared room,4.09434,3.82293
3703416,LA,Private room,4.24850,4.34533
18293768,Boston,Entire home/apt,5.01064,5.08098
10827567,NYC,Entire home/apt,5.59842,5.41029
15886369,Boston,Private room,4.38203,4.31482
528726,NYC,Entire home/apt,5.41610,5.20874
11966574,Chicago,Private room,4.24850,4.25828
20604474,SF,Entire home/apt,4.97673,5.11796
12973464,LA,Entire home/apt,5.48064,5.28152
6702276,DC,Entire home/apt,5.52146,4.96660
15398002,LA,Entire home/apt,5.67332,5.78549
6902003,LA,Entire home/apt,5.12990,5.15055
14920989,LA,Entire home/apt,4.60517,4.37084
11740335,LA,Private room,4.09434,4.15342
12947783,DC,Private room,6.47697,5.01729
17095403,NYC,Private room,4.60517,4.15021
15524227,NYC,Entire home/apt,5.69709,5.02637
17462718,NYC,Private room,3.91202,4.47323
11229773,NYC,Entire home/apt,5.18739,5.58486
4644696,DC,Entire home/apt,2.30259,4.75456
9489971,NYC,Private room,4.24850,4.04640
18287772,NYC,Entire home/apt,5.52146,5.15918
17356639,SF,Private room,5.48064,4.42778
4199782,LA,Private room,4.36945,4.44386
13631473,Boston,Entire home/apt,4.44265,4.43747
1344271,NYC,Entire home/apt,5.29330,4.97512
15949632,LA,Entire home/apt,5.01064,5.21370
15994498,NYC,Private room,4.76217,4.37779
13814715,LA,Entire home/apt,5.07517,5.15345
15373072,DC,Private room,5.17615,4.66743
10134431,LA,Private room,4.24850,4.01222
12445714,NYC,Entire home/apt,6.10925,6.36289
7239039,LA,Private room,4.60517,4.77715
13190149,NYC,Entire home/apt,4.94164,5.03339
4738742,SF,Private room,4.45435,4.67876
3249884,NYC,Private room,3.91202,3.97581
20711342,NYC,Entire home/apt,4.82831,5.33479
20149677,NYC,Entire home/apt,5.89990,6.03901
1441443,NYC,Private room,3.78419,3.99707
9434513,DC,Private room,4.84419,4.89414
13811933,LA,Private room,4.60517,4.71618
7048508,NYC,Entire home/apt,4.70048,4.61958
2939849,Boston,Entire home/apt,5.66643,5.32789
17874352,NYC,Entire home/apt,5.13580,5.14027
18909989,NYC,Entire home/apt,5.57973,5.17591
10542174,LA,Private room,4.09434,4.42339
16996926,LA,Private room,4.34381,4.27265
18278021,LA,Entire home/apt,5.27300,5.12742
10675118,NYC,Entire home/apt,5.01064,5.51393
6437010,LA,Private room,4.59512,4.86059
930955,LA,Entire home/apt,4.49981,4.64660
8104781,Chicago,Entire home/apt,5.96615,5.39372
17025043,NYC,Private room,4.06044,4.38370
13207127,NYC,Entire home/apt,5.85793,5.35453
17331105,NYC,Private room,4.69135,4.53581
10860474,LA,Entire home/apt,6.10925,6.53046
4653267,SF,Entire home/apt,5.85793,5.56978
16720735,NYC,Entire home/apt,5.51343,5.32247
1669674,NYC,Entire home/apt,4.60517,4.75662
6528570,LA,Entire home/apt,5.70378,5.67232
14294875,LA,Entire home/apt,4.84419,4.62389
13649728,Chicago,Entire home/apt,6.68461,5.60839
8310080,NYC,Private room,3.49651,3.60788
7749233,Boston,Private room,3.91202,3.91497
14684699,NYC,Private room,5.01064,4.23603
5453764,Chicago,Entire home/apt,4.59512,5.01378
10986459,LA,Entire home/apt,5.10595,4.75805
7664144,NYC,Private room,5.29832,4.26704
9550398,LA,Private room,3.68888,4.11325
17846556,SF,Private room,4.55388,4.71594
13980749,NYC,Private room,5.01064,4.68186
5231461,LA,Entire home/apt,5.97889,5.44362
13266334,NYC,Entire home/apt,4.18965,4.95843
10782718,LA,Entire home/apt,4.41884,4.68796
10369097,DC,Shared room,3.80666,3.51331
6968050,NYC,Entire home/apt,5.24702,5.11738
12204279,LA,Private room,3.87120,3.87109
13766631,LA,Entire home/apt,5.29330,5.92936
594036,LA,Private room,3.55535,3.84158
12897941,LA,Private room,3.55535,3.67558
16262529,NYC,Entire home/apt,5.52146,5.51184
15177635,Boston,Private room,4.59512,4.52596
15803111,NYC,Private room,4.31749,4.15677
13695852,DC,Private room,4.31749,4.44863
18058148,NYC,Entire home/apt,5.52146,5.33001
4792901,LA,Entire home/apt,4.70048,4.65109
18324872,NYC,Entire home/apt,4.86753,4.81901
17726161,SF,Private room,4.60517,4.58574
19692298,LA,Entire home/apt,4.77068,4.63573
240623,NYC,Private room,4.31749,4.05795
16298989,NYC,Entire home/apt,4.78749,4.97639
80734,NYC,Private room,4.38203,4.55529
11375631,SF,Private room,4.58497,4.88258
15798238,NYC,Private room,4.17439,4.24848
7500030,NYC,Entire home/apt,5.41610,4.79427
3917682,DC,Private room,4.49981,4.36687
13591798,NYC,Private room,3.89182,4.29320
6504091,LA,Entire home/apt,5.13580,5.74815
9827107,LA,Entire home/apt,4.82831,4.64822
2821294,NYC,Entire home/apt,5.78383,5.69192
10509841,LA,Entire home/apt,4.33073,4.95283
14773853,NYC,Private room,4.52179,4.36691
12263934,LA,Private room,4.17439,4.06122
2919690,DC,Entire home/apt,4.35671,4.89513
1937761,NYC,Private room,3.91202,4.23508
6544638,NYC,Private room,3.91202,3.99124
7002139,NYC,Private room,4.30407,4.45113
19227424,LA,Private room,4.00733,3.84095
15773147,LA,Shared room,2.99573,3.64910
10091236,NYC,Private room,4.09434,4.31078
10806143,NYC,Private room,4.44265,4.01067
17716362,LA,Entire home/apt,4.94164,5.05800
17703445,NYC,Private room,3.82864,3.93631
17151230,NYC,Private room,4.24850,3.94934
20675173,Chicago,Entire home/apt,5.16479,5.05300
8368417,NYC,Private room,3.91202,3.88004
11859089,NYC,Private room,3.91202,3.86456
7182324,NYC,Private room,5.29832,4.85857
13883611,DC,Entire home/apt,5.45959,5.00205
21090018,DC,Entire home/apt,4.82831,4.90108
17048582,NYC,Private room,4.65396,4.49344
8993199,NYC,Entire home/apt,5.51745,5.55506
18847289,DC,Private room,4.36945,4.59446
17351505,NYC,Private room,4.24850,4.38442
6783349,LA,Shared room,3.63759,3.81564
16295080,SF,Private room,4.48864,4.45572
10938202,NYC,Entire home/apt,5.22036,4.89891
17189941,NYC,Entire home/apt,4.63473,4.78887
20710408,NYC,Private room,4.09434,4.24076
6209147,NYC,Private room,4.09434,3.89665
16977425,NYC,Entire home/apt,6.21261,6.05805
15631510,SF,Entire home/apt,6.05209,5.89577
10081958,LA,Private room,4.17439,4.16311
14005176,LA,Private room,5.09987,4.52256
17383064,LA,Private room,4.58497,4.31960
11207036,NYC,Entire home/apt,5.52146,5.41218
17007758,LA,Entire home/apt,5.29330,5.66349
9978756,DC,Private room,4.18965,4.44797
4874052,NYC,Private room,4.60517,4.73714
11440702,NYC,Entire home/apt,5.41610,5.14376
21016290,NYC,Private room,4.55388,4.49643
14351570,NYC,Entire home/apt,4.24850,4.59501
10106305,Boston,Private room,4.31749,4.25770
8763529,SF,Private room,4.49981,4.72076
13508489,LA,Shared room,3.40120,3.63185
8214040,NYC,Private room,4.38203,4.12009
1320713,NYC,Entire home/apt,5.29832,5.27021
11510667,NYC,Entire home/apt,5.01064,4.69094
15498000,NYC,Private room,4.14313,4.18082
19783922,Chicago,Entire home/apt,5.52146,5.38041
6004786,Chicago,Entire home/apt,5.56068,5.35105
7643428,NYC,Entire home/apt,5.85793,5.82251
19009827,NYC,Entire home/apt,4.86753,4.97757
16225583,NYC,Entire home/apt,4.78749,4.69809
4461846,NYC,Private room,4.38203,4.49903
14093119,LA,Entire home/apt,4.44265,4.64427
4800447,NYC,Entire home/apt,6.95655,6.18775
3585309,NYC,Private room,4.59512,4.52815
8458465,NYC,Private room,4.09434,4.14460
11696118,LA,Entire home/apt,4.49981,4.76686
15423132,NYC,Private room,4.70048,4.30254
14320182,SF,Entire home/apt,4.78749,5.14859
2664975,LA,Entire home/apt,5.61677,5.69021
6994038,NYC,Private room,4.17439,4.05949
8308082,LA,Entire home/apt,6.30992,5.79686
20231259,LA,Entire home/apt,4.49981,4.79962
4645319,LA,Private room,4.56435,4.49654
2496301,SF,Entire home/apt,5.45959,4.89301
14231514,NYC,Entire home/apt,4.97673,5.04490
11776141,NYC,Private room,5.01064,4.48800
12232154,NYC,Entire home/apt,4.49981,5.01035
15787259,NYC,Private room,5.99146,5.67897
15344871,LA,Private room,3.91202,3.94663
19585582,LA,Entire home/apt,4.74493,4.60767
3890834,Chicago,Entire home/apt,5.56068,5.85503
7648940,Chicago,Entire home/apt,4.49981,4.46588
8370744,DC,Entire home/apt,4.24850,4.49029
19728214,DC,Private room,3.80666,4.18563
9437643,SF,Entire home/apt,5.52146,5.49463
7072245,NYC,Entire home/apt,5.26786,5.29091
538012,LA,Private room,4.31749,4.43828
18062242,DC,Entire home/apt,5.27300,5.25152
18849595,LA,Private room,4.20469,4.19107
1367775,Chicago,Entire home/apt,4.73620,5.50878
14914866,LA,Entire home/apt,4.55388,4.37474
6867502,NYC,Entire home/apt,5.70378,5.16223
16976030,LA,Entire home/apt,4.60517,5.08117
4951151,NYC,Entire home/apt,4.82831,5.53799
853409,DC,Private room,3.98898,4.59038
18720933,NYC,Entire home/apt,5.28827,5.25591
10392524,NYC,Private room,4.00733,4.04955
889302,NYC,Private room,4.44265,4.01076
7618146,NYC,Entire home/apt,5.01064,4.98738
11966786,NYC,Private room,3.68888,4.04584
17916860,NYC,Entire home/apt,5.43808,5.38065
17285455,LA,Private room,4.30407,4.34239
20667572,NYC,Entire home/apt,5.29832,5.21240
5511036,NYC,Entire home/apt,4.85981,4.97448
5212814,NYC,Entire home/apt,5.01064,5.61012
11265368,LA,Private room,4.44265,4.06786
4074892,NYC,Private room,4.17439,4.33502
4493418,NYC,Private room,4.38203,4.69709
6811855,LA,Entire home/apt,4.82831,4.71878
4070444,Chicago,Entire home/apt,5.29832,5.37766
4792705,NYC,Private room,4.70048,4.74647
18482476,NYC,Entire home/apt,6.51471,5.73067
13356272,LA,Entire home/apt,6.62007,5.76798
12916189,LA,Entire home/apt,4.49981,4.43716
959791,LA,Entire home/apt,5.97889,5.44664
13883806,NYC,Private room,4.17439,4.21291
14965074,LA,Entire home/apt,5.00395,5.06636
1598863,SF,Private room,4.49981,4.89734
15345019,Boston,Entire home/apt,5.24175,5.12306
553516,NYC,Entire home/apt,4.94164,4.96662
16018915,LA,Entire home/apt,6.43775,6.88618
6333447,Chicago,Entire home/apt,4.82831,4.99306
17368490,NYC,Shared room,4.31749,4.22362
12446699,NYC,Private room,4.21951,4.09841
4853647,LA,Entire home/apt,6.25383,6.25143
9943876,Chicago,Shared room,5.01728,4.36663
18956236,NYC,Entire home/apt,4.94164,4.62718
144978,NYC,Private room,4.38203,4.27628
18359288,LA,Entire home/apt,4.79579,5.16491
4084955,LA,Private room,4.00733,4.14002
9061117,LA,Private room,3.91202,4.04712
15775830,DC,Entire home/apt,5.55683,5.28906
3774986,LA,Entire home/apt,4.65396,4.87954
8192443,SF,Entire home/apt,5.48064,5.22525
5434754,SF,Entire home/apt,5.29832,5.38255
19696972,NYC,Entire home/apt,5.68698,5.37464
19455477,DC,Entire home/apt,6.80239,5.61271
13514679,NYC,Entire home/apt,6.17794,6.01499
17304145,NYC,Entire home/apt,4.94876,5.30568
13117259,DC,Shared room,3.33220,3.62564
13697001,NYC,Entire home/apt,4.60517,4.75648
9050138,NYC,Private room,4.48864,4.00403
19054001,LA,Entire home/apt,4.59512,4.68483
18350373,NYC,Entire home/apt,4.82831,4.73884
17686585,NYC,Entire home/apt,5.19296,5.19694
19206550,NYC,Entire home/apt,4.60517,4.50363
11965263,DC,Entire home/apt,5.25227,5.76612
16476143,NYC,Entire home/apt,5.41610,5.37706
855542,NYC,Entire home/apt,4.82028,4.76506
21152260,NYC,Private room,4.15888,4.02006
14596092,LA,Private room,4.97673,4.14952
16633629,DC,Private room,4.44265,4.28293
19644702,LA,Entire home/apt,4.31749,4.57639
11610426,LA,Private room,4.31749,4.14777
6017408,LA,Entire home/apt,5.29832,5.31291
15648607,NYC,Private room,3.91202,4.07725
12063726,NYC,Private room,4.17439,4.55581
11791673,NYC,Private room,4.24850,4.68859
16598311,NYC,Entire home/apt,5.85793,5.74683
924600,Boston,Entire home/apt,5.19296,5.38542
1963542,NYC,Private room,4.09434,4.24987
4226535,NYC,Private room,5.29832,4.31860
5299075,SF,Private room,5.01064,4.74196
12053997,NYC,Private room,3.52636,4.22794
20093004,NYC,Entire home/apt,5.78383,5.90372
17756109,LA,Private room,4.77912,4.33704
7384592,LA,Entire home/apt,5.12990,5.10824
13032261,LA,Private room,4.31749,4.19134
10016503,LA,Entire home/apt,5.19296,5.27175
1284189,NYC,Entire home/apt,5.89990,5.24637
5185172,SF,Entire home/apt,4.61512,5.24854
16191946,NYC,Entire home/apt,4.86753,5.16619
10488146,NYC,Private room,4.55388,4.38567
13311633,NYC,Private room,4.44265,4.92052
20666679,NYC,Private room,3.87120,4.31861
4701892,NYC,Private room,3.63759,4.01703
15722317,NYC,Private room,5.01064,4.55824
13237070,LA,Entire home/apt,5.01064,4.92909
4197,NYC,Entire home/apt,5.01064,5.17259
14317573,Chicago,Entire home/apt,3.80666,4.33116
8742604,LA,Entire home/apt,4.38203,4.61598
9350318,LA,Entire home/apt,6.38856,6.31420
7708148,NYC,Private room,3.91202,4.44804
11139968,NYC,Private room,3.80666,3.95868
15662164,NYC,Entire home/apt,5.61677,5.38608
3701108,LA,Private room,4.09434,4.42190
641526,Chicago,Private room,4.38203,3.93589
18112565,LA,Entire home/apt,4.78749,5.36481
14951904,SF,Entire home/apt,5.99146,5.52204
2350088,DC,Private room,4.78749,4.16408
21121481,Chicago,Private room,3.40120,4.48069
13580232,LA,Entire home/apt,6.21461,6.89688
3790513,NYC,Entire home/apt,6.11589,5.74322
16629898,LA,Entire home/apt,5.23644,4.88753
16253186,NYC,Entire home/apt,6.10925,5.70723
4320934,LA,Entire home/apt,4.70048,4.54039
9973900,DC,Entire home/apt,5.99146,4.90671
16177579,NYC,Entire home/apt,5.56068,5.47049
9295059,SF,Entire home/apt,5.05625,5.18805
14883417,NYC,Entire home/apt,5.84354,5.81183
4799970,Boston,Private room,4.60517,4.65517
19192149,NYC,Entire home/apt,6.39693,5.98156
11890125,LA,Entire home/apt,4.56435,5.03720
902709,SF,Entire home/apt,5.62402,5.35572
970302,LA,Entire home/apt,5.92693,5.51336
9292072,LA,Entire home/apt,4.59512,4.77771
18236947,Chicago,Private room,4.17439,4.08180
16042208,NYC,Private room,4.77912,4.03521
7870535,DC,Shared room,4.06044,4.05508
739738,DC,Entire home/apt,6.21461,6.43659
20439660,NYC,Private room,3.91202,4.51024
10283038,Boston,Entire home/apt,5.16479,5.63853
15405892,DC,Entire home/apt,4.41884,5.34279
20819116,LA,Entire home/apt,4.97673,5.39614
9993602,LA,Entire home/apt,5.85793,5.19191
91957,LA,Private room,4.61512,4.49348
4853365,NYC,Entire home/apt,4.41884,4.93026
14741623,Chicago,Entire home/apt,4.31749,4.99076
16440006,Boston,Private room,4.47734,4.91607
20288527,LA,Private room,4.31749,4.30299
1291004,SF,Entire home/apt,6.10702,5.96036
18617002,LA,Private room,4.23411,4.32032
17402486,NYC,Private room,3.46574,3.73202
20782313,Chicago,Private room,3.80666,4.27497
20727703,LA,Entire home/apt,4.23411,4.60635
19036702,NYC,Private room,4.00733,3.95991
16134745,LA,Private room,4.17439,4.30199
4121173,DC,Private room,4.24850,4.38733
14525948,NYC,Private room,4.97673,4.89912
14009941,DC,Entire home/apt,5.70378,5.83258
14474339,Boston,Entire home/apt,5.06890,4.67248
4163804,Chicago,Private room,3.85015,4.10010
5238571,NYC,Entire home/apt,5.13580,5.17637
7694064,NYC,Entire home/apt,5.56068,5.69832
6421011,Boston,Entire home/apt,5.72685,5.81241
12730083,NYC,Entire home/apt,4.82831,4.93883
9655021,NYC,Private room,3.89182,4.20154
17732415,LA,Entire home/apt,4.65396,4.42611
11474808,LA,Private room,4.59512,4.50953
18811877,NYC,Entire home/apt,4.44265,4.67115
17252933,LA,Private room,4.56435,4.32694
12243205,NYC,Entire home/apt,4.60517,4.45331
525674,NYC,Entire home/apt,5.70378,5.48224
13234099,NYC,Entire home/apt,5.13580,4.93261
17463966,Chicago,Entire home/apt,4.55388,4.74100
12555817,Boston,Private room,4.54329,4.35066
7706638,LA,Entire home/apt,5.27300,4.91027
300589,SF,Private room,5.01064,5.03089
787288,NYC,Entire home/apt,4.60517,4.76335
15781345,NYC,Private room,4.90527,4.47054
6344648,NYC,Private room,4.78749,4.55448
14122332,NYC,Private room,3.80666,3.84107
5415365,NYC,Entire home/apt,5.52146,5.41517
629753,NYC,Private room,4.24850,4.00494
302057,LA,Entire home/apt,5.40268,5.27536
4331517,DC,Shared room,3.68888,3.79328
4473356,LA,Private room,4.65396,4.56338
10424679,NYC,Entire home/apt,3.80666,4.89844
6214308,SF,Entire home/apt,5.26269,6.20143
5019076,NYC,Entire home/apt,4.86753,4.72468
8372075,SF,Entire home/apt,4.90527,5.02972
3883252,LA,Entire home/apt,4.24850,4.57899
4614763,SF,Entire home/apt,5.19296,5.10269
166667,LA,Private room,4.09434,4.17495
16470381,NYC,Entire home/apt,5.52146,5.41848
18718758,NYC,Entire home/apt,4.48864,4.99253
10887474,NYC,Entire home/apt,5.29832,5.15514
6805513,LA,Entire home/apt,4.60517,4.84499
12891469,LA,Entire home/apt,4.78749,4.70716
544331,NYC,Entire home/apt,4.70048,4.95546
2127382,NYC,Entire home/apt,4.65396,4.58619
18432523,LA,Private room,4.59512,4.78335
8522924,NYC,Entire home/apt,4.90527,4.96479
15844494,LA,Entire home/apt,5.61677,5.62314
4457407,Chicago,Entire home/apt,5.01064,4.62253
3161861,DC,Entire home/apt,5.29832,5.29758
3210405,DC,Entire home/apt,5.16479,5.32192
19760994,DC,Entire home/apt,4.49981,4.60415
18325971,NYC,Entire home/apt,4.86753,4.94217
13781431,DC,Entire home/apt,6.10925,6.27879
11093137,LA,Entire home/apt,5.41610,5.21483
7698019,NYC,Entire home/apt,4.93447,5.15720
4379271,LA,Entire home/apt,4.82831,5.40793
20982554,NYC,Private room,4.31749,4.28814
10153700,LA,Entire home/apt,4.94164,4.89380
12311938,NYC,Entire home/apt,4.65396,4.83710
10020060,LA,Private room,4.09434,4.29802
14774983,Chicago,Entire home/apt,5.96615,5.47368
10735670,LA,Entire home/apt,6.04025,5.34203
701227,NYC,Shared room,4.24850,4.27141
9896731,LA,Entire home/apt,5.22036,5.07825
11511603,DC,Entire home/apt,4.60517,4.90531
10729985,LA,Private room,4.23411,4.51407
6702379,Chicago,Entire home/apt,4.44265,4.74996
9303836,NYC,Private room,4.38203,4.38834
14403145,NYC,Entire home/apt,5.16479,5.11066
997312,LA,Entire home/apt,4.55388,4.52706
4021579,LA,Private room,5.16479,4.66677
10411356,SF,Entire home/apt,4.96284,5.05717
6421335,SF,Private room,4.82831,5.04779
10743757,NYC,Private room,3.80666,3.88484
15869934,NYC,Private room,4.63473,4.83912
16942171,Chicago,Private room,3.55535,3.68706
18076234,LA,Entire home/apt,5.01064,4.81947
7808356,NYC,Entire home/apt,4.70953,4.88081
4742102,Chicago,Entire home/apt,4.48864,4.67822
5969134,LA,Entire home/apt,4.94164,4.56766
2176310,NYC,Entire home/apt,4.78749,4.77739
15984634,LA,Private room,4.17439,3.98779
9025965,SF,Private room,4.07754,4.70330
1083873,NYC,Private room,4.70048,4.32457
6334808,NYC,Entire home/apt,6.39693,6.36011
16528554,NYC,Entire home/apt,5.19296,4.93378
12937287,NYC,Entire home/apt,5.01064,5.06728
4463809,SF,Entire home/apt,4.60517,5.37046
7474044,NYC,Private room,4.31749,4.43280
18109852,LA,Private room,3.76120,4.01048
13142310,NYC,Entire home/apt,5.39363,4.79273
17684828,LA,Private room,3.80666,4.34313
3895455,LA,Entire home/apt,4.72739,5.24485
9341252,LA,Entire home/apt,5.61677,5.16582
10092851,NYC,Entire home/apt,5.70044,5.44687
19527510,LA,Entire home/apt,5.13580,5.00685
6955782,LA,Private room,4.55388,4.40413
13190078,NYC,Entire home/apt,4.59512,4.95081
15044215,Chicago,Entire home/apt,5.39363,4.95384
2706776,NYC,Private room,3.91202,4.05382
9275172,DC,Entire home/apt,4.49981,4.85092
2101887,LA,Entire home/apt,4.82831,4.99370
3067062,NYC,Entire home/apt,5.06890,4.99181
15989591,Boston,Private room,4.65396,5.02259
17497730,LA,Entire home/apt,4.31749,4.72055
13919213,Chicago,Entire home/apt,5.52146,5.74891
4192208,NYC,Entire home/apt,5.22036,4.96050
16844129,NYC,Entire home/apt,5.29832,5.02387
263531,Boston,Entire home/apt,5.85793,5.30750
4743803,NYC,Private room,3.91202,4.42545
6780531,NYC,Entire home/apt,5.80513,5.67100
13019501,LA,Entire home/apt,4.07754,4.14233
5241594,LA,Entire home/apt,5.26786,5.30633
7420697,NYC,Private room,3.91202,4.08611
8816678,NYC,Entire home/apt,5.01064,5.22726
7897312,SF,Entire home/apt,5.29832,5.39448
12232134,LA,Private room,4.24850,4.31654
19864701,LA,Entire home/apt,5.29330,5.30011
437199,NYC,Entire home/apt,5.29832,5.22472
18430302,LA,Private room,4.09434,4.06336
14200724,LA,Private room,4.21951,4.37580
9653652,Chicago,Entire home/apt,4.94164,5.13337
15079866,LA,Private room,5.19296,4.37078
17265599,NYC,Private room,4.45435,4.54370
593027,LA,Entire home/apt,5.45104,5.55127
1398616,NYC,Private room,4.24850,4.16113
21173263,LA,Entire home/apt,4.59512,5.09658
160597,NYC,Private room,4.07754,3.86565
7125990,DC,Entire home/apt,6.21461,5.91139
13659198,Chicago,Private room,4.38203,4.38628
2112132,NYC,Private room,4.49981,4.55831
13607228,LA,Private room,4.23411,4.25480
13830003,LA,Entire home/apt,4.89035,5.01885
9856334,LA,Shared room,4.59512,4.11198
18944697,LA,Entire home/apt,4.86753,4.65999
2999152,NYC,Private room,4.30407,4.11093
237734,SF,Private room,4.30407,4.63648
3446774,LA,Private room,3.89182,4.13865
7480890,NYC,Private room,4.18965,4.06541
14361172,NYC,Entire home/apt,5.01064,5.27936
9991857,NYC,Private room,4.09434,4.19034
9926274,NYC,Private room,4.74493,4.95428
20085131,LA,Entire home/apt,5.38907,5.37096
18610595,NYC,Private room,3.89182,4.28985
16141132,DC,Entire home/apt,5.76519,5.56404
16705798,LA,Entire home/apt,4.60517,4.49403
113265,DC,Private room,4.35671,4.56384
2042534,LA,Entire home/apt,5.29832,5.01897
13713501,NYC,Private room,4.43082,4.12986
5114275,NYC,Entire home/apt,5.70044,6.13330
16998100,LA,Private room,4.60517,4.50732
19101254,LA,Entire home/apt,5.61677,5.62583
16869373,NYC,Entire home/apt,4.59512,4.76016
17384729,LA,Private room,3.52636,3.85505
8135263,NYC,Entire home/apt,5.99146,5.41420
18041726,NYC,Private room,4.00733,3.97399
17923073,LA,Entire home/apt,5.22036,5.46996
16844119,NYC,Entire home/apt,6.21261,5.98766
3979385,SF,Entire home/apt,5.70378,5.44347
5885280,NYC,Private room,4.74493,4.47613
11274226,DC,Entire home/apt,4.94164,5.12870
12705068,Boston,Private room,4.47734,4.16200
7254973,NYC,Private room,4.09434,4.37414
13727819,NYC,Shared room,3.89182,4.48481
17556101,NYC,Private room,3.95124,3.90995
169306,Boston,Entire home/apt,6.10925,5.47523
7085621,LA,Private room,4.17439,4.28458
17432321,LA,Private room,4.38203,4.38500
3267114,NYC,Entire home/apt,4.70048,4.68691
887292,LA,Shared room,3.58352,3.70443
15017060,LA,Entire home/apt,4.74493,5.01015
14595848,LA,Private room,3.91202,4.07281
17575917,LA,Entire home/apt,5.52943,5.63566
19760412,NYC,Entire home/apt,4.55388,4.60489
6694417,LA,Entire home/apt,5.27300,4.97296
15073714,NYC,Entire home/apt,4.60517,4.66053
14827362,NYC,Private room,3.73767,4.15783
18871005,LA,Entire home/apt,5.07517,5.12226
6421468,NYC,Entire home/apt,5.89990,5.09459
6717607,NYC,Private room,3.91202,4.07534
2487073,NYC,Entire home/apt,5.13580,5.09966
5568967,DC,Entire home/apt,5.41610,5.65586
9077959,Chicago,Entire home/apt,5.29330,4.98677
12522567,Chicago,Entire home/apt,4.59512,4.57159
19070964,LA,Entire home/apt,5.41610,4.89883
8696236,NYC,Private room,3.55535,4.17059
16086752,LA,Entire home/apt,5.01064,4.63839
2257080,DC,Entire home/apt,4.89784,4.67099
7479520,NYC,Entire home/apt,5.19296,4.88765
748256,LA,Shared room,3.40120,4.43053
19717572,NYC,Private room,3.91202,4.11080
14742961,NYC,Private room,4.69135,4.45715
4965152,NYC,Entire home/apt,5.29330,5.29597
9877100,LA,Entire home/apt,5.70378,6.12237
14248332,NYC,Private room,4.40672,4.43824
14489820,NYC,Private room,4.29046,4.15198
13373898,Boston,Private room,3.43399,3.76818
5945548,NYC,Entire home/apt,5.19296,5.47466
12383703,NYC,Entire home/apt,6.62007,6.33953
19018751,LA,Private room,4.00733,4.15150
10153739,LA,Entire home/apt,4.70048,5.17023
19120737,NYC,Private room,4.59512,4.44487
14372031,SF,Private room,4.57471,4.41086
14576182,NYC,Entire home/apt,4.94164,4.92028
16405816,LA,Entire home/apt,5.70044,5.54161
13193685,LA,Private room,4.78749,4.65214
15596539,NYC,Private room,4.24850,4.42543
17653588,NYC,Entire home/apt,5.29832,4.90006
3225440,LA,Entire home/apt,4.97673,5.42841
14166343,NYC,Entire home/apt,5.52146,5.06904
10414465,NYC,Private room,4.59512,4.62970
18690466,LA,Entire home/apt,4.85981,4.94592
7842613,LA,Entire home/apt,4.59512,4.86451
16705290,NYC,Entire home/apt,4.78749,4.91250
2334411,NYC,Entire home/apt,4.65396,5.00934
1412905,DC,Entire home/apt,4.78749,5.41991
17959508,LA,Entire home/apt,4.52179,4.68928
20665225,Boston,Entire home/apt,5.27300,5.31093
435116,DC,Entire home/apt,5.10595,5.42921
19993470,SF,Private room,4.77912,4.65941
11546119,SF,Entire home/apt,5.99146,5.68026
7022457,LA,Entire home/apt,4.34381,4.81589
20704394,NYC,Entire home/apt,4.65396,4.75640
13897916,DC,Private room,3.91202,4.34082
14591493,LA,Shared room,3.61092,3.48909
5804170,LA,Private room,3.58352,4.12858
6377624,SF,Private room,4.48864,4.47048
10839459,SF,Entire home/apt,5.16479,4.99143
15143708,LA,Private room,4.53260,4.35197
16802965,NYC,Entire home/apt,5.45959,5.32207
16177263,NYC,Private room,4.09434,4.26602
11081121,SF,Private room,5.22036,4.57462
17476087,SF,Entire home/apt,5.31812,5.32314
900794,NYC,Private room,4.58497,4.44638
1890439,NYC,Entire home/apt,5.55683,5.56408
18312255,NYC,Entire home/apt,5.11799,4.88877
16689613,NYC,Entire home/apt,4.97673,5.41074
3492910,NYC,Entire home/apt,4.82831,4.66514
1392144,NYC,Entire home/apt,5.16479,5.20345
3703128,NYC,Private room,4.00733,4.37063
15257484,LA,Private room,5.29832,4.34824
3563261,Chicago,Private room,4.00733,3.91127
13415763,Boston,Entire home/apt,5.01064,5.11153
109689,SF,Entire home/apt,5.29832,5.16393
11799943,LA,Private room,4.55388,4.30192
14980727,NYC,Entire home/apt,5.16479,5.57273
3148090,LA,Entire home/apt,4.93447,4.74312
506629,Boston,Entire home/apt,4.99721,5.55662
17516202,LA,Entire home/apt,4.60517,4.55345
16055336,NYC,Entire home/apt,5.56068,5.30011
1101035,LA,Entire home/apt,4.41884,4.68786
12657607,LA,Entire home/apt,5.52146,5.05291
7148245,LA,Entire home/apt,5.07517,4.89549
8031382,NYC,Entire home/apt,4.59512,5.17241
2904571,LA,Private room,4.24850,4.67068
2453598,LA,Private room,4.17439,4.34373
11624712,Boston,Private room,3.68888,4.03118
12726343,LA,Private room,4.09434,4.31932
16240441,Boston,Entire home/apt,5.61677,5.71469
6460353,Boston,Entire home/apt,6.10925,5.73440
12302561,NYC,Entire home/apt,5.29832,5.14589
5248997,LA,Entire home/apt,5.54126,5.16389
18395086,LA,Entire home/apt,5.52146,5.34262
4118529,NYC,Private room,4.09434,4.27074
10475047,LA,Entire home/apt,4.44265,4.72572
11031641,LA,Entire home/apt,4.74493,4.80186
16692402,LA,Entire home/apt,5.16479,5.22651
9874418,LA,Shared room,4.74493,4.42847
12715988,LA,Entire home/apt,4.59512,4.88262
6677640,NYC,Entire home/apt,5.07517,5.02909
20074315,LA,Private room,3.68888,3.93475
15026994,NYC,Entire home/apt,4.09434,4.44622
4760207,LA,Shared room,3.21888,3.33248
14787406,NYC,Private room,4.49981,4.43074
5811500,NYC,Entire home/apt,4.60517,4.64247
17265592,NYC,Private room,4.24850,4.97085
2842356,Chicago,Shared room,3.49651,3.50891
83553,NYC,Entire home/apt,5.52146,5.11824
7075255,LA,Entire home/apt,5.29832,4.62234
19416610,NYC,Private room,3.91202,3.99949
3931654,NYC,Entire home/apt,4.17439,4.55160
12519845,DC,Entire home/apt,6.05209,5.71380
16405500,SF,Private room,5.13580,4.65460
9731780,LA,Private room,4.47734,4.50175
8673658,NYC,Shared room,5.07517,4.47233
1987371,LA,Entire home/apt,4.60517,4.39036
7563502,SF,Private room,4.49981,4.82857
10020815,NYC,Private room,4.38203,4.27784
15640345,LA,Entire home/apt,4.55388,4.71795
15771442,LA,Entire home/apt,4.93447,4.66968
970538,LA,Entire home/apt,4.65396,4.63269
12323528,LA,Private room,3.63759,3.95209
8580517,LA,Private room,4.31749,4.25781
1332402,NYC,Entire home/apt,6.10925,6.05149
4744496,NYC,Private room,4.31749,4.21319
13378177,SF,Entire home/apt,5.91620,5.54587
560440,LA,Entire home/apt,4.59512,4.46090
12967227,NYC,Private room,4.17439,3.88285
867530,LA,Private room,4.17439,4.32721
17714214,LA,Entire home/apt,5.52146,5.88679
12621209,DC,Entire home/apt,6.35437,5.73046
210150,DC,Entire home/apt,4.38203,5.08419
4359077,SF,Private room,4.44265,4.30528
21097890,DC,Entire home/apt,4.41884,4.57341
19066190,LA,Private room,3.80666,4.13605
14632930,SF,Entire home/apt,5.18739,5.10869
16577709,LA,Entire home/apt,4.60517,4.70118
4239657,NYC,Entire home/apt,5.16479,5.17031
3712146,NYC,Entire home/apt,5.16479,4.84295
16704332,NYC,Private room,4.24850,4.07269
12272956,NYC,Shared room,4.06044,3.83578
18392597,NYC,Private room,4.17439,3.96268
4508885,LA,Shared room,3.04452,3.50684
16855055,NYC,Private room,4.17439,4.30760
14447206,SF,Private room,4.77912,4.66187
9880694,SF,Private room,4.18965,4.18941
6357433,LA,Entire home/apt,5.01064,4.76224
8505352,LA,Private room,4.44265,4.33097
17716237,NYC,Entire home/apt,5.29832,4.88896
14760402,LA,Private room,4.09434,4.33340
5472229,NYC,Entire home/apt,5.29832,5.17191
1290893,LA,Entire home/apt,4.78749,4.53060
12136155,SF,Entire home/apt,5.99146,5.36344
12169531,DC,Entire home/apt,5.01064,5.02481
16274520,Boston,Private room,4.17439,4.36833
15734209,SF,Private room,5.29832,4.95710
6360639,NYC,Private room,4.09434,4.06931
15822332,DC,Entire home/apt,5.68698,5.66106
7842355,NYC,Private room,3.68888,3.88695
14240285,NYC,Private room,4.24850,4.36033
16788226,DC,Private room,4.49981,4.28263
11420757,NYC,Private room,4.33073,4.17324
17995500,LA,Entire home/apt,4.44265,4.49872
16649739,SF,Private room,5.01064,5.12513
14248703,NYC,Entire home/apt,5.29832,5.22285
15799419,NYC,Private room,4.36945,4.64387
7983457,SF,Entire home/apt,6.90274,6.94915
3712308,NYC,Private room,4.31749,4.84882
21149901,LA,Private room,3.63759,3.89657
20621540,Boston,Entire home/apt,5.51745,5.46772
11010969,NYC,Private room,4.44265,4.34049
203353,LA,Entire home/apt,4.82831,4.96914
14246246,NYC,Entire home/apt,5.39363,5.30560
6692975,Chicago,Entire home/apt,5.45959,5.32940
11545313,NYC,Private room,4.44265,4.32866
16507720,NYC,Private room,4.60517,4.74090
10437583,NYC,Entire home/apt,5.38907,5.13206
8252167,Boston,Entire home/apt,4.55388,4.87534
18464483,NYC,Private room,4.09434,4.05456
5095783,DC,Entire home/apt,4.70048,4.70652
13075439,NYC,Entire home/apt,5.10595,4.65173
17218859,NYC,Private room,4.59512,4.35206
17532151,NYC,Entire home/apt,5.19296,5.18362
17264839,NYC,Entire home/apt,5.16479,5.19702
2473110,SF,Entire home/apt,6.21461,5.90035
8716577,NYC,Entire home/apt,5.41610,5.05174
16637929,NYC,Entire home/apt,5.61677,5.96411
7050030,Chicago,Entire home/apt,5.81114,5.55368
15028518,NYC,Private room,4.38203,4.50487
15535918,NYC,Private room,4.82831,4.87224
7387956,DC,Entire home/apt,4.38203,4.76453
15004709,NYC,Entire home/apt,5.01064,4.74510
8389905,LA,Entire home/apt,5.70378,6.18473
14698149,SF,Private room,4.56435,4.83812
16179103,SF,Entire home/apt,5.55683,5.25504
6902729,SF,Entire home/apt,5.16479,5.12743
7344720,NYC,Private room,4.47734,4.19989
6704777,DC,Private room,3.82864,4.31012
20696496,LA,Shared room,2.89037,3.61386
18375992,SF,Entire home/apt,5.80814,5.51601
2478022,DC,Private room,4.31749,4.67260
6900415,NYC,Private room,4.38203,4.23196
1448703,NYC,Private room,4.44265,4.00150
3152992,SF,Entire home/apt,5.66643,5.01034
2485774,SF,Entire home/apt,5.59842,5.65209
6800277,NYC,Private room,3.80666,4.17906
235951,NYC,Private room,4.44265,4.24773
18795534,Boston,Entire home/apt,4.70048,5.04170
19317834,NYC,Entire home/apt,5.11199,5.19178
5838719,Boston,Private room,4.31749,4.25398
1363336,NYC,Private room,4.97673,4.72076
20999911,NYC,Entire home/apt,4.60517,4.60081
4016142,Boston,Private room,4.20469,4.25019
17907762,DC,Entire home/apt,4.85981,5.29081
9044264,NYC,Private room,3.66356,4.04077
11656239,DC,Entire home/apt,5.41610,5.48822
18283577,NYC,Private room,4.70048,4.16453
19762625,NYC,Entire home/apt,5.01064,4.84671
5632442,NYC,Private room,3.68888,3.83342
16304068,NYC,Private room,4.20469,4.12894
18772750,NYC,Private room,4.82831,4.45073
14723414,NYC,Entire home/apt,5.52146,5.59240
17107963,DC,Entire home/apt,5.21494,5.05163
16734991,LA,Private room,4.55388,4.24038
17223725,DC,Entire home/apt,6.16331,5.75137
15876540,NYC,Entire home/apt,4.86753,4.97076
402037,NYC,Entire home/apt,5.01064,5.10820
13082957,NYC,Entire home/apt,5.01728,5.00973
13659438,LA,Entire home/apt,6.62007,6.02345
5105910,LA,Private room,4.17439,4.41847
4720783,Chicago,Entire home/apt,4.78749,4.80903
4249131,Boston,Entire home/apt,4.59512,4.76024
6837236,NYC,Entire home/apt,5.00395,5.27637
15363623,LA,Entire home/apt,4.77912,4.43774
1081011,NYC,Shared room,3.91202,4.17425
7294049,NYC,Private room,3.68888,4.40249
2746379,NYC,Entire home/apt,5.52146,5.45864
7012313,LA,Entire home/apt,6.30992,5.68285
13318679,NYC,Private room,4.60517,4.29342
16860045,Boston,Private room,4.59512,3.93826
16738608,NYC,Shared room,3.71357,4.17186
20448558,LA,Private room,3.91202,4.20670
18163870,LA,Entire home/apt,4.31749,4.68157
10021680,NYC,Entire home/apt,4.74493,4.66741
4856625,DC,Private room,4.17439,4.36479
18328208,NYC,Private room,3.68888,4.05801
5903672,DC,Private room,4.82028,4.67207
7052558,NYC,Private room,4.60517,4.41732
14696162,NYC,Entire home/apt,5.60580,5.41359
13795421,NYC,Private room,6.30992,4.04577
10749794,NYC,Entire home/apt,5.16479,5.40184
7513680,Boston,Entire home/apt,4.85981,5.12230
20491673,Chicago,Private room,3.89182,4.02519
12968599,LA,Private room,4.44265,4.37248
20746887,Chicago,Private room,3.55535,4.08734
5061178,LA,Shared room,7.31322,3.92188
12748793,LA,Entire home/apt,5.50126,5.71605
5532035,LA,Private room,3.40120,3.95863
13208373,NYC,Entire home/apt,5.01064,4.87713
17569680,NYC,Entire home/apt,4.83628,4.96903
131747,NYC,Entire home/apt,4.38203,4.56607
13783769,DC,Private room,5.52146,4.39520
9592591,LA,Entire home/apt,4.53260,4.59543
14826847,LA,Shared room,4.09434,3.64423
18445388,LA,Private room,3.25810,3.64920
3946194,NYC,Private room,5.38907,4.26639
18239482,NYC,Private room,4.17439,4.08733
13139215,LA,Private room,3.33220,4.17193
9887698,NYC,Private room,4.17439,4.18509
13527308,NYC,Private room,4.20469,4.50245
6970465,Chicago,Entire home/apt,5.70378,5.66699
16371960,NYC,Private room,4.09434,4.23570
18490512,DC,Entire home/apt,4.55388,4.65566
13308892,LA,Entire home/apt,5.01064,4.71228
8505476,Chicago,Private room,4.07754,4.08860
254168,NYC,Entire home/apt,4.94164,5.16494
20887009,Boston,Entire home/apt,5.61677,5.63528
4930313,NYC,Entire home/apt,4.82831,5.15041
15072878,DC,Entire home/apt,5.19296,4.98624
7378058,DC,Entire home/apt,4.38203,4.82060
6730240,LA,Entire home/apt,4.31749,4.59854
4785815,NYC,Private room,4.38203,4.52327
17591026,NYC,Entire home/apt,5.38907,5.24416
13782741,NYC,Entire home/apt,5.62762,5.48201
15774349,NYC,Entire home/apt,5.85793,6.03665
4365424,NYC,Entire home/apt,4.60517,5.18444
17448634,LA,Private room,4.24850,4.39513
3363113,NYC,Entire home/apt,5.29330,4.80938
1362512,NYC,Private room,4.44265,4.51090
18323408,LA,Private room,4.30407,4.41141
14936966,LA,Private room,4.47734,3.91658
18685676,LA,Entire home/apt,4.60517,4.60811
16696566,Boston,Entire home/apt,5.29832,5.40941
14202881,NYC,Entire home/apt,5.29330,5.03288
1320550,Boston,Entire home/apt,4.90527,4.93164
6947017,LA,Private room,4.09434,4.18755
9540974,NYC,Private room,3.91202,4.26436
20888611,LA,Private room,4.31749,4.45348
4807923,NYC,Private room,4.07754,4.30515
15458745,NYC,Private room,4.17439,4.53507
17463196,NYC,Private room,4.55388,4.22055
5632644,LA,Private room,3.89182,4.01274
626139,LA,Entire home/apt,4.99043,5.01739
10086315,NYC,Shared room,4.44265,4.04036
16843986,LA,Entire home/apt,5.85793,6.04087
16225988,DC,Entire home/apt,5.52146,5.03248
19875381,NYC,Entire home/apt,5.68698,5.33071
6052154,NYC,Private room,4.17439,4.31935
3957979,DC,Entire home/apt,5.07517,4.96396
16529413,NYC,Entire home/apt,4.49981,4.80009
17400624,NYC,Shared room,5.07517,4.28301
4616040,SF,Private room,4.78749,4.60155
3294775,NYC,Entire home/apt,4.38203,4.71878
20588208,Chicago,Private room,4.09434,3.84814
6543687,NYC,Entire home/apt,6.74524,5.73950
13332282,DC,Entire home/apt,6.10925,5.65023
12250503,NYC,Private room,4.82831,4.60932
13982393,Chicago,Entire home/apt,5.70044,5.72203
12104698,NYC,Entire home/apt,4.97673,5.19088
18178518,Chicago,Entire home/apt,4.59512,4.69193
17902362,SF,Entire home/apt,6.21461,6.76998
15006903,NYC,Entire home/apt,4.60517,4.83495
12304523,LA,Shared room,4.07754,3.75339
17684067,Chicago,Entire home/apt,5.68698,5.83686
8174397,NYC,Private room,4.31749,4.21134
15941975,LA,Private room,4.60517,4.02106
252300,Chicago,Entire home/apt,4.69135,5.21942
18361564,NYC,Entire home/apt,5.41610,5.71390
18016642,LA,Entire home/apt,5.41610,5.31634
8069792,NYC,Private room,4.00733,3.92063
8195358,SF,Entire home/apt,5.29832,5.97987
698357,SF,Entire home/apt,5.70044,5.40279
18581982,LA,Entire home/apt,4.77912,4.69973
1068505,NYC,Private room,3.68888,3.84568
1884610,Chicago,Entire home/apt,4.35671,4.63452
1574589,LA,Entire home/apt,4.55388,4.57228
10675218,NYC,Private room,4.23411,4.22720
12988898,SF,Entire home/apt,5.50939,5.61141
6226553,NYC,Private room,5.01064,4.40280
17544252,LA,Private room,3.80666,3.81601
14468453,LA,Entire home/apt,5.01064,4.96227
21070094,LA,Entire home/apt,5.52146,5.30618
16401975,SF,Private room,4.30407,5.00411
13715386,Chicago,Private room,3.91202,4.09662
8012745,NYC,Entire home/apt,4.90527,4.93550
4469527,Chicago,Entire home/apt,5.85793,5.66502
18582421,NYC,Entire home/apt,4.70048,4.62979
7033007,LA,Private room,5.01064,4.60247
5328461,NYC,Private room,4.35671,4.12363
4729142,Boston,Entire home/apt,5.85507,5.28152
20437233,NYC,Entire home/apt,5.53733,5.39933
19329404,NYC,Entire home/apt,4.49981,4.92922
17286324,DC,Entire home/apt,4.90527,4.81193
16173720,NYC,Entire home/apt,5.41610,5.24853
18477167,DC,Entire home/apt,5.97889,6.00020
19075635,NYC,Entire home/apt,5.14749,5.17290
731333,NYC,Entire home/apt,5.16479,5.12966
17625449,LA,Private room,4.09434,4.18283
147078,DC,Entire home/apt,4.82831,5.08072
6866084,NYC,Private room,4.24850,4.23252
20758299,LA,Entire home/apt,4.48864,4.32417
10555158,SF,Entire home/apt,6.54965,6.39741
4974709,DC,Entire home/apt,4.89784,5.07403
7953645,NYC,Entire home/apt,5.61677,5.37953
14016053,NYC,Private room,3.91202,3.71478
12867911,LA,Private room,3.80666,3.64734
10057826,NYC,Private room,4.77068,4.52693
1856219,SF,Entire home/apt,6.43775,6.18303
16019271,NYC,Private room,4.58497,4.43212
6346496,SF,Shared room,3.68888,4.16220
18041862,NYC,Private room,4.70048,4.31056
4225708,LA,Entire home/apt,4.44265,4.58127
13024049,NYC,Private room,4.38203,4.21486
19951624,NYC,Private room,3.66356,3.97898
3643673,NYC,Private room,4.38203,4.84977
1168086,LA,Private room,4.29046,4.49998
20068380,DC,Entire home/apt,4.24850,5.16839
7532067,Boston,Entire home/apt,6.17379,5.66067
13803786,NYC,Entire home/apt,4.70048,4.84963
20366399,LA,Private room,4.38203,4.32502
10107689,LA,Private room,5.48064,4.72425
7998215,NYC,Entire home/apt,5.85507,5.88970
5590966,Boston,Entire home/apt,4.91265,5.30383
13797041,NYC,Entire home/apt,4.96981,5.05688
15265633,NYC,Private room,3.95124,4.14954
11058826,LA,Entire home/apt,6.10702,6.21449
16392756,NYC,Private room,4.24850,4.25328
13511037,LA,Entire home/apt,4.78749,4.61439
343200,DC,Entire home/apt,4.35671,4.60766
14761178,NYC,Private room,4.60517,4.50316
17942678,Boston,Private room,4.59512,4.76071
20640089,NYC,Entire home/apt,4.86753,5.41859
16935363,SF,Private room,4.68213,4.78181
9173352,LA,Private room,3.55535,3.68309
14808832,Chicago,Private room,4.09434,4.09112
11183878,LA,Private room,4.60517,4.42722
19991354,Chicago,Entire home/apt,4.06044,4.75706
17826359,LA,Entire home/apt,3.91202,4.71078
19592365,LA,Private room,3.80666,4.20280
13821216,NYC,Entire home/apt,6.35437,5.69621
1846580,NYC,Private room,3.21888,3.86058
77428,SF,Private room,4.86753,4.68404
11084143,LA,Private room,3.91202,3.60406
18960939,NYC,Entire home/apt,4.70048,5.09058
36934,LA,Shared room,4.06044,3.58340
16506330,NYC,Private room,4.55388,4.57118
14933222,Boston,Private room,4.07754,4.13647
6108439,Boston,Entire home/apt,5.06890,4.90359
5270345,NYC,Entire home/apt,4.65396,4.90600
8485066,LA,Shared room,4.44265,3.91955
14030004,NYC,Entire home/apt,4.82028,5.16295
16462028,Chicago,Entire home/apt,4.62497,4.99106
11760308,NYC,Entire home/apt,4.67283,5.11314
2465623,LA,Entire home/apt,5.00395,5.00977
4127524,NYC,Entire home/apt,5.29832,4.90291
21079521,NYC,Private room,4.55388,4.75271
19923648,NYC,Entire home/apt,4.86753,4.74408
1072235,NYC,Private room,4.55388,4.53519
16297598,NYC,Private room,3.89182,4.41864
6489209,NYC,Private room,4.38203,4.15157
12400790,LA,Entire home/apt,5.16479,6.15511
8342917,NYC,Private room,3.80666,4.27648
16425386,NYC,Private room,4.20469,4.19023
12784858,NYC,Entire home/apt,4.38203,4.39503
2188976,LA,Private room,4.44265,4.17407
6169292,DC,Entire home/apt,4.59512,5.01561
19587539,NYC,Private room,4.55388,4.23107
20216776,LA,Private room,3.91202,4.17629
13729692,NYC,Private room,4.78749,4.85079
4831365,NYC,Entire home/apt,4.59512,5.15953
17653661,LA,Entire home/apt,5.59099,5.97884
17788637,DC,Entire home/apt,6.90776,6.81506
5785631,LA,Shared room,3.40120,4.23977
4393720,NYC,Private room,4.47734,4.67983
18601511,NYC,Private room,4.38203,4.14894
14222870,DC,Private room,5.29330,4.25589
10387839,LA,Entire home/apt,4.74493,4.72487
16719568,DC,Private room,3.91202,4.00287
6924695,DC,Entire home/apt,4.44265,5.20479
4297539,NYC,Entire home/apt,5.10595,5.08256
6750168,LA,Private room,4.60517,4.42874
6660272,NYC,Entire home/apt,4.86753,5.03542
1397485,NYC,Private room,5.16479,5.27872
9233491,NYC,Entire home/apt,5.13580,5.01082
437906,NYC,Entire home/apt,4.78749,4.82251
12169118,NYC,Entire home/apt,5.43372,5.65248
12355067,NYC,Entire home/apt,4.55388,4.40462
14421859,LA,Entire home/apt,4.59512,4.55225
11903561,LA,Private room,4.23411,4.15395
16752592,Chicago,Entire home/apt,5.01064,4.85754
20845108,LA,Private room,4.24850,4.26516
6761717,SF,Entire home/apt,6.68461,5.92188
7805903,Boston,Entire home/apt,4.72739,4.86477
17180316,NYC,Entire home/apt,4.60517,5.37799
13458840,DC,Entire home/apt,4.55388,4.75108
1309354,Chicago,Private room,4.43082,4.13947
18240512,NYC,Entire home/apt,4.44265,4.59864
13795756,LA,Entire home/apt,4.29046,4.60563
2251009,LA,Entire home/apt,4.68213,4.76458
7825436,NYC,Entire home/apt,5.85793,5.69139
2000710,NYC,Private room,4.76217,4.68423
5905141,Chicago,Entire home/apt,5.52146,5.71878
738493,LA,Entire home/apt,4.86753,4.93039
4140622,DC,Entire home/apt,5.55683,4.98276
14821131,NYC,Entire home/apt,5.85793,5.50147
14135904,NYC,Private room,3.43399,4.06998
1593444,LA,Private room,3.85015,4.48335
9275715,LA,Private room,4.31749,4.45273
12191648,NYC,Entire home/apt,5.00395,5.01291
19587075,NYC,Private room,4.68213,4.33878
16686775,NYC,Private room,4.31749,4.16547
13715446,LA,Entire home/apt,4.78749,4.65897
914968,NYC,Private room,4.70048,4.72478
19523894,NYC,Entire home/apt,5.24702,5.25480
11243234,SF,Entire home/apt,5.96615,5.86193
19343994,DC,Entire home/apt,5.29832,5.24576
13266298,DC,Private room,4.12713,4.01513
7472513,SF,Entire home/apt,5.51745,5.28423
15050192,NYC,Private room,3.55535,3.89442
18975092,LA,Entire home/apt,5.11199,5.15720
16230962,NYC,Private room,4.00733,4.17347
20794837,LA,Entire home/apt,6.30992,5.84845
17254708,SF,Entire home/apt,7.20786,5.66935
15684608,LA,Private room,4.21951,4.16395
7247646,LA,Entire home/apt,5.37064,5.60932
13544257,LA,Entire home/apt,5.78383,5.09618
9426756,LA,Entire home/apt,7.17012,6.67329
9044053,NYC,Private room,4.82831,4.42676
18366942,LA,Entire home/apt,5.12990,4.89295
19530271,NYC,Entire home/apt,5.07517,5.12473
8552616,NYC,Entire home/apt,5.12396,5.09749
2045379,LA,Private room,4.47734,4.22226
20603933,LA,Shared room,3.21888,3.19156
16789841,LA,Private room,3.87120,4.06819
16689391,NYC,Entire home/apt,5.13580,4.95423
6622855,DC,Entire home/apt,5.16479,6.01386
9729452,NYC,Shared room,4.00733,3.87798
8630500,DC,Entire home/apt,4.64439,5.12823
18111717,LA,Entire home/apt,6.10702,5.96188
19747940,NYC,Entire home/apt,5.07517,4.86209
14592142,NYC,Shared room,3.40120,3.79575
14503513,LA,Entire home/apt,5.37064,5.14271
13653016,NYC,Private room,4.49981,4.33814
9976264,LA,Entire home/apt,4.76217,4.97993
6959972,NYC,Private room,4.60517,4.41618
3494606,Chicago,Private room,4.38203,4.43916
16264010,LA,Entire home/apt,6.10925,6.11798
12850911,Boston,Entire home/apt,4.93447,4.86738
21028467,LA,Private room,4.21951,4.28060
15381099,NYC,Private room,4.55388,4.36054
6758759,Boston,Entire home/apt,5.25227,5.13654
10052512,LA,Private room,4.36945,4.27797
19872862,NYC,Entire home/apt,4.51086,4.92321
1183032,NYC,Shared room,4.31749,4.66938
16289847,NYC,Private room,5.52146,5.17797
13653009,Boston,Entire home/apt,5.13580,5.68290
1787067,NYC,Entire home/apt,4.78749,4.92837
10984202,NYC,Private room,4.17439,3.96962
19343430,LA,Private room,4.44265,4.04766
8886054,LA,Entire home/apt,4.56435,4.88395
8865708,Boston,Private room,4.23411,4.41195
16018159,SF,Private room,6.30992,4.93701
16643671,Boston,Entire home/apt,5.17615,5.73846
14636957,LA,Private room,4.49981,4.32778
15179471,Boston,Entire home/apt,5.85793,5.28641
744237,SF,Private room,5.29832,4.69396
18312487,NYC,Private room,4.07754,4.04338
21025249,NYC,Entire home/apt,5.01064,4.93771
8907012,Chicago,Entire home/apt,4.44265,4.79721
5442512,Chicago,Private room,4.24850,4.29728
8842682,LA,Private room,3.97029,4.25381
10889404,DC,Private room,4.09434,4.05869
17344184,LA,Entire home/apt,4.65396,4.75788
10102689,LA,Private room,4.21951,4.11473
12732885,NYC,Entire home/apt,5.01064,4.94242
11209722,SF,Entire home/apt,4.82831,4.82223
15903455,LA,Entire home/apt,5.67675,4.96749
11620002,Boston,Entire home/apt,5.41610,5.21885
5163082,DC,Entire home/apt,5.06890,6.03918
18058045,LA,Entire home/apt,6.21461,6.81796
9534367,NYC,Private room,4.09434,4.10517
1428359,NYC,Entire home/apt,4.65396,4.94253
20240795,NYC,Private room,4.44265,4.16210
20933839,DC,Private room,4.31749,4.17759
3018285,NYC,Entire home/apt,5.29832,5.28219
3168377,SF,Private room,4.44265,4.33531
10311667,NYC,Entire home/apt,4.31749,5.00227
12827123,NYC,Entire home/apt,5.29330,5.44741
16396775,NYC,Private room,3.55535,4.05309
14385921,NYC,Entire home/apt,4.38203,4.80531
13623257,NYC,Private room,4.48864,4.60307
7760576,NYC,Private room,4.09434,4.11243
15395539,SF,Entire home/apt,6.20456,4.82046
20026821,NYC,Private room,4.30407,4.31205
15723075,NYC,Entire home/apt,4.52179,4.93175
16236689,NYC,Entire home/apt,5.13580,5.08266
9164334,NYC,Entire home/apt,5.52146,5.31376
14144867,LA,Private room,5.52146,4.58394
6452251,NYC,Private room,4.58497,4.01453
12489994,NYC,Entire home/apt,5.01064,4.83562
7694559,NYC,Entire home/apt,4.82831,4.98655
12192041,NYC,Entire home/apt,5.24702,5.03316
4258959,NYC,Private room,4.24850,4.46574
5905726,LA,Private room,4.55388,4.45949
9828004,Boston,Private room,3.36730,3.98088
16241509,DC,Entire home/apt,4.60517,4.97603
13686713,Chicago,Entire home/apt,4.74493,4.63702
19160403,NYC,Private room,4.09434,4.41994
13115304,Chicago,Private room,4.44265,4.13719
11612412,SF,Private room,4.48864,4.25150
8151536,NYC,Entire home/apt,5.01064,5.65094
6668334,NYC,Private room,4.31749,4.13907
886668,SF,Private room,6.89568,4.93676
19218847,LA,Private room,4.24850,4.26150
5557135,LA,Private room,4.09434,4.68024
10814493,SF,Entire home/apt,5.41610,5.80371
18499050,NYC,Private room,3.91202,4.03576
17940242,SF,Private room,4.85203,4.85730
18056081,LA,Entire home/apt,5.24175,5.18824
8210840,Chicago,Entire home/apt,5.34711,5.47099
19332414,NYC,Entire home/apt,5.78383,5.60898
14261371,NYC,Private room,4.24850,4.41331
13379302,LA,Entire home/apt,4.36945,4.39514
16424924,NYC,Private room,4.49981,4.61612
31525,LA,Private room,3.68888,3.99761
18793633,NYC,Entire home/apt,5.59471,5.44339
14428036,LA,Entire home/apt,6.89770,6.02935
8055582,SF,Entire home/apt,4.82831,4.95251
15258106,LA,Entire home/apt,4.38203,4.70075
13265710,NYC,Private room,5.17048,5.08983
5774815,NYC,Private room,3.68888,3.77834
18648591,NYC,Entire home/apt,5.70378,5.72496
1663504,NYC,Entire home/apt,5.22036,5.30923
2007101,NYC,Private room,4.04305,4.13752
12624890,NYC,Entire home/apt,6.21461,6.37302
18489592,NYC,Entire home/apt,4.85981,4.78657
12986767,DC,Private room,4.27667,4.32699
17364506,LA,Private room,3.80666,4.09155
1692823,DC,Private room,4.70048,4.48035
21010568,LA,Private room,4.38203,4.27715
6184764,LA,Entire home/apt,4.54329,4.65023
6247466,SF,Private room,4.54329,4.39691
16328160,NYC,Entire home/apt,5.63479,5.72010
9145150,NYC,Entire home/apt,5.24175,5.28840
19240100,NYC,Private room,4.55388,4.35419
6354789,LA,Shared room,4.17439,3.70047
16283024,NYC,Private room,4.38203,4.14089
15222523,NYC,Entire home/apt,5.27300,5.21613
9168586,LA,Entire home/apt,5.42935,5.24579
18714333,LA,Entire home/apt,4.94164,5.01417
18153026,DC,Entire home/apt,4.58497,4.60449
17367804,NYC,Entire home/apt,5.41610,5.11504
15632392,LA,Entire home/apt,4.17439,4.65918
16154904,NYC,Entire home/apt,5.41610,5.21189
9738899,NYC,Entire home/apt,4.17439,4.93787
13533471,NYC,Entire home/apt,5.16479,5.04012
20513746,Chicago,Private room,4.31749,4.33515
7809878,LA,Entire home/apt,4.78749,4.51134
15309052,LA,Entire home/apt,5.07517,5.00306
9616453,LA,Entire home/apt,4.90527,4.79604
8311292,NYC,Entire home/apt,5.13580,5.08558
20652600,NYC,Entire home/apt,4.73620,5.09976
9597629,NYC,Private room,3.91202,3.97345
13558325,NYC,Entire home/apt,4.93447,4.90881
9370538,NYC,Entire home/apt,5.34711,5.24092
3688197,NYC,Private room,4.48864,4.34759
1826701,LA,Private room,4.82831,4.82036
15824158,LA,Private room,3.55535,3.82219
11419164,LA,Entire home/apt,5.51745,5.82015
14551241,NYC,Entire home/apt,4.78749,4.93600
1117349,LA,Entire home/apt,5.52146,5.44331
16492692,LA,Private room,3.95124,4.34739
14999877,LA,Entire home/apt,4.29046,4.31080
18738629,LA,Entire home/apt,4.57471,4.86635
16861419,NYC,Private room,4.78749,4.70019
18680010,DC,Entire home/apt,4.38203,4.35106
9810696,SF,Private room,4.52179,4.57068
3172084,DC,Private room,5.01064,5.32049
18286861,NYC,Entire home/apt,4.78749,5.18711
1633624,LA,Entire home/apt,5.10595,5.48838
4651112,Chicago,Entire home/apt,5.10595,5.23926
17543905,DC,Entire home/apt,7.46680,6.17728
18805749,SF,Entire home/apt,4.36945,4.53873
5400418,NYC,Private room,3.40120,4.10089
20862766,LA,Entire home/apt,5.24175,5.33560
18769652,NYC,Entire home/apt,4.31749,4.74395
14844734,NYC,Private room,4.17439,3.81346
17895097,NYC,Private room,5.16479,4.58922
12289538,NYC,Entire home/apt,5.39363,5.28230
793951,NYC,Private room,4.09434,4.14921
10612199,NYC,Private room,4.31749,4.16288
14556634,LA,Entire home/apt,4.11087,4.45814
12560205,LA,Entire home/apt,5.01064,5.32004
19709078,NYC,Private room,4.60517,4.34113
12549290,NYC,Private room,5.29330,5.28252
4211459,NYC,Private room,4.49981,4.32994
9200074,LA,Entire home/apt,4.70953,4.48775
17142702,LA,Private room,4.24850,4.47564
15926884,SF,Entire home/apt,4.97673,5.15283
15410789,DC,Entire home/apt,4.55388,4.60291
9157775,NYC,Entire home/apt,4.90527,5.03585
19122672,NYC,Entire home/apt,5.70378,5.61333
20209051,LA,Entire home/apt,5.10595,4.82657
6477671,NYC,Entire home/apt,4.78749,4.69275
8906226,SF,Entire home/apt,5.19296,5.09288
727814,NYC,Entire home/apt,6.30992,5.80552
4873585,LA,Private room,4.59512,4.13878
15915159,NYC,Entire home/apt,4.86753,5.01503
14092719,LA,Entire home/apt,5.07517,4.70245
18211308,LA,Private room,4.00733,4.39956
9249776,LA,Entire home/apt,5.01064,4.60209
8867383,NYC,Entire home/apt,5.32788,5.30527
2989394,NYC,Private room,4.06044,4.07049
19691853,Chicago,Entire home/apt,4.82831,4.82056
5498236,LA,Entire home/apt,4.38203,4.71045
2657689,LA,Entire home/apt,5.82895,5.98295
7264736,NYC,Entire home/apt,5.52146,5.39836
16820669,NYC,Entire home/apt,4.70048,5.01792
18371645,NYC,Entire home/apt,4.93447,5.60350
7134138,Boston,Private room,3.91202,4.10911
48719,NYC,Shared room,3.46574,3.76876
15287254,SF,Private room,4.35671,4.69966
18545695,DC,Private room,4.09434,4.36597
10000549,NYC,Entire home/apt,6.54965,6.40506
7745578,SF,Entire home/apt,6.39693,6.26833
11869989,NYC,Entire home/apt,5.16479,5.80701
14040591,NYC,Private room,4.09434,4.11500
17873248,SF,Private room,4.94164,5.31795
1923226,LA,Entire home/apt,4.44265,4.48235
16826968,NYC,Entire home/apt,5.12990,5.17118
14162709,Chicago,Entire home/apt,4.65396,4.57768
253471,LA,Entire home/apt,5.18739,5.41369
7071928,NYC,Entire home/apt,4.93447,4.75087
12175961,NYC,Entire home/apt,4.49981,4.64477
13642901,Boston,Private room,3.55535,3.75613
18040708,LA,Private room,4.59512,4.47509
15664943,NYC,Entire home/apt,4.24850,5.35789
410762,LA,Private room,5.01064,4.53287
836390,NYC,Private room,4.31749,4.26612
19912407,LA,Entire home/apt,5.85793,6.14896
3610971,NYC,Private room,4.60517,4.34883
7731215,NYC,Private room,4.31749,4.22219
18688272,NYC,Entire home/apt,2.30259,5.34919
15479556,Boston,Entire home/apt,5.61677,5.45078
5904073,NYC,Private room,4.23411,4.13468
3401083,DC,Entire home/apt,5.24175,5.39141
13063023,Chicago,Private room,3.91202,3.75016
15983356,NYC,Entire home/apt,4.82831,4.66420
17040305,LA,Entire home/apt,5.01064,4.65466
8672978,LA,Entire home/apt,5.26269,5.11723
1317612,LA,Entire home/apt,4.55388,4.70507
1461451,SF,Entire home/apt,5.29832,5.29144
18329693,Chicago,Entire home/apt,5.70044,5.41188
18330024,NYC,Private room,5.01064,4.68971
3028184,DC,Entire home/apt,4.68213,4.63806
2375169,NYC,Entire home/apt,6.90776,5.93927
8778096,NYC,Private room,3.46574,3.76598
18007534,NYC,Entire home/apt,4.94164,4.70498
15253659,LA,Private room,3.89182,4.11972
21091931,Chicago,Private room,3.58352,4.07130
16770645,NYC,Private room,4.31749,4.19471
16311341,NYC,Private room,3.97029,3.99818
21081172,NYC,Entire home/apt,5.27300,4.94189
18244125,SF,Entire home/apt,5.99146,6.06742
17254064,LA,Entire home/apt,5.29832,5.15707
11457940,DC,Private room,4.60517,4.43381
647707,NYC,Entire home/apt,4.70048,4.91972
10526664,Chicago,Private room,4.49981,4.41244
16871531,DC,Entire home/apt,5.01064,5.87547
4135876,LA,Shared room,4.24850,4.35001
1984709,NYC,Entire home/apt,6.10925,5.53076
20583443,DC,Private room,5.70378,5.03592
17225025,NYC,Private room,4.60517,4.78065
3686972,NYC,Entire home/apt,5.01064,5.26994
15325434,LA,Entire home/apt,5.29832,4.84525
8132642,LA,Private room,3.66356,3.91308
17435480,LA,Entire home/apt,5.24175,5.31127
850517,Boston,Private room,4.44265,4.30327
13532633,NYC,Entire home/apt,4.27667,4.40410
9435503,NYC,Entire home/apt,5.41610,5.55845
4081570,LA,Entire home/apt,4.74493,4.83883
16026135,LA,Entire home/apt,5.24175,4.89481
9031786,NYC,Entire home/apt,4.70048,4.73866
6763409,LA,Private room,4.12713,3.84339
18310071,NYC,Private room,4.14313,4.28755
6952855,DC,Private room,4.70048,4.90114
16301012,NYC,Entire home/apt,5.52146,5.57893
15422826,NYC,Private room,5.07517,4.67228
12741916,LA,Private room,4.86753,4.62343
13282385,SF,Entire home/apt,5.41610,5.40802
17556436,Chicago,Private room,3.91202,4.14349
13882846,Chicago,Private room,3.80666,4.22576
7974287,LA,Entire home/apt,4.31749,4.47670
18546383,LA,Private room,3.89182,4.07735
14089118,LA,Private room,4.21951,4.13293
9590679,NYC,Entire home/apt,5.23111,4.92670
16189889,NYC,Private room,3.49651,3.68627
6988794,DC,Entire home/apt,4.00733,4.37403
16740225,Chicago,Private room,4.44265,4.34527
1941534,NYC,Private room,3.80666,4.39580
4032528,NYC,Entire home/apt,5.22036,4.88532
6342320,Boston,Private room,4.44265,4.32751
14473014,LA,Entire home/apt,4.20469,4.85444
2446485,LA,Entire home/apt,5.01064,4.79738
8200705,LA,Shared room,3.29584,3.87095
18659049,NYC,Private room,4.24850,4.12166
20096504,LA,Entire home/apt,3.91202,4.45266
13083240,LA,Entire home/apt,4.20469,4.34135
14732141,NYC,Private room,4.31749,4.02023
19458851,NYC,Entire home/apt,5.07517,5.29868
1696544,LA,Shared room,3.40120,3.48552
16895063,NYC,Private room,6.39693,5.49351
3685300,NYC,Private room,4.09434,4.45710
18211018,NYC,Private room,4.17439,4.60561
17845507,Chicago,Entire home/apt,4.94164,4.96928
15302477,LA,Shared room,3.73767,3.72937
2716929,DC,Private room,4.24850,4.40060
17045824,SF,Entire home/apt,5.68698,5.23626
16777938,NYC,Private room,4.49981,4.36534
13782517,LA,Private room,4.00733,4.29061
15888446,NYC,Private room,4.74493,4.60681
13394553,NYC,Entire home/apt,5.03044,4.42388
5003334,NYC,Private room,4.29046,4.43653
5213238,LA,Entire home/apt,2.30259,5.31006
8518878,NYC,Entire home/apt,4.67283,4.78121
5299177,NYC,Entire home/apt,5.01064,4.99937
15716242,LA,Entire home/apt,4.82831,5.23686
535872,NYC,Private room,4.31749,4.47437
10498164,LA,Private room,4.38203,3.91997
12824498,NYC,Private room,3.68888,4.23172
13372958,LA,Entire home/apt,4.60517,5.04120
18444041,Boston,Entire home/apt,5.22575,5.12359
19709550,NYC,Private room,3.68888,4.04591
9474629,Chicago,Shared room,4.38203,3.90273
12197960,NYC,Private room,4.31749,3.93278
19574233,DC,Private room,5.82895,6.19708
8696684,NYC,Private room,5.29832,3.95031
6269608,NYC,Entire home/apt,4.55388,4.46751
5252913,LA,Private room,5.01064,4.66166
5268298,LA,Entire home/apt,4.44265,4.45459
13658697,LA,Entire home/apt,4.34381,4.41595
15658924,Chicago,Private room,3.61092,4.05069
6481618,NYC,Shared room,3.91202,3.91516
5047396,SF,Entire home/apt,5.00395,4.98534
13068133,NYC,Private room,3.91202,3.96569
19242572,NYC,Private room,4.38203,4.29579
16596541,NYC,Entire home/apt,5.22036,4.97699
20888699,LA,Entire home/apt,5.61677,5.36436
7116305,Chicago,Entire home/apt,5.48064,5.49164
1566146,NYC,Entire home/apt,6.58617,6.27744
16427158,LA,Entire home/apt,4.55388,4.48361
17532802,NYC,Entire home/apt,5.70378,5.53292
18793315,NYC,Private room,4.60517,4.85177
1201362,NYC,Entire home/apt,5.01064,5.46834
2626457,DC,Entire home/apt,5.00395,5.07973
13375642,LA,Private room,4.31749,4.39312
15222876,NYC,Private room,4.44265,4.28633
14679817,NYC,Entire home/apt,5.01064,5.71347
2728951,Chicago,Private room,3.91202,3.98109
10279086,DC,Entire home/apt,6.90776,4.69623
8089256,NYC,Private room,3.91202,4.16527
16282091,LA,Private room,4.38203,4.02878
11701006,LA,Private room,4.36945,4.39669
21110019,SF,Private room,4.55388,4.60022
15084767,NYC,Private room,4.90527,4.46964
20557448,LA,Private room,3.91202,4.19002
76561,LA,Entire home/apt,5.06890,5.20368
8848215,NYC,Private room,4.31749,4.11612
18383599,LA,Entire home/apt,4.78749,4.45001
14672054,LA,Entire home/apt,6.21461,5.61009
13605167,LA,Shared room,5.01064,4.18284
2661063,Chicago,Entire home/apt,5.16479,4.90850
16200956,NYC,Private room,4.49981,4.45508
17956381,NYC,Private room,4.97673,4.38843
15042381,NYC,Entire home/apt,5.41610,5.03590
101633,SF,Private room,4.60517,4.22051
19867954,NYC,Entire home/apt,4.60517,4.77196
7068504,SF,Entire home/apt,4.97673,5.03314
9995011,NYC,Entire home/apt,6.55108,6.25570
9250731,NYC,Private room,4.38203,4.39733
571564,LA,Entire home/apt,4.86753,4.55876
5920679,NYC,Private room,4.33073,4.62688
9556796,LA,Private room,4.58497,4.57120
16536158,NYC,Entire home/apt,4.45435,5.05699
4244685,NYC,Shared room,4.00733,4.03494
7115991,LA,Private room,3.98898,4.29052
16409046,NYC,Private room,4.17439,4.20157
6557701,LA,Private room,4.31749,4.35127
1898398,LA,Private room,4.90527,4.35715
840797,NYC,Entire home/apt,5.70378,5.80440
74680,LA,Private room,4.38203,4.45020
15718208,NYC,Private room,3.80666,3.89539
16405126,NYC,Entire home/apt,4.82028,4.69646
2102137,NYC,Private room,3.40120,4.13146
14992784,SF,Entire home/apt,5.19296,5.73116
5079011,NYC,Entire home/apt,5.50533,5.30212
10473301,LA,Private room,4.39445,4.65398
15941718,NYC,Entire home/apt,4.82831,4.96685
18227315,SF,Private room,4.59512,5.15135
8383833,NYC,Entire home/apt,5.24175,5.17250
4538726,NYC,Entire home/apt,6.30992,5.88222
1086784,NYC,Entire home/apt,4.78749,4.81173
13191167,DC,Entire home/apt,4.55388,4.55436
1841796,LA,Entire home/apt,5.34711,4.98133
11003247,NYC,Private room,4.38203,4.34621
4261628,Chicago,Entire home/apt,5.61677,5.25016
17802334,SF,Private room,5.27300,4.43777
4662889,LA,Entire home/apt,4.77068,4.57100
18003918,LA,Private room,4.52179,4.46290
12904375,LA,Entire home/apt,4.70048,4.66193
21040077,Chicago,Entire home/apt,5.24175,4.74825
14482126,NYC,Entire home/apt,4.90527,4.97529
6346607,NYC,Entire home/apt,4.00733,4.29068
18356204,Boston,Private room,3.82864,4.20154
9505686,Chicago,Entire home/apt,4.40672,4.74365
10233048,NYC,Entire home/apt,5.76519,5.37767
10360180,Chicago,Private room,4.59512,4.75073
10850026,NYC,Shared room,4.15888,3.59968
16560065,NYC,Private room,3.80666,3.88665
12430153,Boston,Entire home/apt,5.29832,5.25482
8757614,Boston,Private room,4.80402,4.62822
9630295,NYC,Private room,4.20469,4.22109
8412570,LA,Private room,4.44265,4.33085
20396246,LA,Entire home/apt,5.70378,5.34585
11824639,NYC,Entire home/apt,4.97673,5.25248
3768743,NYC,Entire home/apt,5.70378,5.64058
14262360,LA,Private room,4.24850,4.24978
16896717,LA,Private room,4.17439,4.21724
12857184,LA,Entire home/apt,5.97889,6.09405
19139971,Chicago,Entire home/apt,5.29330,5.01186
6292515,LA,Entire home/apt,4.78749,4.68209
16614924,NYC,Entire home/apt,5.99146,6.25901
14984264,NYC,Entire home/apt,4.74493,5.14414
6574537,NYC,Entire home/apt,4.82831,5.08999
6491278,NYC,Entire home/apt,5.29832,4.90053
15302130,NYC,Private room,5.01064,4.90048
714028,NYC,Private room,3.97029,3.79854
19550759,NYC,Entire home/apt,5.29832,5.49865
7459253,Chicago,Private room,3.91202,4.19140
12057141,NYC,Private room,4.09434,4.05496
2707726,NYC,Entire home/apt,5.16479,4.91103
16230760,NYC,Private room,3.68888,4.04027
11489559,Chicago,Private room,3.66356,4.40177
13032893,NYC,Entire home/apt,5.01064,5.04594
14107977,LA,Entire home/apt,5.13580,5.13712
1664530,Chicago,Entire home/apt,4.00733,4.59084
4480793,LA,Private room,3.89182,3.94907
19431100,NYC,Private room,3.85015,3.98431
2076018,NYC,Private room,4.24850,4.15785
17735663,SF,Entire home/apt,5.12990,5.35981
16647712,LA,Private room,3.55535,4.05261
19163888,DC,Private room,4.82831,4.16561
1828063,Boston,Entire home/apt,5.78074,5.50815
14655287,NYC,Private room,3.52636,3.73586
7148228,DC,Private room,5.00395,4.52006
13846934,NYC,Private room,4.38203,4.80738
7054637,LA,Entire home/apt,4.54329,4.93593
16426123,SF,Private room,4.06044,4.89522
16457121,NYC,Private room,4.58497,4.35824
19880329,NYC,Shared room,3.33220,3.41616
13753623,NYC,Entire home/apt,4.60517,5.28375
8817917,NYC,Private room,5.22036,4.96588
5652903,NYC,Entire home/apt,4.55388,4.56641
7804337,LA,Entire home/apt,4.48864,4.72648
9918524,DC,Entire home/apt,5.12396,4.66581
15913046,LA,Private room,4.82831,4.32894
21107821,NYC,Private room,4.24850,4.21234
14867398,SF,Private room,5.52146,5.47328
16516624,SF,Private room,4.55388,4.51569
7660047,LA,Private room,4.31749,4.26124
2046552,Boston,Entire home/apt,5.22036,5.34656
1865992,NYC,Private room,3.91202,4.17819
19843819,LA,Private room,4.17439,4.18140
15901362,SF,Entire home/apt,5.29832,5.29061
231145,NYC,Private room,5.29832,4.76807
1484149,NYC,Entire home/apt,5.16479,5.12566
21140716,LA,Entire home/apt,5.51745,5.61437
16155048,NYC,Entire home/apt,5.46806,5.70741
9725728,Chicago,Entire home/apt,5.29330,5.29282
11928505,Boston,Entire home/apt,4.97673,5.30097
9543502,NYC,Private room,4.74493,4.18964
15654230,NYC,Private room,5.29832,4.44749
20395432,Chicago,Entire home/apt,6.21461,5.32551
20920690,LA,Entire home/apt,5.18739,5.07583
137546,Boston,Private room,5.01064,4.69710
13040157,LA,Entire home/apt,5.22036,5.40978
342965,NYC,Entire home/apt,5.85507,5.66992
6248335,SF,Entire home/apt,6.39693,6.11138
1027368,LA,Entire home/apt,5.31812,5.27159
17483703,NYC,Entire home/apt,4.53260,4.68312
14994786,LA,Entire home/apt,5.04343,5.39513
10755367,NYC,Private room,5.68698,5.15562
6005207,LA,Entire home/apt,5.85793,5.70497
19547267,NYC,Private room,3.80666,4.01773
2863457,LA,Entire home/apt,4.96284,5.19987
16976369,SF,Private room,5.99146,5.19126
15910220,SF,Private room,5.52146,5.14080
5693879,NYC,Private room,4.82831,4.75642
12286410,NYC,Private room,4.59512,4.58549
4978610,NYC,Entire home/apt,5.29832,5.21818
4084195,LA,Entire home/apt,4.60517,4.63773
20763209,SF,Entire home/apt,4.48864,5.00989
11017732,DC,Entire home/apt,4.82831,4.89936
8497258,LA,Entire home/apt,6.68336,6.21416
12225502,LA,Entire home/apt,4.86753,4.97159
12138414,LA,Entire home/apt,6.62007,5.78368
18006063,NYC,Entire home/apt,5.29330,5.34190
3077524,NYC,Private room,3.80666,3.81371
1948591,NYC,Private room,3.80666,4.23649
19455886,NYC,Entire home/apt,5.61677,5.63095
547830,NYC,Entire home/apt,4.68213,4.85370
20582971,NYC,Entire home/apt,5.03695,5.16545
13245033,NYC,Private room,3.80666,3.88341
802983,NYC,Private room,4.27667,4.47309
7325889,NYC,Private room,4.48864,4.42232
14672091,NYC,Entire home/apt,4.94164,5.13447
87284,DC,Entire home/apt,5.85793,6.14443
20856916,LA,Entire home/apt,4.44265,4.70691
14569846,Chicago,Entire home/apt,5.36598,4.67416
11591700,Chicago,Entire home/apt,4.30407,4.57705
16269755,DC,Private room,5.70378,4.97085
12990712,NYC,Entire home/apt,6.10925,6.04493
15597200,LA,Entire home/apt,4.82831,5.02978
8371674,NYC,Private room,4.00733,3.92073
7370012,NYC,Entire home/apt,4.60517,4.60020
11068674,LA,Private room,4.14313,3.97308
11482483,LA,Entire home/apt,4.36945,4.85359
3032285,LA,Entire home/apt,4.82831,4.90113
15264645,NYC,Entire home/apt,5.51343,5.45329
18701095,DC,Entire home/apt,5.08760,4.99678
12793649,SF,Entire home/apt,6.21461,5.91196
901892,Chicago,Entire home/apt,4.86753,4.86745
11363778,NYC,Private room,3.91202,3.97268
12188651,LA,Private room,4.59512,4.48787
6305506,SF,Private room,5.29832,5.25442
4781700,NYC,Private room,3.55535,3.75777
10787814,NYC,Entire home/apt,5.18739,5.27588
5545645,NYC,Entire home/apt,5.01064,5.12632
16285463,LA,Entire home/apt,4.85981,4.76709
7278514,LA,Entire home/apt,5.46806,5.16232
6317185,Boston,Entire home/apt,5.79606,5.72721
5709818,NYC,Private room,4.07754,4.22604
13298014,LA,Entire home/apt,4.59512,4.92695
10393874,Chicago,Entire home/apt,5.59842,5.20620
16391866,NYC,Private room,4.70048,4.34220
13379402,NYC,Entire home/apt,5.48064,4.85180
20914711,NYC,Entire home/apt,4.59512,4.74177
6777362,DC,Entire home/apt,4.17439,4.54655
12866504,NYC,Private room,4.48864,4.42031
16301083,LA,Entire home/apt,4.58497,4.67897
16477247,LA,Entire home/apt,4.60517,4.76585
16103920,NYC,Shared room,3.80666,3.79177
15586371,Chicago,Entire home/apt,6.05209,5.40452
6302996,DC,Entire home/apt,5.59842,5.47551
14609241,DC,Entire home/apt,6.90776,5.29572
12813068,NYC,Shared room,4.31749,4.22278
18403206,LA,Private room,3.91202,4.08926
2262763,NYC,Private room,3.89182,3.91031
18395322,Chicago,Entire home/apt,5.52146,5.50536
19180808,SF,Private room,4.48864,5.15255
1935521,NYC,Entire home/apt,5.16479,5.22515
1669744,NYC,Shared room,3.33220,3.54279
17529164,Boston,Entire home/apt,4.90527,5.10722
12631039,LA,Private room,4.07754,3.77502
19073668,NYC,Private room,4.70048,4.51064
5404201,Boston,Private room,5.01064,4.39117
13547426,NYC,Private room,4.48864,4.64805
13232917,LA,Private room,3.91202,3.94139
5272406,NYC,Entire home/apt,4.82831,4.96338
11852529,NYC,Entire home/apt,5.94280,5.62157
9210061,LA,Entire home/apt,4.31749,4.68184
19181398,NYC,Private room,5.48064,5.27640
634353,DC,Entire home/apt,5.29832,5.45842
9172166,NYC,Private room,4.17439,4.07414
18412835,LA,Private room,4.60517,4.37343
13418291,SF,Entire home/apt,5.29832,5.40217
19134387,NYC,Entire home/apt,5.29330,5.45056
4716086,DC,Private room,3.68888,3.77913
6640341,Boston,Private room,3.80666,3.87933
3642801,NYC,Entire home/apt,5.01064,4.59671
10469377,SF,Entire home/apt,5.52146,5.27274
16358306,NYC,Entire home/apt,4.65396,5.04303
15633510,NYC,Entire home/apt,4.60517,4.92238
4986881,NYC,Entire home/apt,5.52146,4.92428
4616758,NYC,Private room,3.80666,4.04053
8886036,NYC,Private room,5.10595,4.53767
13156580,LA,Private room,4.09434,4.37832
20870541,DC,Entire home/apt,6.39693,5.12722
1546518,NYC,Private room,4.00733,4.57620
8700510,DC,Private room,5.29832,4.43441
552883,LA,Entire home/apt,5.94542,5.92223
17909730,Boston,Entire home/apt,5.46806,5.20924
16403033,NYC,Entire home/apt,5.70378,5.18808
13712670,DC,Entire home/apt,6.39693,5.62677
15115532,SF,Entire home/apt,5.85507,5.48246
14177028,NYC,Private room,4.09434,4.22412
2905385,NYC,Entire home/apt,5.23111,5.48065
12270833,SF,Entire home/apt,4.70048,4.98697
9750432,NYC,Entire home/apt,5.52146,5.58647
7163781,Boston,Entire home/apt,5.22036,5.10809
10967749,LA,Entire home/apt,4.49981,4.36183
9118940,Boston,Private room,4.17439,4.44526
14217410,LA,Private room,4.09434,4.05904
12208881,DC,Entire home/apt,4.33073,4.49160
16505075,NYC,Entire home/apt,5.70378,5.50568
17126208,LA,Entire home/apt,4.94164,4.59168
11326769,LA,Entire home/apt,4.65396,4.65824
21138939,Boston,Entire home/apt,4.60517,4.69128
7026362,NYC,Private room,3.80666,3.89324
19531601,DC,Entire home/apt,5.39363,5.34791
17499961,NYC,Private room,4.90527,4.47724
16478484,NYC,Entire home/apt,5.65249,5.29520
8682644,SF,Private room,4.48864,4.19500
15411717,SF,Private room,4.17439,4.46907
4605018,DC,Entire home/apt,5.99146,5.52675
10679702,Chicago,Entire home/apt,5.85793,5.73963
7827679,LA,Entire home/apt,6.39693,5.90924
15605009,LA,Private room,4.27667,4.08599
6175506,DC,Entire home/apt,4.78749,5.44151
6020797,NYC,Entire home/apt,5.29330,6.00093
13671801,NYC,Private room,4.40672,4.25999
958599,LA,Shared room,3.49651,3.42405
20993883,SF,Entire home/apt,7.09008,6.83438
2790637,NYC,Private room,3.89182,4.65762
7982764,NYC,Entire home/apt,5.66988,5.75860
12854744,NYC,Private room,4.60517,4.60757
5811254,LA,Private room,3.80666,4.47572
16438712,LA,Entire home/apt,4.38203,4.89022
2151501,NYC,Entire home/apt,5.61677,5.48387
1843108,NYC,Entire home/apt,5.29330,5.49632
16612629,NYC,Private room,4.78749,4.43943
15682644,NYC,Private room,4.09434,4.09481
9944233,LA,Private room,4.55388,4.67277
195344,Boston,Entire home/apt,5.58725,5.21337
524239,Chicago,Private room,2.94444,3.98047
58101,Boston,Entire home/apt,5.10595,5.16905
18120475,LA,Entire home/apt,5.61677,5.88064
16631684,Boston,Entire home/apt,4.85981,5.17688
8024784,NYC,Entire home/apt,4.82831,5.02704
6425318,NYC,Entire home/apt,5.51745,5.43561
13325767,NYC,Private room,4.31749,4.03669
18890126,LA,Entire home/apt,4.82831,4.91645
515224,DC,Private room,6.47697,4.70701
9413704,LA,Private room,3.91202,4.37920
15191123,LA,Private room,3.80666,4.00187
1808497,LA,Private room,3.91202,4.16011
13619314,NYC,Private room,4.59512,4.76430
1987546,SF,Entire home/apt,4.70048,5.80263
7547497,Chicago,Entire home/apt,5.25750,5.21883
5166870,NYC,Entire home/apt,5.29832,5.27841
17000577,DC,Entire home/apt,4.44265,4.88558
3146497,NYC,Private room,4.82831,4.66718
2737853,NYC,Private room,3.91202,4.13120
12710838,NYC,Entire home/apt,4.78749,4.95195
17207010,NYC,Private room,4.35671,4.37475
17844263,Boston,Private room,4.24850,4.08239
4601641,LA,Private room,4.18965,4.15900
11374678,NYC,Private room,4.31749,4.01218
18868139,DC,Entire home/apt,4.34381,4.51136
13744,DC,Entire home/apt,5.92693,5.36047
10107717,LA,Entire home/apt,5.12990,5.26339
12973940,NYC,Private room,4.44265,4.43895
2562034,NYC,Entire home/apt,5.85793,5.41608
15106613,NYC,Private room,4.55388,4.26734
15522791,SF,Entire home/apt,5.97889,5.94924
11271660,NYC,Entire home/apt,5.52146,5.43318
19983748,SF,Entire home/apt,5.01064,5.06923
4255260,Chicago,Entire home/apt,5.85793,5.58847
18859192,NYC,Entire home/apt,5.29330,5.29366
19866106,NYC,Private room,4.09434,3.96785
17774316,DC,Entire home/apt,4.65396,4.97989
16599054,NYC,Private room,4.78749,4.47910
6944665,NYC,Entire home/apt,5.32788,5.47532
17501306,NYC,Entire home/apt,5.29832,4.92584
13659004,NYC,Entire home/apt,4.86753,4.74928
12051867,NYC,Private room,4.24850,4.13367
17222011,SF,Private room,4.38203,4.60670
14241848,LA,Private room,4.07754,4.05463
19953524,LA,Entire home/apt,5.85793,5.80797
16571490,LA,Entire home/apt,4.55388,4.89998
18416469,NYC,Entire home/apt,5.27300,5.19826
13995462,NYC,Private room,4.44265,4.37603
12253029,LA,Entire home/apt,5.85507,5.55596
9477988,SF,Private room,4.60517,4.73592
19507235,NYC,Entire home/apt,4.85981,4.94249
18097031,NYC,Entire home/apt,5.22036,5.07216
15985264,NYC,Entire home/apt,5.20949,5.08895
4710102,LA,Entire home/apt,5.92693,5.94272
20844202,NYC,Entire home/apt,4.86753,5.18082
17435782,NYC,Private room,4.60517,4.43861
16352251,LA,Private room,4.44265,3.99703
4351772,SF,Entire home/apt,5.34711,4.80219
33156,DC,Private room,4.49981,4.50259
9334343,NYC,Private room,4.34381,4.11019
8717008,Chicago,Entire home/apt,4.59512,4.75412
7287822,SF,Entire home/apt,5.76832,5.83547
4768030,NYC,Entire home/apt,5.47646,5.40710
416904,SF,Private room,4.40672,4.50354
951211,LA,Entire home/apt,5.93754,5.40688
14693485,NYC,Private room,4.49981,4.25398
3457822,Boston,Entire home/apt,4.78749,4.97118
20556938,LA,Private room,4.24850,4.01997
14928000,NYC,Entire home/apt,4.78749,4.80026
83929,NYC,Entire home/apt,5.98896,5.86076
9451988,NYC,Private room,4.70048,4.94283
5353827,SF,Private room,4.60517,4.30805
7692660,NYC,Entire home/apt,4.86753,4.57779
12027952,NYC,Entire home/apt,5.34711,4.91137
8373331,LA,Entire home/apt,4.97673,5.00530
10830834,DC,Shared room,3.80666,4.29886
4725008,NYC,Private room,5.07517,4.94103
6062220,Boston,Entire home/apt,5.16479,5.07455
9866083,Boston,Entire home/apt,5.29330,5.61945
13812808,SF,Entire home/apt,5.41610,5.26444
16284740,Boston,Entire home/apt,5.01064,4.98554
17106782,NYC,Private room,4.60517,4.73744
14501500,LA,Entire home/apt,4.57471,5.28983
14841645,LA,Entire home/apt,4.85981,5.05792
225979,SF,Entire home/apt,5.29832,5.70299
4162710,LA,Entire home/apt,5.27300,5.36908
19327623,Chicago,Private room,3.80666,3.93442
18476106,NYC,Private room,4.09434,4.11412
17995927,LA,Entire home/apt,4.31749,4.52125
9170620,NYC,Private room,3.87120,4.06445
18393654,LA,Entire home/apt,4.78749,4.95513
8188931,DC,Private room,4.24850,4.33414
20968808,DC,Entire home/apt,4.90527,4.86188
16178639,Boston,Entire home/apt,5.04343,5.12380
4119889,NYC,Private room,3.98898,4.10186
18506636,LA,Entire home/apt,5.00395,4.85554
15392272,DC,Entire home/apt,6.39693,5.54382
4022209,LA,Private room,3.68888,3.79522
17576699,SF,Private room,4.44265,4.78963
774478,LA,Entire home/apt,4.59512,4.80257
3167605,LA,Private room,3.89182,4.18390
619142,LA,Private room,4.21951,4.44865
20183695,NYC,Private room,3.91202,4.71492
2685940,NYC,Entire home/apt,5.32301,4.93118
11696214,NYC,Private room,3.80666,4.19514
9972077,DC,Entire home/apt,5.43808,4.80440
16503231,LA,Entire home/apt,4.82831,4.70946
6202174,LA,Private room,4.31749,4.35192
18617637,LA,Entire home/apt,4.35671,4.65645
16555693,LA,Private room,6.92264,4.34879
4519195,Chicago,Entire home/apt,4.77912,4.95336
8864229,NYC,Entire home/apt,5.37064,4.90327
14715080,NYC,Private room,3.80666,4.18270
16466688,NYC,Private room,4.09434,4.30733
7999409,LA,Private room,4.00733,4.07823
16752012,NYC,Private room,2.89037,3.87255
11418638,NYC,Entire home/apt,6.83195,6.16318
5828347,NYC,Private room,4.78749,4.80145
4244479,Chicago,Entire home/apt,4.09434,5.04069
7842474,DC,Entire home/apt,5.01064,4.78639
16778711,NYC,Entire home/apt,4.60517,5.20039
14093625,DC,Entire home/apt,4.47734,4.47253
1398393,NYC,Entire home/apt,5.16479,4.95617
12383437,NYC,Private room,5.29832,4.49784
15973695,LA,Entire home/apt,5.01064,4.86365
16283234,NYC,Entire home/apt,6.80239,5.94252
8720606,DC,Entire home/apt,4.82831,5.33472
16016707,LA,Entire home/apt,6.52942,6.37903
20883415,NYC,Entire home/apt,5.00395,5.16472
7844468,LA,Entire home/apt,5.21494,5.18173
10059402,NYC,Entire home/apt,5.66988,5.36074
1922497,NYC,Private room,4.09434,4.57210
19017429,NYC,Entire home/apt,4.74493,4.90326
3533604,SF,Entire home/apt,5.68698,5.18385
9049864,NYC,Entire home/apt,4.49981,4.82500
4032229,NYC,Entire home/apt,4.09434,4.37896
12609695,LA,Entire home/apt,3.91202,4.41687
2854618,NYC,Private room,4.09434,4.11482
10593261,NYC,Private room,3.89182,4.39464
11169030,NYC,Private room,3.68888,4.04623
3583605,NYC,Private room,4.18965,4.23444
14800204,LA,Shared room,2.89037,3.37848
20727858,LA,Entire home/apt,5.61677,5.58158
11563716,Boston,Shared room,4.09434,3.66384
6887043,Chicago,Shared room,3.46574,3.86384
3851623,DC,Private room,5.92693,5.12363
4652059,LA,Private room,4.60517,4.38835
20459401,LA,Private room,4.17439,4.09446
18194450,LA,Entire home/apt,4.59512,5.06875
18267345,NYC,Entire home/apt,4.82831,5.20103
6870366,Chicago,Entire home/apt,4.78749,4.75076
7173619,DC,Private room,4.30407,4.18654
13014320,SF,Entire home/apt,4.82831,5.33669
15206984,NYC,Entire home/apt,5.16479,5.18025
4191870,DC,Entire home/apt,7.31322,6.65699
17299278,LA,Private room,4.60517,4.78921
14373874,NYC,Entire home/apt,5.01064,4.65441
14875167,LA,Private room,3.73767,3.82962
16321573,NYC,Private room,4.78749,4.82930
470090,NYC,Private room,4.00733,4.11122
7383722,Boston,Shared room,4.34381,4.77033
767983,DC,Private room,4.20469,4.26958
12106818,NYC,Private room,4.17439,4.18151
13700184,DC,Entire home/apt,5.52146,5.73292
7609940,LA,Entire home/apt,4.70048,4.96586
20149972,NYC,Entire home/apt,4.78749,4.85555
10685787,LA,Entire home/apt,6.21461,5.73344
4311670,NYC,Entire home/apt,5.66296,5.71281
12515372,LA,Entire home/apt,5.01064,5.00894
5144547,SF,Private room,4.12713,4.74662
3767741,NYC,Private room,4.69135,4.94764
18314255,LA,Private room,4.24850,4.12622
3293695,NYC,Private room,4.09434,4.07832
18324608,Chicago,Entire home/apt,4.78749,4.80246
18041429,LA,Entire home/apt,5.98896,6.34553
15134083,NYC,Entire home/apt,4.44265,4.73154
14284062,LA,Private room,4.39445,4.20431
10697652,SF,Private room,4.31749,4.20438
20764909,NYC,Private room,4.78749,4.73848
6545519,NYC,Entire home/apt,5.01064,4.81065
1923024,NYC,Private room,4.72739,4.17652
15582736,NYC,Private room,4.60517,4.51074
5536023,LA,Entire home/apt,4.73620,4.83451
19980982,NYC,Private room,4.31749,4.31337
349409,LA,Entire home/apt,4.60517,4.56754
15379248,LA,Entire home/apt,5.88332,5.89258
1809827,NYC,Entire home/apt,5.06890,5.70394
9112378,Chicago,Private room,4.54329,4.18877
5132986,NYC,Private room,4.31749,4.27480
17106081,DC,Entire home/apt,3.91202,4.57884
230321,LA,Entire home/apt,5.19296,4.82711
15543090,LA,Entire home/apt,4.85981,4.86106
2508024,NYC,Private room,3.68888,3.91238
1531059,NYC,Private room,4.31749,4.24710
10029444,LA,Entire home/apt,4.52179,4.51988
618865,SF,Private room,4.82831,4.65006
3783016,NYC,Entire home/apt,4.18965,4.65671
15222140,Chicago,Private room,4.23411,4.19847
13386896,LA,Entire home/apt,4.86753,4.87322
14534634,NYC,Private room,3.93183,4.10450
18890604,NYC,Private room,4.07754,4.00941
602739,NYC,Private room,4.31749,4.27078
19788993,NYC,Entire home/apt,5.27300,5.80927
7748914,LA,Entire home/apt,5.00395,5.16041
4093399,LA,Private room,4.31749,4.17406
18356741,NYC,Entire home/apt,4.09434,4.66571
18195958,NYC,Private room,4.31749,4.41017
4906306,NYC,Entire home/apt,7.31322,5.53534
10638806,NYC,Private room,3.80666,3.92459
12933355,LA,Entire home/apt,4.82831,4.78920
6661783,NYC,Entire home/apt,4.94164,4.87052
9028399,NYC,Entire home/apt,4.77912,4.66968
11069580,LA,Entire home/apt,5.94017,5.31076
846871,SF,Entire home/apt,6.54965,5.35712
3200488,NYC,Entire home/apt,5.27300,5.72755
16251572,Chicago,Entire home/apt,4.72739,5.25359
16313739,DC,Entire home/apt,4.59512,4.62298
132908,NYC,Private room,4.09434,4.33026
20503303,NYC,Private room,4.41884,4.38774
3489553,NYC,Private room,4.44265,4.62750
11530668,LA,Private room,3.91202,3.75408
11531859,SF,Entire home/apt,5.85793,5.99649
11824236,NYC,Entire home/apt,5.29832,4.99694
6413055,LA,Entire home/apt,5.01064,4.81885
14668085,NYC,Private room,4.59512,4.91992
17960424,LA,Entire home/apt,5.01064,4.78363
7556814,LA,Entire home/apt,4.36945,4.59762
14024256,NYC,Private room,4.44265,4.08086
10153363,SF,Private room,4.31749,4.21574
9865374,NYC,Private room,4.90527,4.33429
10144131,LA,Entire home/apt,5.63479,5.72699
733946,NYC,Entire home/apt,6.20456,5.36052
1751985,Boston,Private room,4.65396,4.35386
17591179,DC,Private room,4.60517,4.43694
1964293,DC,Entire home/apt,5.10595,4.88405
13193700,NYC,Private room,4.00733,3.94837
15991659,LA,Entire home/apt,6.30628,5.75018
18073887,Boston,Entire home/apt,4.78749,4.74444
12545436,NYC,Entire home/apt,5.29832,5.18818
10020844,LA,Shared room,3.21888,3.71611
17570252,DC,Entire home/apt,5.29330,5.29465
1014499,NYC,Entire home/apt,5.24702,4.96788
15203342,LA,Entire home/apt,5.70378,5.30743
13574987,NYC,Private room,3.68888,4.03761
241159,NYC,Entire home/apt,5.70378,5.27140
6152478,LA,Entire home/apt,5.29832,5.29191
15660209,LA,Private room,4.17439,4.34305
19489396,Boston,Private room,4.17439,4.58650
13863176,NYC,Private room,4.51086,4.28943
13667835,DC,Entire home/apt,4.94164,5.67968
10176679,LA,Entire home/apt,5.93754,5.87575
17402423,NYC,Entire home/apt,4.90527,5.41023
5181492,NYC,Entire home/apt,4.38203,4.80518
16147000,Chicago,Entire home/apt,4.44265,4.69522
11168876,NYC,Private room,4.09434,4.28621
1393501,DC,Entire home/apt,7.37776,6.55451
1407364,NYC,Private room,4.86753,4.57755
10414699,LA,Entire home/apt,4.94164,5.31720
3985660,Boston,Private room,4.12713,4.09349
990367,SF,Entire home/apt,5.39363,5.40486
17582767,NYC,Entire home/apt,4.78749,4.74563
1195328,NYC,Entire home/apt,4.70048,4.54634
20255084,SF,Entire home/apt,5.41610,5.38284
7241887,DC,Entire home/apt,6.68461,6.19878
4243765,Chicago,Private room,4.43082,4.21822
19556174,NYC,Private room,4.09434,4.18840
18198540,NYC,Shared room,4.78749,3.72229
16381714,DC,Entire home/apt,5.70378,6.04364
654232,DC,Entire home/apt,5.29832,5.18542
16363843,LA,Entire home/apt,4.86753,4.63806
18786236,NYC,Entire home/apt,5.48064,5.24885
6359526,DC,Entire home/apt,5.61677,4.94005
17001011,LA,Private room,4.21951,4.46211
13764238,NYC,Private room,4.23411,4.35619
13405033,NYC,Entire home/apt,5.85793,5.53708
14091091,NYC,Entire home/apt,5.52146,5.20651
10138533,NYC,Entire home/apt,5.41610,5.19586
13563032,LA,Private room,4.59512,4.41094
18127110,LA,Private room,4.17439,4.15441
1925206,LA,Entire home/apt,4.60517,4.60785
10432724,LA,Entire home/apt,5.18739,5.76891
4105862,LA,Entire home/apt,4.82831,4.79928
14088363,NYC,Private room,4.60517,4.94017
10687872,NYC,Private room,3.89182,4.08847
19891811,Chicago,Private room,4.60517,4.46708
12007315,DC,Entire home/apt,5.24175,4.88754
3490394,SF,Entire home/apt,5.78383,5.84653
10089183,LA,Entire home/apt,5.70378,5.75212
14505830,SF,Entire home/apt,5.01064,5.09286
18198115,LA,Private room,4.55388,4.51120
10908237,NYC,Private room,4.38203,4.18175
8346801,NYC,Entire home/apt,4.93447,4.97817
3558568,LA,Private room,4.21951,4.19341
3503946,NYC,Private room,4.21951,4.39451
7765054,NYC,Private room,4.78749,4.93182
18653005,NYC,Entire home/apt,5.48064,5.45478
4325284,NYC,Private room,4.09434,4.17593
16807138,LA,Private room,4.24850,4.36917
4342354,NYC,Entire home/apt,5.24175,4.96326
12363246,LA,Entire home/apt,6.90776,5.42155
16025898,NYC,Entire home/apt,5.16479,5.63520
5672640,NYC,Private room,3.80666,3.91570
2130220,LA,Private room,4.04305,3.99492
11476703,NYC,Entire home/apt,4.38203,4.75570
18007926,LA,Private room,3.87120,4.64604
18611872,NYC,Entire home/apt,4.49981,5.14114
1645667,NYC,Entire home/apt,5.29330,5.26205
10424879,Boston,Entire home/apt,5.18739,5.50224
20783811,NYC,Private room,3.68888,4.06290
17366528,NYC,Entire home/apt,5.29832,5.20610
2700187,LA,Entire home/apt,5.70044,5.55399
18489244,Chicago,Entire home/apt,5.61677,5.40056
1593753,DC,Entire home/apt,4.93447,5.59459
4520113,LA,Private room,4.60517,4.51202
13113038,SF,Entire home/apt,4.97673,5.13286
20618049,LA,Private room,4.78749,4.64375
12425501,LA,Entire home/apt,6.89669,5.00310
13685550,NYC,Entire home/apt,4.59512,5.11051
4612401,NYC,Entire home/apt,5.08140,5.15764
5330387,NYC,Private room,4.31749,4.18548
11345723,LA,Private room,4.44265,4.85616
16495165,DC,Private room,5.70378,5.48228
15967392,Chicago,Entire home/apt,3.68888,4.41397
8842586,LA,Private room,4.55388,4.51403
18564419,LA,Private room,5.85793,4.56670
13374505,NYC,Private room,4.31749,4.16291
11118641,Chicago,Private room,4.09434,4.42445
9998688,NYC,Private room,4.33073,4.36387
16780115,NYC,Private room,3.68888,4.05939
2836845,Boston,Private room,4.31749,4.40910
15446493,NYC,Private room,4.00733,3.91306
59121,Chicago,Private room,4.48864,4.07977
1850609,NYC,Private room,4.07754,4.09466
3840286,NYC,Entire home/apt,4.90527,4.90064
16353044,NYC,Entire home/apt,4.82831,4.59298
6686194,NYC,Entire home/apt,4.90527,4.83768
8263188,NYC,Entire home/apt,5.07517,4.94879
18195827,SF,Entire home/apt,5.01064,5.21211
15206836,NYC,Private room,4.09434,3.90896
13529372,LA,Private room,3.55535,3.81589
4194598,NYC,Private room,3.89182,4.82422
6985540,LA,Entire home/apt,5.52146,5.04050
3341239,LA,Shared room,2.70805,2.76327
9587253,LA,Entire home/apt,6.67834,6.34875
18580010,NYC,Entire home/apt,4.60517,5.02638
19182008,NYC,Entire home/apt,5.24175,4.96435
14277478,LA,Entire home/apt,4.72739,5.17381
18464355,LA,Entire home/apt,4.94164,4.74217
16219564,NYC,Private room,3.80666,3.66813
16861331,LA,Entire home/apt,5.99146,5.90571
1864715,NYC,Entire home/apt,4.55388,4.86285
11638050,NYC,Private room,5.29832,4.85199
12989356,DC,Entire home/apt,4.74493,4.89405
14747749,LA,Private room,4.49981,4.81072
16142342,NYC,Entire home/apt,5.01064,4.87489
11358247,NYC,Entire home/apt,6.19848,5.94092
15186968,LA,Private room,4.24850,4.47582
15218575,DC,Entire home/apt,4.73620,4.77821
4383734,LA,Entire home/apt,5.01064,4.98478
17171614,NYC,Shared room,3.80666,3.92101
15546653,NYC,Entire home/apt,5.16479,5.10330
18605601,LA,Entire home/apt,6.28413,6.38645
15026300,NYC,Private room,4.24850,4.55372
16005351,DC,Entire home/apt,7.43838,5.97059
14126853,LA,Private room,4.09434,4.42808
20760640,NYC,Private room,3.68888,4.15217
11890280,NYC,Private room,4.44265,4.56938
15282166,SF,Entire home/apt,5.19296,5.83444
14824875,NYC,Entire home/apt,4.78749,4.58836
1582940,NYC,Entire home/apt,4.55388,5.03695
20601784,LA,Private room,4.86753,5.02326
12156475,NYC,Private room,4.38203,4.82084
505029,LA,Private room,3.33220,3.75244
16230935,LA,Entire home/apt,6.80128,6.29216
10687056,NYC,Private room,5.29330,4.85325
12867157,Chicago,Private room,3.87120,3.83959
17029956,DC,Private room,4.15888,4.58534
16282085,LA,Entire home/apt,4.60517,4.48923
12834953,SF,Entire home/apt,5.97889,6.14989
13798797,SF,Private room,4.57471,4.66474
12427895,SF,Entire home/apt,4.82831,5.00612
5849010,LA,Entire home/apt,5.22036,4.93148
2178234,LA,Entire home/apt,4.17439,4.61046
15080581,NYC,Private room,4.60517,4.73754
9365025,NYC,Entire home/apt,5.29832,4.97375
15396645,SF,Entire home/apt,5.00395,4.85476
18614103,Chicago,Private room,3.36730,3.76520
3467744,NYC,Entire home/apt,5.75257,5.40189
54040,NYC,Private room,4.30407,4.14772
15412855,Boston,Private room,3.55535,3.82327
784086,SF,Private room,4.60517,5.14465
9155741,NYC,Entire home/apt,6.55108,6.02025
12710100,Boston,Private room,4.60517,4.72462
20746616,LA,Entire home/apt,5.63121,5.48950
16630153,SF,Private room,3.93183,4.46441
16455521,DC,Entire home/apt,5.12990,5.16636
14351074,LA,Private room,4.38203,4.71058
1174944,LA,Entire home/apt,6.21461,5.75791
10940559,LA,Private room,4.17439,4.61157
2665579,LA,Private room,3.91202,4.30503
12863157,SF,Entire home/apt,5.65249,5.60816
10251114,NYC,Private room,3.55535,3.72151
13558057,LA,Entire home/apt,4.82831,4.80710
700408,LA,Private room,5.12990,4.73769
5020383,LA,Entire home/apt,5.50939,5.89391
11626239,Chicago,Entire home/apt,5.85793,5.53992
5790990,Boston,Entire home/apt,5.18739,5.14949
20872030,SF,Entire home/apt,5.01064,5.03827
5050799,LA,Private room,4.55388,4.62389
592831,SF,Private room,4.94164,4.85031
20089288,NYC,Private room,4.77912,4.38300
12009825,NYC,Entire home/apt,4.90527,4.72285
13672323,SF,Private room,5.01064,4.34794
148825,Boston,Private room,3.80666,4.14327
1841620,SF,Entire home/apt,5.52146,5.71055
7593985,SF,Private room,4.55388,4.62401
3534137,Chicago,Entire home/apt,5.00395,4.61728
746115,DC,Entire home/apt,5.51745,5.68938
6765002,LA,Entire home/apt,5.10595,5.20580
18386008,SF,Private room,4.49981,4.59305
10118847,LA,Entire home/apt,4.59512,4.88171
14825454,NYC,Private room,4.60517,4.53174
14319922,LA,Private room,3.91202,4.36543
611841,NYC,Shared room,3.55535,3.58293
21177049,LA,Private room,3.80666,4.23183
4248660,SF,Entire home/apt,6.30992,6.90386
893754,LA,Entire home/apt,4.36945,4.35792
11799208,NYC,Private room,4.07754,4.13848
6269610,DC,Private room,4.35671,4.08228
18415275,LA,Private room,5.29832,4.31497
322593,LA,Private room,4.58497,4.59831
5078915,SF,Entire home/apt,5.70378,5.28434
19637695,NYC,Private room,4.24850,4.19533
14237196,LA,Entire home/apt,5.99146,6.33727
3626446,SF,Private room,5.22036,4.94018
18230213,DC,Entire home/apt,4.09434,5.02709
14771256,LA,Entire home/apt,4.93447,4.49050
2651128,NYC,Private room,5.01064,5.13007
10030874,LA,Private room,4.29046,4.28390
12679021,DC,Entire home/apt,4.86753,4.82260
18878559,NYC,Entire home/apt,5.70378,6.04248
15808475,SF,Entire home/apt,5.29832,5.31088
12868626,NYC,Entire home/apt,4.97673,4.74337
6523893,NYC,Entire home/apt,4.78749,5.12857
14585960,LA,Entire home/apt,5.52146,5.41689
11532753,SF,Entire home/apt,5.52146,5.33537
11546336,NYC,Entire home/apt,5.87212,5.70026
13169368,NYC,Private room,4.31749,4.18078
20032338,NYC,Private room,3.61092,3.88150
8238078,NYC,Private room,4.17439,4.15279
18294943,NYC,Private room,4.30407,4.14427
2414157,LA,Entire home/apt,4.58497,4.89823
14559313,LA,Entire home/apt,4.65396,5.09305
18376860,Boston,Entire home/apt,5.01064,4.90801
17231011,DC,Entire home/apt,7.20786,6.30736
3859247,NYC,Private room,3.80666,4.28473
11817212,DC,Entire home/apt,5.70044,6.06999
18341374,Chicago,Entire home/apt,4.21951,4.54293
2845630,NYC,Entire home/apt,4.59512,4.72369
6760353,NYC,Entire home/apt,6.62007,5.54857
13318642,DC,Entire home/apt,5.22036,4.83421
15523281,Chicago,Private room,4.59512,4.43901
13842204,SF,Entire home/apt,5.70378,5.41331
15394254,LA,Entire home/apt,4.86753,4.81496
196806,DC,Entire home/apt,5.29832,4.70693
11870701,NYC,Entire home/apt,5.01064,5.31549
14075859,LA,Private room,5.15329,4.26451
16604703,SF,Entire home/apt,5.70378,6.41135
17858824,NYC,Entire home/apt,4.38203,4.64395
7115518,DC,Entire home/apt,4.36945,4.76632
12885974,SF,Private room,4.60517,4.49708
416371,LA,Entire home/apt,5.22036,5.42469
374879,LA,Entire home/apt,4.58497,4.72321
16240171,Chicago,Entire home/apt,4.17439,4.47542
16959655,LA,Entire home/apt,6.90274,6.91073
16008519,DC,Entire home/apt,4.74493,4.68734
13331614,LA,Entire home/apt,5.63479,5.31329
17446640,NYC,Entire home/apt,5.07517,4.92714
1746917,NYC,Private room,4.94164,4.78560
5077231,LA,Private room,3.91202,4.17518
14068074,SF,Entire home/apt,5.85793,5.18696
4244480,LA,Entire home/apt,5.16479,5.77620
7858169,Boston,Entire home/apt,5.29832,5.41840
17534666,NYC,Entire home/apt,5.29330,5.44464
18943533,NYC,Entire home/apt,5.24702,5.16187
20193310,LA,Entire home/apt,6.39693,6.05296
18461179,NYC,Entire home/apt,5.29832,5.30322
16598282,LA,Private room,4.17439,3.98228
15099160,LA,Entire home/apt,4.74493,4.75279
4957037,NYC,Private room,4.44265,4.33988
13579357,NYC,Private room,4.09434,4.43061
16648673,LA,Private room,4.06044,4.01198
4499097,LA,Entire home/apt,4.77912,4.84177
1636940,NYC,Private room,4.00733,4.15998
17124494,NYC,Entire home/apt,5.48064,5.39699
9398514,DC,Entire home/apt,5.12990,5.08076
16636764,SF,Private room,4.81218,4.84108
1759806,NYC,Entire home/apt,4.78749,4.93425
7916103,NYC,Entire home/apt,5.03044,4.92983
14424180,NYC,Private room,4.31749,4.10705
17688230,Boston,Entire home/apt,5.29832,5.11316
16256111,LA,Private room,5.19296,4.64351
138592,NYC,Entire home/apt,5.91350,5.58239
13717248,NYC,Private room,4.51086,4.31239
17380633,Chicago,Private room,4.59512,4.08846
16367098,LA,Entire home/apt,4.82831,4.77011
1712418,LA,Entire home/apt,5.59471,5.58395
13060560,LA,Private room,4.31749,4.12007
13247728,NYC,Entire home/apt,5.70378,5.53926
2315086,NYC,Entire home/apt,5.51745,5.53258
19870703,NYC,Entire home/apt,5.19296,4.74548
7715860,Boston,Private room,4.36945,4.00073
20991065,NYC,Private room,4.15888,4.36767
3458565,NYC,Private room,4.76217,5.08787
20405148,NYC,Private room,3.91202,4.10603
17002531,NYC,Private room,4.44265,4.67923
4682700,NYC,Entire home/apt,5.27300,5.27544
9953407,NYC,Shared room,4.44265,4.17782
18635071,NYC,Entire home/apt,4.90527,4.86354
7512240,LA,Entire home/apt,5.37064,5.43474
20818523,DC,Entire home/apt,5.29832,4.98804
1145560,LA,Private room,4.49981,4.64808
20994028,NYC,Entire home/apt,4.44265,4.57356
18048895,DC,Entire home/apt,5.52146,4.61815
18235619,LA,Entire home/apt,5.29330,5.18136
8479799,LA,Entire home/apt,4.82831,4.84707
12268502,LA,Entire home/apt,5.41610,5.44282
17927464,LA,Entire home/apt,5.10595,5.28014
11396267,LA,Private room,3.33220,3.74869
3521391,NYC,Private room,5.03695,4.62703
902377,NYC,Entire home/apt,4.60517,4.63377
16193887,NYC,Private room,5.16479,4.57289
16313932,NYC,Entire home/apt,5.52146,5.17927
3404873,NYC,Private room,4.85981,4.67939
4351563,NYC,Shared room,4.09434,4.55831
175608,NYC,Private room,4.55388,4.35116
16282250,DC,Entire home/apt,4.38203,4.59105
1240594,NYC,Entire home/apt,5.78383,5.66395
13044229,NYC,Private room,4.17439,3.94771
10830864,LA,Private room,4.70048,4.09567
10887646,SF,Entire home/apt,5.31812,5.11096
3914048,NYC,Private room,4.17439,3.88005
14294502,DC,Private room,4.55388,4.75194
13955192,LA,Entire home/apt,4.31749,4.34990
16240471,NYC,Entire home/apt,4.23411,4.53473
6635124,NYC,Entire home/apt,5.63121,5.34202
13045196,NYC,Entire home/apt,6.26340,5.81990
18199096,LA,Entire home/apt,3.91202,4.66524
12872742,DC,Entire home/apt,6.38856,5.64636
19488192,NYC,Private room,4.09434,3.97650
19209457,NYC,Private room,3.43399,3.84001
18268446,NYC,Private room,4.52179,4.29406
12670883,Chicago,Private room,3.33220,4.02391
13006150,NYC,Entire home/apt,5.10595,5.05132
15631520,Boston,Entire home/apt,5.01064,5.17784
7899881,NYC,Entire home/apt,5.85793,5.55844
20074905,NYC,Private room,4.17439,4.13166
5013536,SF,Entire home/apt,4.93447,5.22000
4383417,LA,Private room,4.55388,4.52030
18393534,NYC,Entire home/apt,5.10595,4.77857
17890712,LA,Private room,3.73767,4.12536
3448458,LA,Private room,3.66356,3.89398
15659753,Boston,Private room,4.00733,4.20933
13667729,NYC,Private room,4.60517,4.21944
9824768,NYC,Entire home/apt,5.99146,5.85025
1164281,LA,Entire home/apt,5.29330,5.22102
5636553,Boston,Entire home/apt,5.13580,5.31558
13410967,NYC,Entire home/apt,5.27300,5.49497
2614082,NYC,Private room,4.36945,4.54639
1206184,NYC,Private room,4.24850,4.07614
14138632,NYC,Entire home/apt,4.82831,5.06965
5300082,LA,Shared room,3.63759,3.39989
15354076,NYC,Private room,4.78749,4.53350
8035159,LA,Private room,4.07754,4.31379
6677656,NYC,Private room,5.99146,4.48937
17793695,NYC,Private room,4.57471,4.58651
20784587,SF,Private room,5.01064,4.67357
4416970,LA,Entire home/apt,6.90776,6.58011
18687775,DC,Entire home/apt,6.30992,6.12679
20242577,SF,Private room,4.55388,4.41810
10526335,NYC,Entire home/apt,5.16479,5.14434
1439162,SF,Entire home/apt,5.99146,5.90483
20452368,NYC,Private room,4.36945,4.20424
6614604,SF,Private room,5.29832,4.83599
4747001,Chicago,Entire home/apt,4.49981,4.89627
14332083,NYC,Entire home/apt,5.29832,5.20329
5546217,LA,Private room,4.06044,3.77345
13895027,Chicago,Private room,4.07754,4.29332
8423636,LA,Private room,4.07754,4.33267
13865075,Chicago,Entire home/apt,5.29832,5.34015
8387338,LA,Entire home/apt,4.82831,5.02659
17980530,Chicago,Private room,4.31749,4.52420
8147820,LA,Shared room,3.21888,3.89787
13205596,LA,Entire home/apt,5.24702,5.32329
12306135,LA,Entire home/apt,5.03695,5.20138
12448198,NYC,Entire home/apt,5.01064,4.64627
2087663,NYC,Private room,3.91202,4.07369
6504972,NYC,Private room,4.26268,4.33736
6510361,LA,Private room,3.93183,4.63981
13027960,DC,Entire home/apt,4.48864,4.63030
13533038,SF,Entire home/apt,4.84419,5.47056
14010052,LA,Entire home/apt,4.54329,4.69900
10339573,LA,Entire home/apt,4.78749,5.07160
18717419,LA,Entire home/apt,4.85203,5.13950
13749525,NYC,Private room,4.07754,4.38697
13900341,NYC,Entire home/apt,4.78749,5.30011
16444577,SF,Entire home/apt,5.01064,5.16691
16518377,LA,Private room,4.49981,4.42911
18209435,NYC,Entire home/apt,5.34711,5.07964
19655960,LA,Private room,5.17615,4.49421
8194650,LA,Entire home/apt,6.06843,5.29284
11811155,NYC,Entire home/apt,5.41610,5.34774
11223100,LA,Private room,3.89182,3.89667
15705947,NYC,Entire home/apt,4.78749,4.95836
14403574,NYC,Private room,5.03044,4.58128
20168646,NYC,Entire home/apt,5.29832,5.27770
16559560,DC,Private room,3.98898,3.99963
16859463,NYC,Entire home/apt,4.35671,4.78728
8301850,NYC,Private room,4.44265,4.31198
6750443,Boston,Entire home/apt,6.55108,5.79749
16780320,SF,Entire home/apt,5.22036,5.23263
17364631,LA,Private room,4.04305,4.10642
10231171,NYC,Entire home/apt,5.61677,5.61517
18464206,NYC,Entire home/apt,4.60517,5.10497
2183826,NYC,Entire home/apt,6.21461,5.66405
1404828,NYC,Entire home/apt,4.70048,4.99708
20770559,LA,Private room,4.09434,4.01814
9148781,LA,Entire home/apt,4.94164,4.89898
14629085,SF,Entire home/apt,4.70048,4.83069
13603944,DC,Entire home/apt,5.98896,6.15541
2916652,NYC,Entire home/apt,5.99146,6.11556
13761125,Boston,Private room,4.21951,4.27871
16838955,DC,Entire home/apt,5.85793,4.90139
7052579,SF,Private room,4.74493,4.77116
17110127,DC,Private room,4.31749,4.31608
1837153,NYC,Private room,4.24850,4.25774
15728520,SF,Entire home/apt,5.52146,5.43064
14078190,NYC,Shared room,5.52146,4.54728
18295125,LA,Entire home/apt,4.74493,4.62765
3701708,NYC,Private room,4.24850,4.42215
14926631,Chicago,Entire home/apt,4.47734,4.66928
8847268,DC,Entire home/apt,5.07517,6.53061
9588831,NYC,Entire home/apt,5.22036,5.92675
20300643,NYC,Entire home/apt,5.45959,5.24554
5248248,NYC,Private room,4.46591,4.09877
20606863,NYC,Private room,4.59512,4.25551
12428036,NYC,Private room,4.09434,4.39948
12284774,NYC,Private room,4.55388,4.01921
277128,NYC,Private room,4.60517,4.13963
14840967,LA,Entire home/apt,4.93447,4.78305
9119249,LA,Entire home/apt,5.51745,5.65574
3604624,NYC,Entire home/apt,4.70048,5.20026
19883660,NYC,Entire home/apt,5.52146,5.08640
7638442,NYC,Private room,3.68888,4.18780
15419435,NYC,Entire home/apt,4.49981,4.66088
4978940,LA,Entire home/apt,4.31749,4.90859
13525592,DC,Entire home/apt,4.82831,5.17169
11462720,SF,Entire home/apt,5.18739,5.45157
10165625,NYC,Private room,3.87120,4.32100
3166991,LA,Private room,4.82831,4.73724
15147345,NYC,Entire home/apt,5.19296,4.73421
3793232,NYC,Entire home/apt,5.01064,5.23203
9194718,NYC,Entire home/apt,5.52146,5.87365
10723490,NYC,Entire home/apt,4.86753,5.08254
5432947,Chicago,Private room,4.44265,4.58413
17623200,LA,Entire home/apt,5.19296,4.82109
7460677,NYC,Entire home/apt,5.16479,5.31163
16227275,LA,Entire home/apt,5.41610,5.43371
9279920,NYC,Private room,4.09434,4.68469
4592031,SF,Entire home/apt,4.07754,4.40736
49573,LA,Entire home/apt,4.23411,4.57727
61582,SF,Private room,4.77912,4.93275
16884888,Chicago,Private room,3.43399,4.09939
3914773,SF,Entire home/apt,5.10595,5.60376
13170159,NYC,Entire home/apt,7.06305,6.37373
4866371,NYC,Private room,4.78749,4.58336
10057854,NYC,Private room,4.24850,4.29812
20445845,Boston,Private room,4.44265,4.17953
10101026,LA,Entire home/apt,5.59471,5.54131
17964158,NYC,Entire home/apt,4.38203,5.30267
16289421,NYC,Entire home/apt,4.31749,4.49854
2087748,NYC,Private room,4.48864,4.21482
16672611,NYC,Private room,3.93183,4.06576
16326315,LA,Entire home/apt,4.65396,4.58434
3782016,NYC,Entire home/apt,4.87520,4.96911
16973362,LA,Entire home/apt,4.43082,4.56474
13990220,NYC,Entire home/apt,4.82831,4.84553
16632129,Boston,Shared room,4.23411,4.20571
14994229,LA,Entire home/apt,4.70048,4.68488
8916480,LA,Private room,4.47734,4.32662
2817608,LA,Entire home/apt,4.59512,4.50597
15435324,NYC,Entire home/apt,5.07517,5.04987
4182262,LA,Private room,4.70048,4.14495
11299785,LA,Entire home/apt,4.24850,5.04865
10859050,DC,Private room,4.29046,4.90078
17878286,LA,Entire home/apt,4.21951,4.57569
15224549,NYC,Private room,4.49981,3.94519
213532,NYC,Entire home/apt,4.74493,4.86251
17992705,NYC,Private room,4.30407,4.01012
6324558,SF,Entire home/apt,4.93447,5.20112
11851350,NYC,Entire home/apt,5.16479,4.81082
5590718,NYC,Private room,4.69135,4.93934
4422602,DC,Private room,3.91202,4.21135
3844037,NYC,Entire home/apt,5.00395,5.11540
15918889,NYC,Private room,4.24850,4.27294
15956128,NYC,Entire home/apt,5.01064,5.25620
10152662,DC,Shared room,3.98898,3.74365
9890206,Chicago,Entire home/apt,6.21261,5.25971
14043110,NYC,Entire home/apt,5.01064,4.87743
5195184,LA,Entire home/apt,5.29330,4.95236
8055839,LA,Entire home/apt,4.79579,4.75132
1814061,NYC,Private room,4.23411,3.90337
8760141,LA,Private room,4.09434,4.39506
5200722,Chicago,Entire home/apt,5.49306,5.27807
9998927,Boston,Private room,5.16479,4.92055
19846222,LA,Private room,5.29832,4.26562
5386734,LA,Private room,3.91202,3.86066
14673441,NYC,Entire home/apt,5.52146,4.98328
6269646,DC,Entire home/apt,4.85981,5.21659
12951026,NYC,Private room,4.17439,4.08248
18044177,NYC,Entire home/apt,4.60517,4.70575
8974121,NYC,Private room,4.38203,4.18374
10546210,NYC,Private room,4.49981,3.94972
19820146,NYC,Entire home/apt,6.21261,6.40807
15625556,Boston,Entire home/apt,5.27300,5.00827
15482741,NYC,Private room,4.07754,3.89910
16041824,NYC,Private room,3.71357,4.19923
18338493,LA,Shared room,3.55535,4.02333
15483216,LA,Entire home/apt,6.42972,7.08229
4480481,LA,Private room,4.31749,4.43836
10949114,Boston,Entire home/apt,5.15906,5.17714
8563141,NYC,Entire home/apt,5.22036,5.17491
10069586,LA,Entire home/apt,5.05625,5.11082
18228291,NYC,Entire home/apt,6.39693,6.11769
1472344,NYC,Entire home/apt,5.91350,5.35022
18021702,NYC,Entire home/apt,5.29832,5.36311
1023181,DC,Entire home/apt,4.24850,4.70653
16395058,LA,Private room,3.33220,3.51065
7044056,NYC,Entire home/apt,4.60517,4.92806
15635850,LA,Private room,4.70048,4.41825
16721946,LA,Private room,4.48864,4.40869
12821417,NYC,Private room,4.49981,4.16109
478696,NYC,Private room,4.77912,4.56519
8293281,LA,Private room,3.95124,3.74705
3822100,NYC,Entire home/apt,5.27300,4.90884
17910772,Chicago,Private room,4.17439,4.05471
7294370,NYC,Entire home/apt,5.29832,5.15617
14086439,NYC,Entire home/apt,4.55388,4.60258
13916918,NYC,Entire home/apt,4.38203,4.73481
7712634,LA,Private room,4.59512,4.39349
18562129,NYC,Private room,3.91202,4.31086
18491782,NYC,Entire home/apt,5.16479,5.35060
12727779,SF,Entire home/apt,5.52146,5.35186
7051938,NYC,Private room,4.17439,4.12144
14519623,Boston,Private room,4.31749,4.28897
6822443,LA,Entire home/apt,4.74493,4.73101
15786482,NYC,Entire home/apt,4.17439,4.98353
10502523,NYC,Entire home/apt,4.94164,4.74049
15965094,NYC,Entire home/apt,5.01064,5.02249
15716449,NYC,Private room,4.38203,4.77602
9818465,Chicago,Entire home/apt,5.18739,4.55008
1070056,Boston,Entire home/apt,4.57471,4.90410
3113083,NYC,Entire home/apt,5.52146,5.63358
7869821,LA,Private room,3.91202,4.63782
13306033,NYC,Private room,4.66344,4.75380
8297623,DC,Entire home/apt,5.06260,4.79715
6106474,DC,Entire home/apt,6.68461,6.28792
5123810,NYC,Entire home/apt,5.01064,4.86277
6610629,Chicago,Private room,4.31749,4.45782
18307338,SF,Entire home/apt,6.00389,6.64907
15216398,LA,Entire home/apt,6.21261,5.64385
17566027,NYC,Private room,5.01064,4.58466
9757762,NYC,Entire home/apt,5.32301,5.64306
11606890,NYC,Entire home/apt,5.01064,5.01457
14008708,LA,Private room,3.55535,3.96485
8909380,NYC,Private room,4.17439,4.21568
5633222,NYC,Entire home/apt,3.91202,4.99500
828796,LA,Entire home/apt,4.70048,4.75699
17722015,NYC,Private room,4.55388,4.50985
19979995,SF,Entire home/apt,6.47697,6.46086
3124263,Boston,Private room,4.31749,4.87119
7938777,NYC,Private room,4.48864,4.30460
17652968,NYC,Entire home/apt,5.04986,4.88972
13360023,SF,Private room,3.91202,4.36225
6686298,NYC,Entire home/apt,4.99721,4.84214
6702580,LA,Entire home/apt,5.52146,5.74896
8133891,NYC,Entire home/apt,5.07517,5.14156
15344029,NYC,Entire home/apt,5.01064,5.13872
8935041,NYC,Entire home/apt,5.03695,5.18462
9114642,LA,Entire home/apt,7.31322,6.98214
19786240,SF,Entire home/apt,6.85646,5.87133
14878412,NYC,Private room,3.80666,4.11552
6044394,Chicago,Private room,4.44265,4.31306
14200891,NYC,Private room,4.70048,4.38816
6426830,NYC,Entire home/apt,5.16479,4.52425
1423430,SF,Entire home/apt,6.10925,5.54983
14785591,NYC,Entire home/apt,4.85981,4.85376
12436374,NYC,Private room,4.78749,4.21477
13771642,NYC,Private room,3.95124,4.55542
13770658,LA,Entire home/apt,4.60517,4.44435
15955991,Chicago,Entire home/apt,5.89990,5.86219
13123883,NYC,Entire home/apt,5.29832,5.15619
7157890,Chicago,Entire home/apt,5.29330,5.07508
14653718,Boston,Private room,4.24850,4.27803
8444619,NYC,Private room,4.17439,4.09864
10262923,NYC,Private room,3.91202,3.90883
9822101,LA,Entire home/apt,4.86753,4.83801
16621226,NYC,Entire home/apt,4.34381,4.45407
5025015,Chicago,Entire home/apt,4.31749,4.52801
13139364,LA,Private room,4.40672,4.51835
7859953,LA,Entire home/apt,4.94164,5.37684
909052,LA,Private room,4.60517,4.29361
14981316,LA,Entire home/apt,4.31749,4.71706
14893473,NYC,Shared room,3.91202,3.66722
18358479,LA,Entire home/apt,5.79606,5.59622
16811364,NYC,Private room,4.09434,4.43533
15253658,LA,Entire home/apt,5.00395,4.69621
12524187,LA,Private room,3.36730,3.57170
13672081,DC,Entire home/apt,4.55388,4.50920
7529232,SF,Private room,4.75359,4.85509
16810248,NYC,Entire home/apt,4.89784,5.31063
1110821,Chicago,Entire home/apt,5.01064,4.72998
12229903,Chicago,Private room,4.07754,4.01346
12344478,NYC,Private room,4.49981,4.42882
17525806,LA,Entire home/apt,4.74493,4.73765
2103016,LA,Shared room,2.70805,3.88726
4737080,NYC,Entire home/apt,5.52146,5.71935
14760639,NYC,Private room,3.68888,3.87502
16322431,NYC,Private room,3.91202,4.11219
17811799,NYC,Private room,4.71850,4.61337
4469657,Chicago,Private room,4.17439,3.79181
4457386,NYC,Entire home/apt,4.97673,5.09636
6237974,LA,Entire home/apt,5.01064,4.63168
20269518,DC,Entire home/apt,4.31749,4.54941
13991331,NYC,Entire home/apt,5.74300,5.56008
3543227,NYC,Entire home/apt,5.01064,5.02994
18273715,DC,Entire home/apt,4.36945,4.75694
17517940,NYC,Entire home/apt,5.01064,4.81146
13693013,NYC,Entire home/apt,5.19296,5.81787
4957463,NYC,Private room,4.09434,4.52971
19218707,NYC,Private room,4.00733,4.01447
13790183,NYC,Private room,3.91202,4.26586
1936003,Chicago,Private room,5.83773,4.71825
15354004,Boston,Entire home/apt,5.29330,5.76580
21162468,LA,Private room,4.02535,4.49411
19969684,Boston,Entire home/apt,4.93447,5.09751
13322577,NYC,Entire home/apt,6.10925,5.91524
15854475,LA,Entire home/apt,4.82831,4.79143
16780092,NYC,Private room,3.91202,3.95483
18062629,LA,Entire home/apt,5.01064,4.94723
19138622,LA,Entire home/apt,4.59512,4.48054
3338552,Chicago,Private room,4.36945,4.28960
11607729,LA,Entire home/apt,6.10925,6.01074
17978997,NYC,Entire home/apt,5.06890,5.74425
14371252,NYC,Entire home/apt,5.01064,4.68785
2346671,LA,Private room,4.24850,4.26443
20362963,SF,Entire home/apt,6.10925,5.86190
15956927,LA,Entire home/apt,6.68461,6.14921
3605535,NYC,Shared room,3.40120,3.77352
1015923,LA,Private room,3.95124,4.12006
16088063,NYC,Entire home/apt,5.01064,5.01274
7735054,NYC,Entire home/apt,4.78749,5.41361
3130462,NYC,Private room,4.00733,4.14296
20897691,NYC,Entire home/apt,4.82831,4.78041
11624659,Boston,Entire home/apt,4.94164,5.17116
4325638,DC,Entire home/apt,5.41610,5.72539
12929724,LA,Entire home/apt,4.55388,4.43741
16740641,LA,Entire home/apt,5.41610,5.36386
6074750,NYC,Entire home/apt,4.44265,4.85236
1746766,Chicago,Entire home/apt,5.47646,5.49676
1049305,Chicago,Entire home/apt,6.42162,5.92090
13586511,NYC,Entire home/apt,5.00395,5.34389
8383735,LA,Private room,4.09434,4.23194
20088028,NYC,Entire home/apt,5.29832,5.13781
9957162,DC,Entire home/apt,6.55108,5.20065
17545111,LA,Private room,3.58352,3.60962
16467893,NYC,Private room,4.90527,4.61393
14629029,LA,Entire home/apt,4.78749,4.63515
13004002,NYC,Entire home/apt,5.08140,5.37088
1480015,NYC,Entire home/apt,5.85793,5.43180
16349381,NYC,Entire home/apt,4.70048,4.70767
2274334,NYC,Entire home/apt,5.70044,5.16021
19681061,SF,Entire home/apt,4.82831,4.72834
16983187,LA,Shared room,3.36730,3.31395
14946655,NYC,Entire home/apt,5.39816,5.02643
3377369,Boston,Entire home/apt,5.16479,5.13247
9430133,NYC,Private room,4.59512,4.55169
14354523,NYC,Entire home/apt,4.94164,5.01268
1346324,NYC,Private room,3.68888,3.84481
4605016,NYC,Entire home/apt,5.52146,5.17420
6886839,LA,Private room,3.87120,4.07268
14714700,LA,Entire home/apt,6.42972,5.91638
2102077,NYC,Private room,3.91202,4.34383
13031826,Chicago,Private room,3.91202,4.12215
10707519,NYC,Entire home/apt,5.56068,5.17246
10685685,LA,Private room,4.38203,4.22362
14320892,Chicago,Entire home/apt,5.29330,4.86311
14787323,LA,Private room,4.30407,4.19297
19640913,NYC,Entire home/apt,5.96615,5.82288
21135365,NYC,Private room,3.40120,4.36570
18396209,NYC,Private room,4.36945,4.11592
14686852,NYC,Entire home/apt,5.39363,5.40926
1530693,DC,Entire home/apt,4.85981,4.84828
12274084,NYC,Private room,4.49981,4.25018
13467391,LA,Entire home/apt,4.24850,4.41613
21154340,NYC,Private room,4.31749,4.33695
10155159,NYC,Entire home/apt,5.41610,5.36265
4379244,NYC,Entire home/apt,4.82831,5.17452
18268257,Boston,Private room,5.29330,4.53566
15834020,LA,Entire home/apt,4.86753,4.80212
17628591,SF,Entire home/apt,4.94876,5.19658
15434609,DC,Private room,4.26268,4.27372
16525691,LA,Entire home/apt,5.29832,5.77868
4496449,NYC,Entire home/apt,5.92693,5.71964
11844276,NYC,Entire home/apt,4.44265,4.73346
7094014,LA,Private room,4.00733,4.03563
8454171,LA,Entire home/apt,6.38856,6.31795
17888337,LA,Shared room,3.68888,3.68405
9853129,SF,Entire home/apt,5.16479,5.11695
19927986,NYC,Shared room,4.60517,4.35224
586840,NYC,Private room,4.31749,4.33972
1763140,DC,Private room,4.59512,4.07075
10969203,NYC,Private room,4.70048,4.49590
15329520,LA,Entire home/apt,5.48064,6.23741
16285798,Boston,Entire home/apt,5.01064,5.14435
10702945,Boston,Private room,3.36730,4.19691
14917475,SF,Entire home/apt,6.21461,6.37450
13111562,NYC,Entire home/apt,5.70378,5.68688
1498014,LA,Entire home/apt,4.85981,4.97170
13415187,DC,Entire home/apt,4.93447,5.44040
5374622,LA,Private room,5.29330,4.62021
5815437,NYC,Entire home/apt,5.98896,5.46375
6990524,SF,Entire home/apt,5.70044,5.30663
18906340,LA,Shared room,4.60517,4.58607
5345792,NYC,Private room,3.91202,3.95225
6656545,SF,Entire home/apt,6.39693,6.03092
4069917,NYC,Entire home/apt,5.48064,5.18612
18582188,LA,Private room,3.91202,3.89377
16042302,LA,Entire home/apt,4.68213,4.71765
4863562,NYC,Private room,5.16479,4.57918
17448127,LA,Entire home/apt,6.38856,5.38471
20277022,LA,Entire home/apt,4.68213,4.99519
14037460,NYC,Entire home/apt,5.39363,5.35773
13003338,DC,Private room,3.93183,3.95806
14557568,NYC,Entire home/apt,5.70378,5.42367
10683343,NYC,Entire home/apt,5.24175,5.18972
15214482,SF,Entire home/apt,5.16479,5.36150
393966,NYC,Entire home/apt,5.01064,4.91175
11770031,LA,Private room,4.00733,4.25562
457986,NYC,Private room,4.31749,4.36331
19499099,SF,Private room,4.34381,4.66579
1437606,NYC,Entire home/apt,4.89784,4.82464
415159,LA,Private room,4.09434,4.28590
13006892,LA,Private room,5.00395,4.83730
17944276,LA,Entire home/apt,5.13580,4.99413
1420559,LA,Entire home/apt,6.68461,6.07973
16274321,DC,Entire home/apt,4.55388,4.74352
3791581,NYC,Entire home/apt,4.93447,4.85988
17435945,SF,Entire home/apt,5.78690,5.08116
8902110,NYC,Private room,4.23411,4.05726
18020492,NYC,Private room,3.85015,4.07934
7785451,LA,Entire home/apt,6.21461,5.84122
17016473,DC,Entire home/apt,4.70048,4.83695
10730102,LA,Private room,3.73767,3.74895
7474615,NYC,Private room,4.49981,4.33949
8302890,NYC,Entire home/apt,5.04343,4.75709
13802699,NYC,Entire home/apt,5.61677,5.07574
7559554,Boston,Entire home/apt,6.65929,6.01604
16977437,LA,Entire home/apt,5.01064,5.30541
16338579,Chicago,Entire home/apt,5.70378,5.44730
1777429,NYC,Private room,4.23411,4.44319
304188,LA,Entire home/apt,5.56068,4.88434
19416033,DC,Entire home/apt,7.17012,6.45344
20235386,NYC,Entire home/apt,5.41610,5.57308
7112899,Chicago,Private room,4.06044,4.13502
15996744,NYC,Private room,3.58352,4.10559
17476104,SF,Entire home/apt,7.00216,5.94161
7853213,NYC,Shared room,3.21888,3.70700
18372364,NYC,Entire home/apt,5.10595,4.93304
2467408,LA,Entire home/apt,5.29330,4.97156
17585325,NYC,Private room,5.52146,4.86754
15844475,SF,Private room,5.01064,4.61509
234431,LA,Entire home/apt,5.39363,4.87638
7363690,LA,Entire home/apt,5.63479,5.25547
11755816,Chicago,Private room,4.59512,4.73797
463025,Boston,Private room,4.93447,4.30393
16758345,NYC,Private room,4.60517,4.57972
7308735,SF,Entire home/apt,5.85793,6.55250
20624287,SF,Entire home/apt,6.33683,5.35598
8274516,Chicago,Entire home/apt,5.43372,5.85716
16289203,NYC,Private room,4.38203,4.27392
11227558,DC,Private room,4.76217,4.74977
1821787,NYC,Entire home/apt,5.27300,5.14640
272472,LA,Private room,5.01064,4.57426
18546212,DC,Entire home/apt,4.97673,4.81857
3562203,SF,Private room,4.73620,4.66916
16011630,Chicago,Entire home/apt,5.70044,5.96554
4830596,NYC,Private room,4.74493,4.82456
5210757,Chicago,Entire home/apt,3.93183,4.70953
14164498,Chicago,Entire home/apt,5.90263,5.27197
16926809,NYC,Entire home/apt,4.31749,4.64890
19311820,NYC,Private room,5.70378,4.62616
2028099,LA,Entire home/apt,4.48864,4.51223
6958055,LA,Entire home/apt,5.29330,5.27407
12295180,NYC,Entire home/apt,4.70048,4.68011
15568591,DC,Entire home/apt,5.01064,5.55370
3432321,NYC,Private room,4.00733,4.24666
18418922,NYC,Private room,4.31749,4.32887
9616203,NYC,Entire home/apt,5.27300,5.18448
14698794,NYC,Entire home/apt,5.41610,4.99873
20320470,NYC,Private room,4.20469,4.24883
13310795,NYC,Private room,4.55388,4.39037
200059,NYC,Private room,4.27667,4.46286
13048967,NYC,Entire home/apt,6.02102,6.01608
17037270,NYC,Private room,4.38203,4.24576
21127789,LA,Entire home/apt,4.94164,4.86683
11974141,LA,Entire home/apt,4.06044,4.86414
18770851,LA,Private room,4.17439,4.18471
21170090,Boston,Entire home/apt,5.41610,5.13685
15329598,NYC,Entire home/apt,4.38203,4.45504
17381101,NYC,Private room,5.52146,5.26845
10427566,LA,Private room,4.07754,4.06167
11492493,NYC,Private room,4.09434,4.23035
18484146,Boston,Entire home/apt,4.85981,4.94522
2071265,LA,Entire home/apt,5.24175,5.57843
15113422,NYC,Private room,4.09434,4.11259
19606903,NYC,Private room,3.71357,4.13105
1960123,DC,Entire home/apt,4.97673,4.80307
3987858,Boston,Entire home/apt,6.80239,5.81562
12200075,Chicago,Entire home/apt,5.01064,5.25854
13539892,NYC,Entire home/apt,4.65396,4.68573
5266888,LA,Entire home/apt,5.29832,5.82984
2295816,LA,Entire home/apt,4.11087,4.60404
7933214,NYC,Entire home/apt,5.01064,5.05866
17623655,Chicago,Private room,4.86753,4.58685
12912510,LA,Entire home/apt,4.64439,4.87211
6829746,DC,Private room,4.09434,4.36969
15007764,LA,Entire home/apt,5.70378,4.84370
9352045,NYC,Private room,4.17439,4.50028
14139527,LA,Entire home/apt,4.70048,4.89482
6171382,SF,Entire home/apt,6.90274,6.15926
1478270,LA,Private room,3.55535,4.19329
14979450,LA,Entire home/apt,4.47734,4.56920
11342313,LA,Entire home/apt,4.67283,4.65681
20184373,LA,Entire home/apt,4.58497,4.61472
10766249,NYC,Private room,4.55388,3.99513
9937847,NYC,Private room,4.24850,4.10826
252076,LA,Entire home/apt,4.91265,4.77742
12243197,LA,Entire home/apt,4.97673,4.52715
20455873,NYC,Entire home/apt,6.39693,6.12134
6853761,NYC,Private room,4.55388,4.34909
7201100,DC,Entire home/apt,6.90675,6.53177
947963,NYC,Private room,4.38203,3.95965
17909363,LA,Entire home/apt,4.60517,5.41903
12339778,NYC,Entire home/apt,5.01064,4.68304
9832641,LA,Private room,3.87120,4.40151
20071118,NYC,Entire home/apt,4.86753,5.04384
5521107,SF,Private room,4.60517,4.45350
7805787,SF,Entire home/apt,5.48064,5.34230
9358718,DC,Private room,4.31749,4.66795
6349831,NYC,Entire home/apt,6.10925,5.80145
20233538,Boston,Entire home/apt,5.18739,5.17176
15595462,Boston,Entire home/apt,5.24175,5.16249
1827298,LA,Private room,3.25810,3.57091
3937223,LA,Entire home/apt,5.29330,4.68660
19571817,NYC,Entire home/apt,4.40672,4.87169
8813552,NYC,Entire home/apt,5.50126,5.64923
14505342,DC,Private room,4.17439,4.72214
12902211,LA,Entire home/apt,4.90527,4.87908
9530515,NYC,Entire home/apt,4.60517,4.61187
14053000,NYC,Private room,4.35671,4.29155
5191965,LA,Entire home/apt,4.36945,4.75315
11624438,NYC,Entire home/apt,4.74493,4.88415
9284412,LA,Private room,4.09434,4.23996
16744252,LA,Entire home/apt,4.93447,5.11251
17778565,NYC,Entire home/apt,4.60517,4.58994
6636968,LA,Entire home/apt,5.45959,5.46759
10418322,LA,Entire home/apt,4.55388,4.55886
19407065,DC,Entire home/apt,5.16479,4.77057
19721900,Chicago,Private room,4.31749,3.55394
8323522,NYC,Entire home/apt,4.78749,4.56916
17332364,LA,Entire home/apt,5.06260,5.24733
18929307,LA,Entire home/apt,5.16479,5.18471
15501010,LA,Private room,4.24850,4.26408
13181991,SF,Entire home/apt,5.52146,5.11618
3083197,NYC,Entire home/apt,5.01064,5.29026
13713194,NYC,Entire home/apt,5.61677,5.69943
14596451,NYC,Entire home/apt,4.94164,4.82193
9340410,LA,Entire home/apt,4.60517,4.36471
13031383,NYC,Private room,4.40672,4.23913
15024335,Boston,Entire home/apt,5.07517,4.88630
13413839,NYC,Entire home/apt,5.95324,5.57222
15189969,NYC,Private room,4.09434,3.95092
12021293,NYC,Entire home/apt,4.82831,5.14363
10856965,SF,Private room,4.54329,4.51824
16895431,NYC,Entire home/apt,4.79579,4.83130
18912949,NYC,Entire home/apt,4.96981,4.78059
3449204,NYC,Entire home/apt,5.01064,5.05242
14800480,NYC,Private room,4.78749,4.05099
16783845,LA,Entire home/apt,4.59512,4.49963
5532508,NYC,Private room,5.24175,4.37596
11231317,NYC,Private room,4.21951,4.18698
18876930,LA,Entire home/apt,5.70378,6.07690
8131520,LA,Private room,4.31749,4.18062
4691649,Chicago,Entire home/apt,4.78749,4.98980
6746916,SF,Entire home/apt,6.10925,6.31614
7620763,NYC,Private room,5.29832,4.72916
6730143,LA,Shared room,3.78419,3.80620
9544242,NYC,Entire home/apt,5.70378,5.42170
14800600,LA,Entire home/apt,4.93447,4.81284
15852075,Boston,Shared room,4.17439,4.24449
10475990,NYC,Private room,4.17439,4.09244
10102949,LA,Entire home/apt,5.29832,5.74082
16133127,NYC,Entire home/apt,5.61677,5.36268
10234105,NYC,Private room,4.17439,4.39071
15819196,LA,Private room,4.04305,4.37266
19552349,LA,Entire home/apt,4.60517,4.49132
14710157,SF,Private room,4.65396,4.82676
13396969,DC,Private room,4.17439,4.22456
12794791,NYC,Entire home/apt,5.61677,5.49922
13858187,LA,Entire home/apt,5.29330,4.96072
1814851,NYC,Shared room,3.80666,3.60351
18489177,NYC,Shared room,4.63473,4.66198
18549222,NYC,Entire home/apt,5.01064,5.24374
1336921,SF,Entire home/apt,6.05209,6.10488
20057655,NYC,Private room,4.07754,4.00564
16795470,LA,Entire home/apt,4.60517,4.58485
12103501,NYC,Entire home/apt,5.39363,5.13368
995305,SF,Entire home/apt,4.78749,5.00987
9127770,NYC,Private room,5.52146,5.22739
10078736,NYC,Entire home/apt,4.55388,4.55549
15873376,LA,Entire home/apt,5.51745,5.18457
16325899,LA,Entire home/apt,5.01064,5.36365
6761066,NYC,Private room,4.00733,4.12589
2495346,DC,Private room,5.85793,4.53107
4155099,SF,Private room,5.29832,4.85240
11416095,NYC,Private room,4.70048,4.55046
12836948,NYC,Entire home/apt,5.13580,5.33975
20558488,NYC,Entire home/apt,5.01064,4.71499
15943090,NYC,Entire home/apt,4.96284,4.90778
9707531,NYC,Private room,4.38203,4.20269
13136792,NYC,Entire home/apt,4.57471,4.95065
20750077,Chicago,Entire home/apt,5.29832,5.58002
17738560,DC,Private room,4.31749,4.68287
13883526,NYC,Entire home/apt,5.70378,5.59838
7345333,LA,Entire home/apt,3.91202,4.52311
12318497,NYC,Private room,4.38203,4.41479
4218034,Chicago,Entire home/apt,5.17048,4.96278
9424314,NYC,Private room,4.36945,3.89765
15173372,NYC,Entire home/apt,4.24850,4.57722
9597022,SF,Private room,4.20469,4.65529
3614094,LA,Shared room,4.24850,4.31246
19403657,SF,Entire home/apt,5.61677,4.91409
16308357,NYC,Private room,3.68888,4.05548
14148829,LA,Entire home/apt,5.88610,5.45072
19806268,Chicago,Private room,4.47734,4.52667
9475400,DC,Entire home/apt,4.23411,4.52634
13355522,NYC,Private room,4.09434,4.15337
467866,NYC,Shared room,4.90527,4.20920
12683452,LA,Shared room,3.21888,3.69327
11679675,SF,Entire home/apt,5.57973,5.01682
3095814,LA,Shared room,3.04452,3.58793
5019025,LA,Entire home/apt,5.16479,4.71540
11208080,LA,Private room,5.29832,4.53821
9921366,LA,Entire home/apt,4.94876,4.64516
11062712,DC,Entire home/apt,4.60517,4.73517
9349996,NYC,Entire home/apt,5.52146,5.24184
6378804,LA,Private room,4.30407,5.02272
1752714,SF,Private room,4.44265,4.62935
14757806,Boston,Private room,3.66356,3.77114
10008874,NYC,Private room,3.95124,3.90234
13496019,LA,Private room,5.01064,4.56760
10751366,NYC,Private room,4.31749,4.07775
1562549,NYC,Entire home/apt,5.10595,4.97964
10454632,NYC,Entire home/apt,5.41610,5.25599
1939245,NYC,Private room,5.01064,4.85001
16490297,NYC,Private room,5.13580,4.47644
4448164,NYC,Entire home/apt,5.01064,4.72692
1472520,NYC,Entire home/apt,5.01064,5.15956
3833542,NYC,Private room,4.09434,4.06122
6791675,LA,Entire home/apt,4.74493,4.52433
14571148,LA,Entire home/apt,4.23411,5.05602
20404055,DC,Entire home/apt,5.00395,5.22333
14538891,SF,Shared room,4.31749,4.41395
10711449,NYC,Entire home/apt,5.24702,5.67524
5299001,Chicago,Entire home/apt,6.39693,6.32581
4784728,SF,Entire home/apt,5.27300,5.22907
17727003,NYC,Entire home/apt,6.55108,5.94869
11717321,LA,Entire home/apt,5.52146,5.44770
16321233,LA,Entire home/apt,5.47646,5.58979
10713869,LA,Shared room,3.33220,3.63012
19100892,NYC,Entire home/apt,5.17048,5.32035
18017841,DC,Entire home/apt,4.36945,4.52752
15221682,NYC,Private room,3.89182,3.92208
17048228,Boston,Private room,3.68888,3.91383
15248135,NYC,Private room,4.09434,4.08512
19218475,SF,Entire home/apt,5.37064,5.29085
19673573,NYC,Private room,4.70953,5.07875
2115031,NYC,Private room,4.17439,4.29135
1321332,LA,Entire home/apt,5.57973,5.50852
17678919,LA,Entire home/apt,4.82831,4.91850
4359923,NYC,Entire home/apt,5.19296,4.97078
7636474,LA,Entire home/apt,5.03044,4.94297
698162,LA,Entire home/apt,5.66643,5.84834
13654708,LA,Entire home/apt,4.90527,5.35278
17862095,LA,Private room,4.00733,4.42020
18662664,NYC,Entire home/apt,4.82831,4.62469
631635,SF,Entire home/apt,4.86753,4.93757
4575056,SF,Entire home/apt,5.99146,5.85392
13813254,LA,Entire home/apt,5.61677,5.00026
12228540,NYC,Private room,4.17439,4.35267
3881924,NYC,Entire home/apt,5.29832,5.16484
270345,DC,Private room,4.38203,4.40847
14557860,LA,Private room,3.95124,4.34309
18393239,NYC,Entire home/apt,5.29832,5.11431
16588499,DC,Private room,3.91202,4.69493
6812799,Boston,Entire home/apt,5.29832,5.58968
17439193,LA,Private room,4.78749,4.40831
19592343,NYC,Entire home/apt,4.75359,4.94259
9296742,NYC,Private room,4.09434,4.12113
15771581,NYC,Private room,4.36945,4.33916
9881037,LA,Entire home/apt,4.59512,4.57278
11114285,LA,Private room,4.36945,4.19225
18314700,Boston,Private room,4.17439,3.99461
385824,NYC,Private room,4.78749,4.80123
11572203,LA,Entire home/apt,5.70044,5.99633
3199871,NYC,Private room,4.48864,4.52953
14218795,NYC,Private room,3.82864,4.12234
20930443,LA,Entire home/apt,5.29330,5.08206
20608351,SF,Entire home/apt,6.06379,5.95095
5117430,LA,Private room,4.06044,3.87952
6094657,NYC,Entire home/apt,5.41610,5.58120
21069816,NYC,Shared room,3.40120,4.90414
16177821,NYC,Private room,4.58497,4.33933
3489322,NYC,Private room,4.49981,4.52765
12871356,LA,Private room,4.23411,4.19067
13960131,NYC,Private room,4.82831,4.67210
6739468,LA,Private room,4.40672,4.33643
2739793,NYC,Entire home/apt,5.16479,5.08555
15109985,NYC,Private room,4.82831,4.56549
3198169,LA,Private room,4.69135,4.62865
20903277,LA,Entire home/apt,5.07517,5.32377
4566340,LA,Entire home/apt,4.80402,5.38059
15207916,LA,Entire home/apt,4.53260,4.65945
9529662,SF,Entire home/apt,4.38203,5.06227
20331804,DC,Entire home/apt,4.55388,4.54686
10149393,LA,Entire home/apt,6.47697,6.52271
16805493,LA,Entire home/apt,5.55683,5.34289
16585195,LA,Private room,4.31749,4.24313
16346852,NYC,Entire home/apt,4.55388,4.45365
9319884,LA,Entire home/apt,5.02388,4.79771
18330542,NYC,Private room,4.82831,4.78244
4174207,LA,Private room,3.91202,4.05611
17734127,LA,Entire home/apt,5.00395,4.76717
8133408,LA,Private room,4.31749,4.12223
12323623,SF,Entire home/apt,5.28827,5.29100
15161912,Boston,Entire home/apt,5.89440,5.64595
4469679,LA,Private room,5.52146,4.77808
15986944,NYC,Entire home/apt,5.16479,5.02091
9111959,NYC,Entire home/apt,4.86753,4.70985
16998549,NYC,Entire home/apt,5.34711,5.26901
13389982,LA,Entire home/apt,5.15329,4.84136
3626302,LA,Entire home/apt,5.34711,5.01497
3519489,SF,Entire home/apt,4.90527,4.78851
13585624,Chicago,Entire home/apt,4.82831,4.83416
14995433,LA,Private room,4.60517,4.44727
13343347,NYC,Shared room,4.60517,4.60418
13750731,NYC,Private room,3.91202,4.21249
19948049,SF,Private room,4.38203,4.47732
10695321,LA,Entire home/apt,6.52209,6.05650
17810272,Boston,Private room,4.65396,4.53166
16040427,DC,Entire home/apt,6.39526,5.60264
13093970,DC,Entire home/apt,4.48864,4.92990
17527515,NYC,Entire home/apt,6.10702,6.18812
6202908,NYC,Private room,4.24850,4.42033
20250936,DC,Private room,4.60517,4.25086
2023510,LA,Private room,3.91202,4.28147
15520420,LA,Private room,4.17439,4.17015
3175769,NYC,Private room,4.55388,4.38941
1979761,LA,Entire home/apt,4.94164,4.91128
13027365,LA,Entire home/apt,4.49981,4.80092
13798719,DC,Private room,3.91202,5.00822
19775689,LA,Entire home/apt,5.22036,5.09985
6824153,SF,Private room,4.38203,4.52615
16707817,NYC,Private room,4.31749,4.18076
13109933,Boston,Entire home/apt,4.72739,5.85266
14236552,LA,Entire home/apt,4.47734,4.36626
12585980,NYC,Entire home/apt,6.33683,6.12747
17738480,NYC,Entire home/apt,5.29832,5.00486
17161068,Chicago,Entire home/apt,4.92725,5.38242
13789141,LA,Entire home/apt,4.55388,4.88607
4098739,NYC,Private room,4.47734,4.19538
7068804,NYC,Entire home/apt,5.01064,5.18906
7644203,LA,Private room,4.00733,4.05041
13440481,LA,Private room,3.89182,3.96869
19626728,Boston,Private room,4.31749,4.29284
10123090,DC,Entire home/apt,6.15910,5.22079
18945347,SF,Entire home/apt,4.68213,5.40803
14155070,LA,Private room,5.51745,4.73811
19322515,Boston,Private room,4.17439,4.63666
19811196,NYC,Private room,3.91202,3.79912
18467076,Chicago,Entire home/apt,5.85793,5.63748
13829135,DC,Entire home/apt,4.60517,5.23555
187730,LA,Private room,4.59512,4.50635
4183989,NYC,Entire home/apt,4.70048,4.69564
7746285,DC,Entire home/apt,5.24702,5.56415
13626150,LA,Private room,4.00733,4.01690
9833212,LA,Private room,4.85981,4.83674
17656678,LA,Private room,3.97029,4.15964
5895082,LA,Private room,3.91202,4.50195
4130093,LA,Private room,3.97029,4.12579
17776020,Chicago,Private room,3.82864,3.95620
20204794,NYC,Private room,4.60517,4.42656
14314192,DC,Private room,3.91202,4.23204
15662302,NYC,Private room,4.90527,4.44824
20722067,NYC,Entire home/apt,4.70048,4.96814
16987685,LA,Private room,3.63759,4.19151
2513786,LA,Entire home/apt,4.76217,4.75556
4708239,LA,Entire home/apt,5.01064,4.77428
16407066,DC,Entire home/apt,5.06890,4.78738
8956096,SF,Entire home/apt,5.24702,5.25450
6912211,NYC,Private room,4.17439,4.04981
13735275,NYC,Private room,3.80666,3.83284
16241319,LA,Entire home/apt,4.31749,4.49062
14074745,LA,Entire home/apt,5.52146,5.41288
12898987,NYC,Private room,4.17439,4.11220
13396201,LA,Entire home/apt,5.38450,5.03323
8184419,NYC,Entire home/apt,5.01064,4.78774
20011801,LA,Private room,4.47734,4.30647
6956166,SF,Entire home/apt,5.29330,5.17586
17814843,LA,Entire home/apt,7.16627,6.86184
15665076,LA,Entire home/apt,4.60517,4.38277
17858911,NYC,Private room,4.00733,4.07586
13712616,DC,Private room,4.38203,4.61227
15971425,SF,Entire home/apt,5.52146,5.22211
10336727,NYC,Private room,4.09434,4.10079
14129139,Boston,Entire home/apt,5.52146,4.99611
529340,NYC,Entire home/apt,4.65396,4.95756
8978525,LA,Entire home/apt,4.84419,4.86818
14738146,DC,Entire home/apt,4.31749,4.48703
16308282,DC,Entire home/apt,4.70048,4.81836
13314654,SF,Entire home/apt,5.85793,6.09365
6611774,Boston,Entire home/apt,5.55683,5.55001
9954688,Chicago,Private room,4.24850,4.33402
18586184,NYC,Entire home/apt,5.12990,4.91191
1825949,LA,Private room,4.38203,4.55115
7265331,LA,Shared room,3.73767,3.77763
20310694,NYC,Private room,4.23411,4.09325
7264560,LA,Entire home/apt,4.78749,4.57152
2492338,LA,Private room,3.80666,3.93109
945297,Chicago,Entire home/apt,4.77912,4.58675
14430980,NYC,Entire home/apt,4.09434,4.41861
4039038,NYC,Private room,4.38203,4.23886
6582765,Chicago,Entire home/apt,5.07517,4.98352
8758432,LA,Entire home/apt,4.48864,4.81010
1851203,LA,Entire home/apt,4.60517,4.77056
7735030,DC,Entire home/apt,6.26340,5.52315
15507731,NYC,Entire home/apt,5.51745,5.28279
4520941,SF,Entire home/apt,5.70378,5.59837
18368646,NYC,Entire home/apt,5.29832,5.21566
1740690,LA,Entire home/apt,4.49981,4.61979
59818,NYC,Private room,4.38203,4.26155
16602499,NYC,Entire home/apt,5.39363,5.46939
8256069,NYC,Entire home/apt,5.29832,4.78295
4316799,NYC,Entire home/apt,4.60517,4.97118
10964272,Boston,Entire home/apt,4.07754,5.03051
14339068,LA,Entire home/apt,5.29330,5.19837
16225052,NYC,Private room,4.73620,4.22035
9521009,LA,Entire home/apt,4.55388,4.87184
11240558,SF,Private room,5.07517,4.69089
5951991,LA,Private room,4.47734,4.66521
5633532,NYC,Private room,4.78749,4.60916
17268885,NYC,Entire home/apt,5.16479,5.10563
771650,Chicago,Entire home/apt,4.49981,4.50402
19955400,NYC,Private room,4.23411,4.24288
10107260,LA,Entire home/apt,5.04986,5.01796
13587161,NYC,Entire home/apt,5.01064,4.70542
15572690,NYC,Private room,4.82831,4.56671
13449190,NYC,Entire home/apt,4.67283,4.95827
4453406,NYC,Entire home/apt,4.17439,4.49000
17641263,NYC,Private room,4.23411,4.07035
12999167,DC,Shared room,2.70805,3.44474
19103825,LA,Private room,4.48864,4.45833
100710,LA,Private room,4.09434,4.12222
13530772,NYC,Entire home/apt,5.19296,5.11963
8013423,LA,Private room,4.18965,4.25258
18374172,NYC,Entire home/apt,4.65396,5.06078
20995455,LA,Private room,4.54329,4.77944
4258491,LA,Private room,3.80666,4.17496
3757966,LA,Private room,4.31749,4.17412
6046877,Boston,Entire home/apt,5.34233,5.48358
8580038,DC,Entire home/apt,4.93447,4.65887
10945786,LA,Entire home/apt,6.39693,6.11045
4799751,NYC,Private room,4.44265,4.48964
10914116,Chicago,Shared room,2.77259,3.35645
646183,Chicago,Entire home/apt,4.09434,5.03465
18500451,NYC,Private room,4.31749,4.69888
14385288,Chicago,Entire home/apt,5.85507,5.66595
7347908,LA,Entire home/apt,5.29832,4.80726
15942310,NYC,Private room,4.00733,4.02966
13864414,Boston,Entire home/apt,4.78749,4.89920
18959702,NYC,Private room,4.17439,4.27487
1179778,LA,Entire home/apt,5.18178,5.32085
13743160,NYC,Entire home/apt,4.67283,4.82113
5601147,SF,Entire home/apt,5.10595,5.07385
18050153,LA,Entire home/apt,5.70378,5.12846
15969106,NYC,Entire home/apt,4.86753,4.80806
1300216,Chicago,Private room,3.55535,3.99935
14842856,LA,Private room,4.38203,4.81150
7578665,LA,Private room,4.24850,4.20480
18443452,SF,Private room,4.57471,4.58361
14651378,LA,Entire home/apt,5.37064,5.47275
2756856,LA,Private room,3.91202,3.98702
289958,NYC,Entire home/apt,5.13580,5.34428
9404707,SF,Entire home/apt,5.52146,5.51119
997356,LA,Private room,4.24850,4.46926
14017377,LA,Private room,4.34381,4.95296
21056510,LA,Entire home/apt,5.98896,5.44877
20573374,NYC,Private room,4.24850,4.37160
15164480,LA,Entire home/apt,5.85793,5.38256
3038321,LA,Entire home/apt,4.70048,4.49581
5797478,SF,Private room,4.59512,4.80605
7143870,LA,Entire home/apt,5.16479,5.31211
13394529,LA,Entire home/apt,6.13123,5.66805
16406930,LA,Private room,4.24850,4.20856
15239628,SF,Private room,4.60517,4.66289
138711,LA,Entire home/apt,5.24175,4.89419
14119535,LA,Entire home/apt,4.93447,5.10648
13898959,LA,Private room,3.91202,3.89234
9647396,NYC,Private room,4.49981,4.69238
11207904,Chicago,Private room,4.17439,3.88965
17947613,LA,Private room,4.59512,4.73151
6363691,LA,Entire home/apt,5.18739,5.74555
7021345,LA,Private room,5.29832,4.91326
11210105,NYC,Private room,4.60517,4.56297
11416566,LA,Shared room,3.40120,3.44271
12089415,LA,Entire home/apt,4.59512,4.55702
17394906,LA,Entire home/apt,5.52146,4.91716
9247631,NYC,Private room,4.31749,4.09572
19575994,LA,Entire home/apt,5.16479,4.65188
10253271,SF,Entire home/apt,5.78383,5.69480
5161173,SF,Entire home/apt,7.09008,6.03358
23611,NYC,Entire home/apt,5.41610,5.78337
3549314,NYC,Entire home/apt,4.74493,4.73870
13592225,NYC,Private room,4.24850,4.01585
3728937,LA,Entire home/apt,4.69135,4.57108
19455142,LA,Entire home/apt,6.90675,6.48223
4228444,SF,Private room,5.01064,4.92451
11506034,NYC,Private room,3.68888,4.11406
14982952,LA,Entire home/apt,4.82831,4.61856
19209474,NYC,Entire home/apt,4.31749,4.64195
17928387,NYC,Private room,4.17439,4.06928
10175678,LA,Entire home/apt,4.89035,4.94588
17929736,LA,Entire home/apt,5.29832,5.06557
11438999,NYC,Entire home/apt,5.01064,5.09717
19212378,LA,Entire home/apt,5.29832,5.57821
19196930,LA,Private room,3.89182,4.00914
19933876,NYC,Entire home/apt,5.18739,5.57106
14028976,LA,Entire home/apt,5.61677,5.47081
9351803,LA,Entire home/apt,5.56068,5.38814
12903832,DC,Entire home/apt,4.23411,4.73449
16000922,LA,Private room,4.38203,4.32610
2069359,SF,Private room,4.57471,4.46146
1131422,NYC,Private room,4.31749,4.15882
16080436,LA,Entire home/apt,5.97126,5.65305
8683399,LA,Private room,4.06044,4.32270
6591938,NYC,Private room,4.17439,4.22492
17157495,Boston,Private room,4.31749,4.32945
9823806,NYC,Private room,3.73767,3.94659
4286662,NYC,Entire home/apt,4.90527,4.83878
834190,LA,Private room,4.02535,4.35540
9181123,NYC,Private room,4.17439,4.22553
16793684,SF,Entire home/apt,5.69709,5.50721
19453190,DC,Entire home/apt,4.82831,4.53074
7517614,LA,Entire home/apt,4.55388,4.50654
17133241,NYC,Private room,3.91202,4.16280
11180744,DC,Entire home/apt,6.90776,6.33068
16114474,Chicago,Entire home/apt,4.59512,4.85049
13066418,NYC,Shared room,4.55388,4.45424
6900720,DC,Shared room,3.80666,3.80810
15603407,LA,Private room,4.49981,4.21489
12593914,SF,Entire home/apt,5.24702,4.94902
7817350,NYC,Shared room,3.09104,3.74910
16782404,NYC,Entire home/apt,4.49981,4.73103
16426665,NYC,Private room,4.12713,4.07256
19914762,LA,Entire home/apt,4.86753,4.87692
7960648,SF,Entire home/apt,4.81218,5.23253
247778,NYC,Entire home/apt,4.82831,5.01811
16441446,DC,Entire home/apt,5.70044,5.60541
16396651,NYC,Private room,4.60517,4.65313
9607855,LA,Private room,4.44265,4.30937
1905530,NYC,Entire home/apt,5.85793,5.69124
15319850,Chicago,Entire home/apt,4.91265,5.01749
15572519,NYC,Entire home/apt,4.78749,4.91664
4217807,LA,Private room,3.21888,3.53560
10413990,NYC,Private room,4.00733,4.30308
12411491,NYC,Private room,4.60517,4.25252
410169,NYC,Entire home/apt,5.01064,5.93000
743211,LA,Entire home/apt,5.70378,6.50609
15757537,NYC,Entire home/apt,4.60517,4.56506
14568366,NYC,Private room,4.65396,4.48040
10227519,DC,Entire home/apt,5.50126,6.34817
4625393,NYC,Private room,3.80666,4.01337
14873271,DC,Entire home/apt,4.58497,4.44049
4483474,Boston,Private room,4.58497,4.35434
17527586,LA,Entire home/apt,5.38907,5.15217
18033145,NYC,Private room,3.80666,3.90246
18103541,Chicago,Private room,4.17439,3.92757
9549424,LA,Entire home/apt,5.85793,6.17746
20000412,LA,Entire home/apt,5.01064,4.98944
11733534,LA,Entire home/apt,6.30992,6.61452
9752284,NYC,Entire home/apt,5.19296,5.04323
6972554,NYC,Private room,4.38203,4.55138
18025145,LA,Entire home/apt,4.36945,4.51290
7675123,LA,Private room,4.26268,4.33676
16828545,NYC,Shared room,3.80666,4.07992
14539561,NYC,Private room,5.29832,4.74572
230836,LA,Entire home/apt,4.24850,4.32223
8589444,LA,Private room,4.23411,4.83263
9012403,LA,Private room,4.23411,4.24818
10550887,LA,Entire home/apt,5.95324,5.67412
11655500,LA,Private room,4.17439,4.52054
1032610,NYC,Entire home/apt,5.01064,5.02715
1584021,SF,Entire home/apt,6.10925,6.48785
3871007,NYC,Entire home/apt,4.78749,5.32964
20153406,LA,Entire home/apt,6.10925,6.10073
16468083,DC,Entire home/apt,4.70048,5.02099
13148280,NYC,Private room,3.80666,4.05935
10034755,NYC,Private room,3.87120,3.93986
11974572,LA,Entire home/apt,4.86753,5.07388
9652136,NYC,Private room,4.36945,4.44252
15984452,NYC,Shared room,4.57471,4.50731
488097,LA,Entire home/apt,4.78749,4.24390
2509236,NYC,Entire home/apt,5.68698,5.51145
17363448,LA,Private room,4.04305,4.64755
3183836,NYC,Entire home/apt,4.60517,4.71438
15549340,NYC,Private room,4.09434,4.38740
15665542,NYC,Entire home/apt,5.34711,4.98187
20520395,Boston,Entire home/apt,5.41610,5.28831
15635354,LA,Entire home/apt,5.59471,5.40908
18464126,NYC,Entire home/apt,4.82831,4.62893
17086022,NYC,Entire home/apt,5.24702,5.21881
16366990,SF,Entire home/apt,6.39693,5.67147
2988723,NYC,Private room,4.49981,4.64879
2187181,LA,Entire home/apt,5.29330,5.51735
15758952,LA,Entire home/apt,4.80402,5.27201
15273223,NYC,Private room,4.70048,4.49288
16759522,LA,Private room,4.23411,3.98687
16621518,LA,Entire home/apt,5.07517,4.90461
19367314,DC,Entire home/apt,6.74524,6.11933
2323335,LA,Entire home/apt,4.44265,5.58971
10477909,LA,Entire home/apt,5.73334,5.71325
9462355,NYC,Entire home/apt,5.50126,5.30445
16056302,NYC,Private room,3.66356,4.28888
40601,LA,Entire home/apt,4.70048,4.69152
133262,LA,Entire home/apt,4.59512,5.08313
6156931,NYC,Entire home/apt,4.86753,4.72751
1342739,LA,Private room,3.91202,3.93304
7546039,NYC,Private room,4.23411,4.30796
14453697,LA,Entire home/apt,4.90527,4.86779
18529274,NYC,Private room,4.09434,4.01817
17134936,LA,Entire home/apt,5.24702,5.38187
8383335,NYC,Entire home/apt,4.82831,4.71659
191632,NYC,Entire home/apt,4.59512,4.57250
17642429,LA,Private room,4.58497,4.36603
13372860,NYC,Private room,3.68888,4.10937
10946644,NYC,Entire home/apt,5.75257,5.48628
9310959,SF,Entire home/apt,5.31812,5.23589
18058327,LA,Entire home/apt,4.55388,4.75155
13042885,NYC,Entire home/apt,4.59512,4.62086
10195143,LA,Entire home/apt,5.17615,5.56698
15512995,NYC,Private room,3.40120,3.79298
6968949,NYC,Entire home/apt,4.49981,4.63520
13478467,LA,Private room,4.77068,4.72053
423063,NYC,Private room,3.40120,4.01237
10036394,NYC,Private room,3.68888,4.37476
5933753,NYC,Private room,5.01064,4.20048
7616822,NYC,Private room,7.52294,5.74498
15931529,NYC,Private room,4.70048,4.50196
5980111,NYC,Entire home/apt,5.29832,5.21416
1048925,NYC,Entire home/apt,4.58497,4.58572
13752982,SF,Entire home/apt,4.94164,5.05509
1177136,NYC,Entire home/apt,4.78749,5.10752
15346499,NYC,Entire home/apt,4.20469,5.02450
5945655,NYC,Private room,3.91202,4.06325
19387782,LA,Private room,4.82831,4.76415
15222174,NYC,Private room,4.49981,4.51350
15856815,Boston,Private room,4.09434,4.40156
8090999,SF,Private room,4.59512,4.71776
8666764,LA,Entire home/apt,4.74493,4.93672
8908059,Chicago,Private room,4.38203,4.15965
13183727,NYC,Entire home/apt,5.70378,5.88636
20833809,NYC,Entire home/apt,4.35671,4.63328
6781104,NYC,Private room,4.31749,4.39491
14708058,LA,Entire home/apt,6.39693,6.15278
10230641,LA,Entire home/apt,4.82831,4.76581
1922448,NYC,Private room,4.07754,4.30923
9157774,LA,Private room,4.31749,4.40485
11621919,SF,Entire home/apt,5.43808,5.18239
719335,LA,Entire home/apt,5.99146,5.60056
15970318,NYC,Entire home/apt,5.01064,4.99104
18916415,NYC,Private room,4.00733,4.02034
1029482,LA,Entire home/apt,5.01064,4.97687
15902160,SF,Private room,4.49981,4.43324
8761649,SF,Private room,4.44265,4.69848
1870946,NYC,Private room,4.17439,4.40307
18111101,SF,Entire home/apt,5.52146,5.92890
14177145,LA,Private room,5.85793,4.87273
20425965,SF,Entire home/apt,5.70378,5.38485
15164526,Boston,Entire home/apt,5.24702,5.11895
6955757,NYC,Entire home/apt,4.78749,5.11211
1628675,NYC,Private room,4.38203,4.39737
13055148,NYC,Private room,4.00733,3.71676
2586206,LA,Private room,3.68888,4.13706
16333020,LA,Entire home/apt,5.83188,5.43835
5834413,NYC,Private room,6.39693,5.04653
11282069,LA,Private room,3.91202,4.03737
16323876,NYC,Private room,4.47734,4.65515
11189443,NYC,Private room,4.31749,4.11197
18506665,NYC,Entire home/apt,4.78749,4.91762
17811102,NYC,Entire home/apt,6.61338,6.14333
2331886,NYC,Private room,3.91202,4.29520
8974316,LA,Entire home/apt,4.58497,4.38016
686185,LA,Entire home/apt,4.78749,4.83261
918049,LA,Entire home/apt,4.78749,4.31473
17434902,SF,Private room,4.78749,4.87303
578267,LA,Private room,4.49981,4.48257
8226229,NYC,Shared room,3.63759,3.61388
14198804,NYC,Entire home/apt,4.60517,4.74764
16533794,NYC,Entire home/apt,5.10595,4.90085
1901479,NYC,Private room,4.71850,4.49249
18974515,SF,Shared room,3.63759,4.67331
9321531,LA,Shared room,2.77259,3.77940
13276357,Boston,Private room,5.99146,5.12807
18109278,LA,Entire home/apt,6.55108,5.05260
7128675,Chicago,Entire home/apt,4.82831,5.07403
19590073,NYC,Private room,3.68888,3.92321
9026157,DC,Entire home/apt,4.44265,4.79818
16285996,DC,Entire home/apt,6.36303,6.60278
12802866,Boston,Entire home/apt,4.82831,5.05205
13269049,NYC,Entire home/apt,5.16479,4.61494
21163697,SF,Entire home/apt,5.61677,5.51851
19570882,LA,Private room,3.91202,4.41702
4814075,LA,Entire home/apt,4.78749,4.52231
15407479,SF,Private room,4.74493,4.53906
18254098,NYC,Private room,4.24850,4.02430
4257302,LA,Private room,4.49981,4.29014
4263520,NYC,Entire home/apt,5.29832,5.55668
16924264,DC,Private room,4.27667,4.57872
19325562,NYC,Private room,3.91202,4.08388
16686971,Chicago,Private room,4.31749,4.56869
8368794,NYC,Private room,3.80666,4.37243
4782252,NYC,Entire home/apt,4.94164,4.93680
5693978,LA,Entire home/apt,4.48864,4.41980
10243142,DC,Private room,4.48864,4.36475
16570209,NYC,Entire home/apt,5.70378,4.78764
7321292,NYC,Private room,3.80666,4.09033
14935220,SF,Private room,4.34381,4.53673
1356381,NYC,Entire home/apt,4.18965,4.78339
20843971,LA,Entire home/apt,5.63479,4.82652
9696614,NYC,Private room,4.55388,4.42358
18871091,Chicago,Entire home/apt,4.60517,4.59184
12546758,LA,Entire home/apt,4.74493,4.88151
18076385,LA,Entire home/apt,4.31749,4.83386
1660919,NYC,Entire home/apt,5.29832,5.66373
6093619,NYC,Private room,5.01064,4.97063
18177439,NYC,Private room,3.87120,4.02039
1270108,NYC,Entire home/apt,4.65396,4.83458
20087455,LA,Entire home/apt,4.78749,4.96725
12429294,Boston,Entire home/apt,4.77912,4.65672
4424041,LA,Entire home/apt,5.42935,5.35538
863120,SF,Shared room,4.49981,4.51189
8212713,NYC,Entire home/apt,5.03695,5.22340
6956020,LA,Entire home/apt,4.55388,4.89337
18601526,NYC,Private room,5.10595,4.81102
11777292,LA,Private room,4.09434,4.01788
18689804,Boston,Entire home/apt,4.74493,5.19031
15251384,NYC,Entire home/apt,5.29832,4.83173
5927152,NYC,Private room,3.91202,4.02948
7727675,LA,Private room,3.87120,3.90091
18792499,DC,Entire home/apt,4.84419,4.95326
1276783,LA,Entire home/apt,5.70044,5.90669
16691242,LA,Private room,3.63759,3.93371
13320655,LA,Shared room,3.17805,3.40294
13448122,LA,Entire home/apt,4.47734,4.63498
9152059,DC,Entire home/apt,5.17048,4.89654
20085830,NYC,Private room,4.17439,4.51046
10925361,Chicago,Entire home/apt,4.36945,4.36313
17891242,NYC,Private room,3.68888,4.01359
13219480,NYC,Entire home/apt,4.74493,4.84741
18537967,LA,Entire home/apt,7.54961,6.81823
2329807,NYC,Entire home/apt,5.73334,5.37310
6075770,NYC,Private room,4.24850,3.97051
10157254,LA,Private room,4.96284,4.41911
2259719,NYC,Entire home/apt,5.79909,5.54839
13427991,SF,Private room,4.94164,4.80000
18237658,LA,Entire home/apt,4.35671,4.52977
19790601,LA,Private room,3.66356,3.66560
9625434,LA,Private room,4.35671,4.40529
12098778,NYC,Entire home/apt,4.82831,4.99834
1535946,NYC,Private room,4.52179,4.53789
16241255,NYC,Entire home/apt,5.13580,5.02469
2049322,LA,Private room,4.24850,4.09032
20482412,NYC,Private room,4.60517,4.49778
13858506,DC,Private room,3.91202,3.84281
12885478,SF,Private room,4.48864,4.59151
11024323,SF,Entire home/apt,4.94164,5.02491
2399434,LA,Private room,3.87120,4.04202
12287507,SF,Entire home/apt,5.85793,5.97920
17868976,Chicago,Private room,4.55388,4.18889
13344337,SF,Entire home/apt,5.70378,5.17461
12592190,NYC,Private room,4.38203,4.34538
15166420,LA,Private room,4.36945,4.16235
3875424,LA,Entire home/apt,4.49981,4.92972
12471447,NYC,Entire home/apt,4.77912,4.86712
3612661,NYC,Private room,3.68888,3.98223
14527575,LA,Private room,4.06044,4.18700
10205542,Chicago,Entire home/apt,4.17439,4.28159
16580294,NYC,Entire home/apt,5.65249,5.57550
14092722,NYC,Entire home/apt,4.31749,4.55715
9219204,LA,Private room,4.31749,4.05201
8963233,NYC,Entire home/apt,4.70048,5.06722
2051276,NYC,Private room,5.70378,4.73485
16052733,LA,Private room,6.38856,5.12787
6674734,NYC,Private room,4.17439,4.19575
16018596,NYC,Private room,4.14313,4.26101
18073032,SF,Entire home/apt,4.90527,5.09663
19197129,NYC,Entire home/apt,5.66988,5.63632
20175128,NYC,Private room,4.26268,3.96633
4903718,NYC,Private room,3.78419,3.99085
15999214,SF,Private room,5.45959,4.79432
14694453,NYC,Entire home/apt,4.48864,4.95062
354514,LA,Shared room,3.49651,3.88797
5352301,DC,Private room,5.52146,4.55442
16237702,NYC,Private room,5.01064,4.75308
6851966,NYC,Private room,3.98898,3.99618
4969540,LA,Entire home/apt,5.43372,5.20832
13636266,NYC,Private room,4.38203,4.29342
8892174,LA,Private room,5.01064,4.16082
15259634,Chicago,Entire home/apt,4.87520,4.94305
8989344,LA,Private room,3.91202,4.01522
15704713,Chicago,Entire home/apt,4.98361,5.06760
3806145,NYC,Entire home/apt,4.90527,4.72728
12176789,SF,Private room,4.31749,4.55150
13155196,LA,Entire home/apt,4.78749,5.24776
16050077,LA,Private room,7.07327,4.59212
17652756,LA,Private room,4.09434,3.72806
7109689,NYC,Entire home/apt,4.78749,4.98134
6362044,SF,Private room,4.82831,5.02741
13305931,NYC,Private room,4.00733,4.17351
1216507,DC,Entire home/apt,7.40853,5.56491
9771851,Boston,Shared room,4.60517,4.23369
19236716,SF,Entire home/apt,6.02828,5.99417
4792529,LA,Private room,4.09434,4.18417
939407,LA,Entire home/apt,4.59512,4.67733
15714490,SF,Entire home/apt,5.01064,5.18389
13510223,LA,Entire home/apt,4.85981,4.58886
18551084,NYC,Private room,3.55535,3.80228
9512550,NYC,Entire home/apt,5.16479,5.14121
4333029,LA,Entire home/apt,4.49981,4.49478
13829133,NYC,Entire home/apt,5.24175,5.33415
12112174,SF,Entire home/apt,4.85203,5.41156
17720274,NYC,Entire home/apt,5.99146,6.02781
1286943,SF,Private room,4.70048,4.73070
16726298,NYC,Entire home/apt,4.86753,4.75301
17247872,LA,Entire home/apt,4.40672,4.95538
15700585,Boston,Entire home/apt,5.29330,4.99651
5047724,LA,Private room,4.23411,4.20704
17494909,LA,Entire home/apt,4.77912,4.78763
13526536,NYC,Private room,4.38203,4.16815
19073347,NYC,Entire home/apt,4.49981,5.08838
4934421,NYC,Entire home/apt,4.90527,4.99296
15083341,SF,Entire home/apt,4.78749,6.01467
1703480,NYC,Entire home/apt,4.93447,4.89935
16454408,LA,Entire home/apt,4.55388,5.02077
6276352,LA,Entire home/apt,5.13580,5.32593
1633933,NYC,Entire home/apt,5.01064,5.05428
10228228,LA,Private room,3.91202,4.21159
18528021,Chicago,Private room,4.31749,4.19437
12658099,LA,Entire home/apt,6.71538,6.80427
19878366,Chicago,Private room,3.82864,3.93451
19157123,NYC,Private room,3.71357,3.91741
18771633,NYC,Entire home/apt,4.86753,4.92357
15782956,NYC,Private room,3.91202,4.40733
9044516,LA,Entire home/apt,4.73620,4.69993
16616320,NYC,Entire home/apt,5.52146,5.50360
18444225,LA,Entire home/apt,4.82831,4.95342
7861331,NYC,Entire home/apt,4.82831,5.31948
239112,LA,Private room,3.66356,3.87111
5213291,Chicago,Entire home/apt,4.78749,4.76332
9114374,LA,Entire home/apt,4.59512,4.59339
13778127,LA,Entire home/apt,5.19296,5.39251
686373,LA,Entire home/apt,6.67834,6.23471
17944743,SF,Private room,4.30407,4.54318
19141146,LA,Entire home/apt,4.74493,4.75290
17983222,NYC,Entire home/apt,6.80128,5.91927
17194604,LA,Shared room,3.61092,3.73857
13217170,NYC,Private room,3.91202,4.14908
13432336,LA,Private room,4.24850,4.13803
18820267,LA,Entire home/apt,5.00395,4.80146
3998641,Boston,Private room,4.57471,4.42142
20598861,NYC,Entire home/apt,5.61677,5.32552
11221712,SF,Private room,4.55388,4.85849
15769552,LA,Entire home/apt,5.01064,4.82239
2772688,NYC,Entire home/apt,5.30827,5.44435
19548503,LA,Entire home/apt,5.03044,5.89265
20189572,NYC,Entire home/apt,5.98896,5.69812
19909197,Boston,Private room,4.55388,4.45805
6120375,NYC,Entire home/apt,5.34711,4.92187
18208324,LA,Private room,4.09434,4.12985
14197816,NYC,Private room,6.65929,4.04154
12784285,NYC,Entire home/apt,4.65396,4.78358
8068957,NYC,Entire home/apt,5.13580,5.01291
4881948,LA,Entire home/apt,4.97673,4.87247
13941690,SF,Private room,5.85793,5.16357
17040694,NYC,Private room,5.29832,4.23618
14338847,NYC,Private room,4.78749,4.32334
12202247,LA,Entire home/apt,4.59512,4.80577
3767699,LA,Entire home/apt,5.68698,5.86579
9807848,Boston,Entire home/apt,5.29832,5.06071
3206029,LA,Entire home/apt,5.17615,5.31561
23269,Chicago,Private room,3.91202,4.21268
3302259,NYC,Private room,4.48864,4.15489
19011610,SF,Private room,4.78749,4.78365
12761363,NYC,Shared room,4.17439,3.86248
13814281,SF,Entire home/apt,5.07517,5.40527
15251965,LA,Entire home/apt,4.30407,5.08084
15204902,LA,Entire home/apt,5.17048,5.35494
20046845,LA,Entire home/apt,4.55388,4.66961
16151679,Chicago,Entire home/apt,5.29832,5.42486
7733108,LA,Entire home/apt,5.01064,4.98400
13335441,LA,Private room,4.24850,4.30066
16518843,SF,Entire home/apt,5.39363,5.67989
13492765,LA,Private room,3.49651,3.87601
10903288,LA,Entire home/apt,4.78749,4.86671
19112252,NYC,Entire home/apt,5.52146,5.27030
837236,LA,Entire home/apt,4.44265,4.73736
17439485,NYC,Entire home/apt,5.56068,5.18072
17121101,NYC,Entire home/apt,5.85793,5.34672
12368359,NYC,Private room,4.09434,4.28857
11563821,NYC,Entire home/apt,4.70048,4.53433
5385139,NYC,Entire home/apt,4.59512,4.83363
7259166,NYC,Private room,3.68888,3.80510
15821649,LA,Entire home/apt,4.94164,4.84405
16252818,NYC,Entire home/apt,5.12990,4.86519
13973810,LA,Private room,4.07754,4.44842
8470974,DC,Entire home/apt,4.90527,5.14442
15985071,LA,Entire home/apt,4.82831,4.78348
15412966,NYC,Shared room,3.80666,3.96054
3820775,NYC,Private room,4.23411,4.08711
14161670,SF,Entire home/apt,2.30259,5.82559
13614923,NYC,Private room,4.06044,4.34146
18311966,NYC,Entire home/apt,5.52146,5.17388
13494070,SF,Entire home/apt,5.68698,5.38949
12442,NYC,Private room,4.59512,4.16885
13573625,SF,Private room,4.90527,5.07361
17794378,LA,Private room,3.68888,4.56002
17993090,NYC,Entire home/apt,4.54329,4.76842
18339858,LA,Private room,4.74493,4.41824
19199747,NYC,Entire home/apt,5.24702,5.01139
8689608,LA,Entire home/apt,4.83628,5.26139
13514862,LA,Entire home/apt,4.70048,4.52798
13548874,LA,Entire home/apt,4.93447,5.33815
10038862,LA,Entire home/apt,5.27300,4.83108
11743628,LA,Entire home/apt,5.35659,4.96764
9140055,NYC,Entire home/apt,5.07517,4.59535
15552297,Chicago,Private room,4.47734,4.53413
21111688,NYC,Entire home/apt,4.38203,4.66604
1712462,LA,Private room,5.29832,3.97503
9041513,NYC,Private room,4.60517,4.28250
19471490,LA,Entire home/apt,4.97673,4.88690
17880254,NYC,Private room,4.87520,4.53112
3257979,NYC,Entire home/apt,5.92693,5.47904
17641625,SF,Private room,4.60517,4.88281
16395652,LA,Private room,3.91202,4.34637
13716229,SF,Entire home/apt,5.98896,5.79516
3979641,LA,Entire home/apt,4.70048,4.67899
10702865,NYC,Entire home/apt,4.44265,4.50155
19770930,LA,Shared room,3.91202,3.54367
658121,NYC,Private room,4.38203,3.98986
19219431,NYC,Private room,5.43808,4.43213
562621,DC,Entire home/apt,6.39693,5.69313
11529833,Boston,Entire home/apt,4.91265,5.28240
409262,NYC,Entire home/apt,6.07074,5.91513
6954861,NYC,Entire home/apt,5.13580,5.09031
11732961,NYC,Private room,3.49651,4.08348
8277718,NYC,Entire home/apt,5.07517,5.17486
11970301,LA,Entire home/apt,4.90527,4.75029
1992217,NYC,Private room,4.00733,4.12080
504534,DC,Entire home/apt,5.66988,4.94429
17503486,NYC,Private room,3.68888,4.04165
990400,DC,Entire home/apt,6.21461,5.73320
11972808,NYC,Private room,3.91202,4.10639
16194451,NYC,Private room,4.48864,4.73016
8390793,NYC,Entire home/apt,4.94164,5.08301
4238100,SF,Entire home/apt,6.90776,6.31851
11712752,LA,Entire home/apt,5.29832,5.41768
813736,NYC,Private room,4.17439,4.11688
12891416,NYC,Private room,4.23411,4.37581
13280387,LA,Entire home/apt,6.74524,6.26320
3303849,LA,Entire home/apt,4.49981,4.71705
17608870,LA,Private room,4.09434,4.47185
16374819,NYC,Entire home/apt,4.36945,4.85985
1304459,NYC,Private room,3.68888,3.99656
15807846,LA,Entire home/apt,4.38203,4.49636
7883602,NYC,Private room,4.59512,4.46532
6235648,NYC,Private room,4.44265,4.56610
785450,DC,Entire home/apt,5.27300,4.89278
16475938,NYC,Private room,3.80666,3.79803
13115113,SF,Entire home/apt,5.16479,5.07906
2724993,NYC,Entire home/apt,5.52146,5.35049
15582004,NYC,Private room,4.44265,4.55406
11208010,NYC,Private room,4.31749,4.27642
7711161,NYC,Entire home/apt,4.77068,5.07614
20635474,NYC,Private room,4.24850,4.25503
10706099,NYC,Entire home/apt,4.74493,5.18814
18209946,NYC,Private room,5.52146,4.97756
20332555,LA,Private room,4.53260,4.60796
15926153,SF,Entire home/apt,6.02828,5.56653
9551027,LA,Private room,4.31749,4.14722
10334372,LA,Entire home/apt,4.74493,4.92802
3513651,LA,Entire home/apt,5.12990,5.09357
14708934,NYC,Private room,3.80666,3.88018
374548,LA,Shared room,3.71357,3.41015
17936933,NYC,Entire home/apt,5.27300,5.17443
17589398,Boston,Entire home/apt,4.85981,5.23534
8838861,NYC,Private room,4.24850,3.90679
17316119,LA,Private room,4.15888,4.00662
10540791,NYC,Private room,4.60517,4.43318
17266782,LA,Entire home/apt,4.44265,4.57833
543730,NYC,Private room,4.17439,4.22693
9414237,SF,Private room,4.60517,4.66856
9492678,Chicago,Private room,4.97673,4.38398
16912592,NYC,Private room,3.40120,4.50272
18176858,NYC,Private room,4.90527,4.86038
16797996,NYC,Entire home/apt,5.63479,5.18403
15238962,NYC,Entire home/apt,5.07517,4.76056
16004758,LA,Private room,3.93183,4.58730
9310390,LA,Private room,4.31749,4.45721
10544608,NYC,Entire home/apt,4.24850,5.12613
13956641,LA,Entire home/apt,5.29832,5.16752
8939341,Chicago,Private room,5.16479,4.31464
18345677,SF,Entire home/apt,5.16479,5.10252
16587110,NYC,Private room,4.49981,4.61830
14314894,NYC,Entire home/apt,5.79909,5.13971
9395230,LA,Entire home/apt,5.59471,5.11056
9904661,NYC,Private room,4.17439,4.04128
9637712,SF,Entire home/apt,4.86753,4.88891
17433589,SF,Entire home/apt,6.55108,6.37714
15289891,NYC,Private room,4.07754,4.16038
8237735,LA,Entire home/apt,6.16331,6.48371
8584424,NYC,Private room,4.43082,4.04450
12932980,LA,Entire home/apt,5.13580,5.11167
911191,NYC,Entire home/apt,5.22036,4.95148
9606795,LA,Private room,3.52636,3.95166
12122102,Boston,Private room,3.91202,4.06796
15973838,DC,Entire home/apt,4.20469,4.50975
13542287,SF,Private room,6.39693,6.10083
17111619,NYC,Entire home/apt,4.78749,4.78742
2843388,NYC,Private room,4.17439,4.08540
12253881,NYC,Entire home/apt,5.99146,6.00112
5105989,SF,Entire home/apt,5.07517,5.04075
17791986,NYC,Private room,3.68888,3.90563
14413896,NYC,Private room,4.36945,4.32767
8392466,LA,Entire home/apt,4.59512,4.79787
20762089,NYC,Entire home/apt,5.29832,5.00230
1346414,NYC,Private room,3.91202,4.15109
19567154,LA,Entire home/apt,5.85793,5.78442
14552222,LA,Entire home/apt,5.86930,5.48334
6526902,Chicago,Private room,5.29832,4.57468
12988802,NYC,Entire home/apt,5.51745,5.22818
20558649,NYC,Entire home/apt,4.69135,4.89548
62122,NYC,Private room,4.07754,3.96004
19932387,NYC,Entire home/apt,6.39693,5.89670
12710776,NYC,Entire home/apt,4.07754,4.54902
5258865,DC,Entire home/apt,4.96981,4.70818
16037167,SF,Entire home/apt,5.27300,5.48010
3761734,NYC,Entire home/apt,5.29832,4.97382
7939196,LA,Private room,4.17439,4.25193
1961937,NYC,Entire home/apt,5.01064,5.32357
16703018,SF,Private room,4.31749,4.83382
3984741,LA,Entire home/apt,5.70378,5.19248
6642942,LA,Entire home/apt,4.84419,4.89674
9603803,NYC,Entire home/apt,4.58497,4.75305
11993790,NYC,Entire home/apt,5.41610,5.56242
4085413,NYC,Private room,4.86753,4.08206
9812621,Boston,Entire home/apt,4.86753,5.11170
953971,DC,Private room,4.17439,4.43932
16689440,LA,Entire home/apt,4.60517,4.53392
3521028,SF,Private room,4.74493,4.87186
12342269,DC,Entire home/apt,4.44265,4.61079
9048777,SF,Entire home/apt,5.41610,5.55780
13379868,NYC,Entire home/apt,4.49981,4.40761
1778588,NYC,Entire home/apt,4.38203,4.84447
12854121,Boston,Private room,3.55535,4.27403
760794,LA,Entire home/apt,5.24175,5.43728
12335546,SF,Entire home/apt,5.13580,5.42924
14731527,LA,Entire home/apt,6.68461,5.69985
14317005,LA,Entire home/apt,4.60517,4.57317
20269685,DC,Entire home/apt,4.78749,5.00949
9943217,LA,Entire home/apt,4.09434,4.66096
4142783,LA,Entire home/apt,5.45959,5.33993
8614487,LA,Entire home/apt,6.21461,6.26866
2041041,LA,Private room,5.01064,4.46627
760827,NYC,Entire home/apt,5.39363,5.38351
5993121,LA,Private room,4.07754,4.28871
635662,NYC,Private room,4.78749,4.28205
1012454,NYC,Shared room,5.52146,4.44107
7883833,LA,Private room,4.07754,3.99560
2361087,DC,Entire home/apt,5.52146,5.23959
12513824,LA,Private room,4.00733,4.07412
13115105,Boston,Private room,3.63759,4.06651
3061106,DC,Private room,5.41610,4.24931
19996863,LA,Entire home/apt,4.44265,4.63947
20434819,NYC,Entire home/apt,6.36303,5.43085
15735076,NYC,Entire home/apt,4.24850,5.05262
1853765,LA,Private room,4.24850,3.98305
18207633,NYC,Private room,3.80666,3.94690
1445064,LA,Entire home/apt,4.59512,5.12215
219486,Chicago,Entire home/apt,3.91202,5.63471
16012168,LA,Entire home/apt,4.74493,4.72939
13576340,NYC,Entire home/apt,4.60517,4.61893
2770561,NYC,Entire home/apt,4.78749,5.23292
1907152,NYC,Entire home/apt,4.94164,5.18068
18435279,NYC,Entire home/apt,5.16479,5.20555
7178556,SF,Private room,5.01064,4.78494
18174737,LA,Entire home/apt,3.76120,4.34297
8669415,NYC,Private room,3.91202,4.49408
11431109,NYC,Private room,4.49981,4.63571
8117944,DC,Entire home/apt,4.94164,4.99147
9772623,LA,Entire home/apt,5.29832,5.05084
2437328,SF,Entire home/apt,5.03695,4.88771
7784761,NYC,Entire home/apt,5.68698,5.29359
5849825,LA,Entire home/apt,5.76205,5.63202
19828183,DC,Entire home/apt,5.04343,5.05763
11047726,LA,Private room,4.15888,3.95354
14991559,Chicago,Entire home/apt,5.98896,5.50997
11847799,NYC,Private room,4.24850,4.30290
10537712,SF,Private room,4.60517,4.62026
12708231,NYC,Entire home/apt,4.82028,5.00908
16486976,LA,Private room,4.59512,3.86596
8634515,NYC,Private room,4.09434,4.22924
5222426,LA,Entire home/apt,4.59512,4.73989
7648382,LA,Shared room,3.91202,3.86190
10578419,NYC,Private room,4.31749,4.16355
9810971,NYC,Entire home/apt,5.63479,5.56214
18477519,NYC,Entire home/apt,6.13123,5.89002
17826647,LA,Entire home/apt,4.49981,4.51830
3519611,LA,Entire home/apt,4.60517,4.78866
876477,Boston,Entire home/apt,5.50939,5.42355
16483113,LA,Entire home/apt,5.06260,4.83341
20435773,LA,Private room,4.90527,4.51722
19591203,NYC,Private room,4.09434,4.20730
11781684,LA,Entire home/apt,4.86753,5.26052
18878564,NYC,Private room,4.60517,5.87238
8309708,SF,Private room,4.94164,4.88022
13895190,Chicago,Entire home/apt,5.29832,5.04078
8142536,NYC,Entire home/apt,5.99146,5.63657
11296590,NYC,Entire home/apt,5.95324,5.46522
10386033,NYC,Private room,4.94164,4.04125
8539830,NYC,Private room,4.59512,4.87476
20780311,NYC,Entire home/apt,5.01064,4.69965
17297,NYC,Entire home/apt,5.24175,5.02750
4964310,SF,Entire home/apt,5.07517,5.30586
15692740,SF,Entire home/apt,5.24175,5.72555
16561024,Chicago,Entire home/apt,4.49981,4.42007
4776045,LA,Entire home/apt,4.34381,4.42059
1499650,LA,Entire home/apt,4.60517,4.68604
5946680,NYC,Entire home/apt,4.90527,5.15014
1051837,NYC,Entire home/apt,5.16479,5.12065
17500049,LA,Private room,4.49981,4.23468
18451625,NYC,Entire home/apt,4.78749,5.31092
17479323,LA,Private room,4.17439,4.41760
18506602,NYC,Private room,4.36945,4.79839
11690749,NYC,Entire home/apt,5.00395,4.82219
7727048,SF,Entire home/apt,5.70378,5.53942
1570418,NYC,Private room,3.55535,3.73758
17708004,LA,Private room,5.29330,4.61820
4125559,LA,Entire home/apt,4.65396,4.65192
9078187,LA,Entire home/apt,5.29330,5.16076
7804980,DC,Entire home/apt,7.09008,6.08125
12848115,Chicago,Private room,4.60517,4.30284
17876921,NYC,Entire home/apt,5.10595,5.28365
11300270,LA,Private room,3.91202,3.81387
13137179,LA,Private room,4.78749,4.04679
234355,Boston,Private room,4.31749,4.13938
4137645,NYC,Entire home/apt,5.29832,5.77140
17753953,NYC,Private room,4.38203,4.23373
10076836,LA,Entire home/apt,5.13580,5.04754
18396670,NYC,Entire home/apt,5.47646,5.44971
16147304,NYC,Private room,5.07517,4.71740
17591266,NYC,Entire home/apt,5.70378,5.18368
13015710,LA,Entire home/apt,5.70378,5.37079
774323,LA,Private room,5.12990,4.63762
15619387,NYC,Private room,4.31749,4.95445
16028407,LA,Entire home/apt,5.01064,5.19394
8656682,LA,Entire home/apt,4.57471,4.85045
821036,LA,Shared room,3.91202,4.10518
15009701,LA,Entire home/apt,5.29330,5.81252
5207973,Chicago,Entire home/apt,5.24702,5.27833
19380186,NYC,Private room,3.85015,4.12608
19139989,LA,Entire home/apt,5.29330,5.16362
1295259,NYC,Private room,4.36945,4.42750
6447231,NYC,Private room,4.06044,4.13135
17975615,NYC,Private room,4.59512,4.28082
2765041,Boston,Entire home/apt,5.29832,5.16666
1641601,DC,Entire home/apt,5.96615,6.08057
17619996,NYC,Entire home/apt,5.01064,4.75137
20174776,NYC,Private room,3.71357,4.28150
1415363,Boston,Entire home/apt,6.39693,5.50935
18735631,LA,Private room,3.68888,3.65142
2056307,SF,Entire home/apt,5.55296,5.34009
187566,NYC,Private room,4.00733,4.19399
12252061,LA,Entire home/apt,5.01064,4.75756
436619,Boston,Entire home/apt,5.52146,5.46335
18853584,NYC,Entire home/apt,4.48864,4.66986
184314,LA,Private room,4.70048,4.64706
4661515,NYC,Private room,5.16479,4.28796
16488845,NYC,Private room,3.49651,4.19620
7173864,NYC,Private room,4.47734,4.28201
14492222,Boston,Entire home/apt,5.16479,5.14146
3219230,NYC,Private room,4.34381,4.65477
15150957,LA,Entire home/apt,5.96615,5.55274
18092308,LA,Shared room,4.38203,4.13239
20706648,NYC,Private room,4.86753,4.49689
1257025,SF,Entire home/apt,7.20786,6.53773
16815514,Boston,Private room,4.09434,4.14525
18158931,NYC,Private room,4.17439,4.03886
5894824,NYC,Entire home/apt,5.27300,5.23337
9344923,SF,Entire home/apt,5.85793,5.91899
13877533,NYC,Entire home/apt,4.70048,5.21884
8761496,LA,Entire home/apt,5.41610,5.80024
10746511,LA,Entire home/apt,4.93447,4.89528
8321495,LA,Shared room,3.68888,3.98288
8735671,NYC,Entire home/apt,5.29832,5.29460
7991399,SF,Private room,4.60517,4.64794
7430588,Boston,Private room,4.00733,4.16629
7947804,NYC,Private room,3.91202,4.10629
3931514,LA,Entire home/apt,4.29046,4.58649
16310570,Boston,Private room,4.49981,4.16679
19757788,NYC,Entire home/apt,5.99146,5.97508
13516315,LA,Entire home/apt,7.49554,4.90513
10687049,NYC,Entire home/apt,5.07517,5.19974
15565299,LA,Entire home/apt,5.37064,5.00731
17369445,DC,Entire home/apt,4.86753,4.61099
6847634,SF,Private room,4.81218,4.91214
16561484,NYC,Private room,4.09434,4.09098
13885227,LA,Entire home/apt,5.29330,5.22810
16271468,NYC,Entire home/apt,5.29330,5.31407
12701430,NYC,Private room,4.38203,4.38109
19204717,NYC,Shared room,4.17439,4.38625
16111812,NYC,Private room,4.77912,4.18934
201992,LA,Entire home/apt,4.21951,4.44802
5694596,Chicago,Entire home/apt,5.00395,5.02677
20656162,SF,Private room,5.06890,5.10463
5261712,NYC,Private room,4.85981,4.66665
18736692,SF,Entire home/apt,5.43808,5.77307
8114466,SF,Entire home/apt,5.01064,5.12452
15517104,NYC,Private room,3.87120,4.35482
1316512,NYC,Private room,3.80666,3.84453
1076871,NYC,Private room,4.04305,3.98901
14709106,LA,Private room,3.89182,4.25854
11626795,LA,Entire home/apt,5.23111,5.13620
18022444,LA,Private room,4.07754,4.29205
15590051,NYC,Private room,4.82831,4.54673
17224209,NYC,Entire home/apt,7.09008,6.00267
18369169,LA,Entire home/apt,5.70378,5.80657
2233876,NYC,Private room,3.61092,3.99829
3434284,LA,Entire home/apt,4.86753,4.65479
2130640,SF,Private room,4.31749,4.28981
5920088,NYC,Private room,4.24850,4.26359
1632636,NYC,Entire home/apt,4.69135,4.78438
11624619,NYC,Private room,3.87120,4.41412
7853079,NYC,Entire home/apt,5.52146,5.18585
12684093,LA,Private room,3.91202,4.23643
1024339,NYC,Private room,3.55535,3.79956
20068164,NYC,Private room,3.68888,4.10600
2570642,DC,Private room,4.90527,4.70685
3616547,NYC,Private room,3.68888,3.93244
9149812,LA,Entire home/apt,5.50533,5.64384
15447568,NYC,Private room,4.60517,4.10456
10980678,Chicago,Private room,3.82864,3.92317
10545534,LA,Entire home/apt,5.24175,5.13335
25406,NYC,Private room,7.09008,6.16275
1747484,LA,Shared room,3.66356,3.66331
16630937,DC,Private room,5.04343,4.68459
20335684,NYC,Entire home/apt,5.04343,5.33251
9564600,NYC,Private room,6.21461,4.54314
3060408,Chicago,Private room,3.55535,3.71733
6794409,NYC,Entire home/apt,5.27300,5.01071
2135314,DC,Private room,4.60517,4.80665
20504755,LA,Private room,4.55388,4.37579
3324173,NYC,Entire home/apt,4.65396,4.58882
15256258,NYC,Entire home/apt,5.41610,5.15230
14205598,NYC,Entire home/apt,5.99146,5.46828
3401271,LA,Shared room,4.49981,4.45848
3979628,SF,Private room,4.70048,4.64018
13587216,NYC,Private room,4.21951,4.20007
215161,SF,Entire home/apt,6.06379,5.49173
20331402,SF,Entire home/apt,5.55683,5.63967
14154373,NYC,Private room,4.09434,4.22286
17045313,DC,Entire home/apt,5.21494,5.28231
18973686,NYC,Entire home/apt,5.19296,4.95346
10070147,SF,Entire home/apt,4.90527,5.34526
7788565,NYC,Entire home/apt,4.90527,4.90555
12862860,Boston,Private room,4.38203,4.15176
13797236,NYC,Private room,4.74493,4.58135
3741352,NYC,Entire home/apt,5.07517,4.70454
14142298,NYC,Private room,4.36945,4.65669
2168753,LA,Entire home/apt,5.29330,5.04100
8719309,Boston,Private room,3.68888,3.75298
16097675,SF,Private room,5.16479,5.00274
11947138,DC,Shared room,3.09104,3.73832
1175429,LA,Entire home/apt,4.82831,4.55396
6863948,NYC,Entire home/apt,4.80402,4.87923
18413557,NYC,Entire home/apt,4.82831,4.78652
8885567,LA,Entire home/apt,4.09434,4.22861
4891218,NYC,Entire home/apt,5.01064,5.32067
19007419,SF,Entire home/apt,5.66643,5.37451
5070687,NYC,Private room,4.12713,4.32406
5106214,NYC,Entire home/apt,5.66296,5.17529
17444683,LA,Private room,3.80666,4.22052
10871922,Chicago,Private room,4.59512,4.79572
17684246,Chicago,Private room,4.24850,4.11478
13522012,LA,Entire home/apt,5.00395,4.80279
11714752,NYC,Entire home/apt,5.68698,5.40946
3801407,Chicago,Private room,3.46574,3.85967
19744093,NYC,Entire home/apt,5.68698,5.39592
3095580,NYC,Private room,3.36730,4.07462
558205,NYC,Entire home/apt,5.01064,5.61317
19103749,Chicago,Entire home/apt,5.11799,5.16249
328989,NYC,Shared room,5.18739,4.22548
17122550,NYC,Private room,4.60517,4.41080
10635609,SF,Entire home/apt,5.88610,6.53618
16976215,LA,Private room,4.59512,4.45544
14449619,DC,Entire home/apt,7.31322,7.15314
1831098,NYC,Private room,3.89182,3.79065
19020541,NYC,Private room,4.21951,3.94844
10692326,SF,Private room,6.21461,5.86616
271660,DC,Entire home/apt,2.70805,5.32063
17296595,NYC,Private room,3.68888,4.03686
16291046,NYC,Private room,3.80666,3.88034
8515213,LA,Private room,3.55535,4.31023
14077321,LA,Entire home/apt,5.94017,5.53319
21105379,NYC,Entire home/apt,5.01064,4.80658
10770507,NYC,Entire home/apt,5.29832,4.80360
229874,LA,Entire home/apt,4.57471,5.29473
15591362,SF,Private room,4.31749,4.52442
13033682,LA,Entire home/apt,5.66643,5.23269
818377,NYC,Entire home/apt,5.70378,5.27755
15241950,LA,Entire home/apt,4.86753,4.45135
4197614,Chicago,Entire home/apt,5.94017,5.08826
837164,NYC,Entire home/apt,5.68698,6.13397
5046894,LA,Private room,3.55535,3.90541
4417901,Boston,Entire home/apt,5.11199,5.27808
8511404,NYC,Entire home/apt,4.78749,4.80637
20904816,NYC,Entire home/apt,4.74493,4.37659
16503552,LA,Entire home/apt,4.31749,4.52155
17717219,NYC,Entire home/apt,4.74493,4.79664
17489076,NYC,Entire home/apt,5.15329,5.24406
12390777,Chicago,Entire home/apt,4.65396,4.52419
3725902,NYC,Private room,4.38203,4.42617
17013623,NYC,Private room,4.94164,4.55126
6107289,DC,Entire home/apt,6.34739,5.85610
20814166,Chicago,Private room,3.40120,3.95503
19927574,LA,Entire home/apt,5.29832,5.50371
12113829,LA,Entire home/apt,5.16479,5.54623
16092710,NYC,Private room,4.24850,3.96864
17850135,NYC,Private room,3.91202,3.96414
18125276,LA,Private room,4.23411,4.70689
8130534,LA,Entire home/apt,5.65249,5.51571
11137382,NYC,Private room,4.74493,4.53311
19115873,Chicago,Entire home/apt,4.94164,4.89189
10229367,NYC,Entire home/apt,4.85203,4.67899
15666543,LA,Private room,3.91202,3.99246
11626561,LA,Entire home/apt,3.80666,4.59850
19971077,NYC,Private room,4.24850,3.90546
1948096,NYC,Private room,4.78749,4.56219
4772168,NYC,Entire home/apt,5.10595,5.10370
19141351,LA,Private room,3.91202,4.06252
6731136,LA,Entire home/apt,5.22036,5.39133
12227784,LA,Private room,5.00395,4.56227
13252358,SF,Entire home/apt,5.07517,5.08702
19785015,NYC,Private room,3.66356,3.90884
18061194,SF,Private room,4.97673,4.89889
8564046,NYC,Entire home/apt,4.31749,4.61772
16164086,NYC,Entire home/apt,6.55108,5.52603
3581652,LA,Shared room,4.31749,3.74020
20931718,LA,Private room,4.23411,4.30397
18391536,DC,Entire home/apt,5.01064,5.21956
2263350,LA,Private room,4.09434,4.11498
9200558,NYC,Shared room,3.55535,4.10718
2141306,Boston,Entire home/apt,5.69709,6.03023
15411327,NYC,Private room,4.55388,4.65733
477122,NYC,Private room,3.89182,4.26672
1695885,SF,Entire home/apt,5.56452,6.20456
6987772,Chicago,Entire home/apt,4.60517,4.72788
500886,NYC,Private room,4.60517,4.30926
17286407,Boston,Entire home/apt,4.69135,5.18274
8518385,NYC,Private room,3.80666,3.95459
9961396,NYC,Entire home/apt,4.48864,4.57377
16613506,LA,Private room,3.40120,3.72790
17964110,NYC,Entire home/apt,5.43372,5.49500
18769363,NYC,Private room,4.09434,3.98427
12917134,LA,Private room,6.17379,5.18631
20896694,LA,Shared room,4.59512,4.12545
5783899,NYC,Private room,4.00733,4.08923
6356661,LA,Entire home/apt,5.61677,6.13128
3614621,NYC,Entire home/apt,4.86753,5.02179
15884157,NYC,Entire home/apt,4.78749,4.76384
9151072,SF,Entire home/apt,6.10925,6.06062
11145774,LA,Entire home/apt,5.01064,5.09396
8191540,NYC,Private room,4.31749,4.43783
1034911,Boston,Entire home/apt,5.39363,5.17790
13494009,LA,Private room,5.24702,4.87709
17812059,LA,Entire home/apt,4.40672,5.22027
10170115,NYC,Entire home/apt,5.92693,5.67929
9978664,NYC,Private room,4.60517,4.45471
33009,LA,Private room,4.38203,4.35733
13333424,LA,Private room,3.71357,4.29879
7989972,LA,Private room,4.00733,4.22962
9485566,NYC,Entire home/apt,4.94164,4.67078
10828914,NYC,Private room,4.31749,4.09087
1126944,Chicago,Private room,4.31749,4.44573
13830851,NYC,Entire home/apt,5.09375,5.18431
19532789,SF,Private room,4.65396,4.68268
16616875,LA,Entire home/apt,5.52146,6.20828
10550012,NYC,Entire home/apt,3.73767,4.89623
15206127,Boston,Entire home/apt,6.18415,6.11732
460036,NYC,Private room,4.23411,3.86608
6041717,NYC,Private room,4.31749,4.07743
11552863,LA,Private room,3.80666,4.12355
4056327,NYC,Entire home/apt,4.97673,4.84833
15913986,NYC,Entire home/apt,5.27300,5.10120
7714627,SF,Private room,4.60517,4.50574
16794336,LA,Private room,4.24850,4.35803
15915050,NYC,Shared room,3.36730,3.91974
11972209,NYC,Entire home/apt,5.99146,6.04955
3529500,LA,Private room,4.59512,4.57007
3455337,NYC,Private room,4.70953,4.96637
12028198,NYC,Private room,4.11087,3.98639
21042188,SF,Private room,4.38203,4.49508
7630340,LA,Entire home/apt,5.16479,5.06005
6198343,Chicago,Private room,3.80666,3.89852
1914591,NYC,Private room,4.60517,4.49548
16738281,DC,Entire home/apt,4.38203,4.72879
17944309,LA,Private room,4.38203,4.15789
20618503,LA,Entire home/apt,5.01064,5.15576
16187195,NYC,Entire home/apt,4.94164,5.10463
17190715,LA,Entire home/apt,4.87520,4.75767
5374860,DC,Entire home/apt,4.86753,4.74418
5163299,DC,Entire home/apt,5.59471,5.36100
19432091,NYC,Private room,4.65396,4.54988
14594837,NYC,Private room,4.44265,4.32604
12905264,LA,Entire home/apt,4.68213,4.61046
17574753,NYC,Entire home/apt,5.01064,5.11342
10853162,NYC,Entire home/apt,5.29832,5.25994
18756239,NYC,Entire home/apt,4.71850,4.64355
19295709,NYC,Entire home/apt,4.59512,5.47749
6436884,DC,Private room,5.04343,4.77849
16963865,NYC,Private room,4.14313,4.24066
18707082,NYC,Entire home/apt,4.31749,4.77821
14076114,LA,Entire home/apt,4.21951,4.65063
16732951,Boston,Entire home/apt,5.85793,5.52232
2899303,NYC,Entire home/apt,4.60517,4.73690
8597259,SF,Entire home/apt,6.47697,5.51088
20304656,SF,Private room,3.98898,4.50507
12453462,NYC,Private room,4.60517,4.48377
9623051,SF,Entire home/apt,5.99146,6.12967
12851307,LA,Private room,5.85793,4.97680
261674,NYC,Private room,3.91202,4.28694
14552659,NYC,Entire home/apt,5.29832,5.10665
7938624,LA,Entire home/apt,4.78749,4.90148
3842694,LA,Private room,4.44265,4.25591
548815,NYC,Entire home/apt,5.01064,5.23576
7224581,NYC,Private room,4.07754,4.32803
14650357,NYC,Private room,4.86753,4.84678
16461640,NYC,Private room,4.24850,4.20304
5870127,NYC,Private room,4.60517,4.14755
4841257,SF,Entire home/apt,5.70378,5.10090
1438972,Chicago,Private room,4.24850,4.11234
19950267,LA,Private room,3.40120,4.32768
16163672,NYC,Entire home/apt,4.68213,5.24526
446757,NYC,Private room,5.29832,4.19133
14404830,LA,Private room,3.91202,3.96284
1236739,DC,Private room,4.09434,4.21817
9976626,LA,Private room,3.33220,4.08250
19138477,LA,Entire home/apt,5.29832,5.40055
18915064,NYC,Private room,3.68888,4.04183
18132286,DC,Private room,3.87120,4.35869
19159660,Chicago,Private room,3.55535,3.65273
21134587,DC,Entire home/apt,5.78383,5.34099
2693359,DC,Entire home/apt,6.90776,6.23798
9156035,LA,Entire home/apt,5.52146,5.89073
1096191,LA,Entire home/apt,4.60517,4.64623
723906,NYC,Private room,4.38203,4.45052
17988147,Chicago,Entire home/apt,5.29832,5.37985
20438126,LA,Entire home/apt,5.00395,4.84547
15881503,LA,Private room,4.21951,4.21886
9023960,NYC,Private room,4.24850,4.10522
3729856,NYC,Entire home/apt,5.07517,5.19524
842973,NYC,Private room,4.09434,3.93772
13515087,LA,Entire home/apt,5.70378,5.39085
14487072,LA,Private room,5.00395,4.67913
9716424,Chicago,Entire home/apt,4.59512,4.98221
6331695,Chicago,Entire home/apt,4.09434,4.57149
915020,NYC,Private room,4.69135,4.44925
18121314,NYC,Private room,4.24850,4.21557
9064582,NYC,Entire home/apt,5.41610,5.02241
17571304,NYC,Entire home/apt,4.85981,5.58840
10252775,LA,Private room,4.65396,4.36840
14389886,LA,Entire home/apt,5.16479,5.20226
16541786,NYC,Entire home/apt,4.74493,4.80858
419792,NYC,Entire home/apt,5.19296,5.50952
7009654,SF,Entire home/apt,4.70048,4.72723
15633071,NYC,Shared room,4.82831,4.68684
1306749,LA,Private room,4.60517,4.27272
14857108,NYC,Private room,3.63759,3.99942
1011292,NYC,Entire home/apt,4.78749,4.77578
16740771,LA,Entire home/apt,4.38203,4.49930
7021581,NYC,Entire home/apt,5.01728,5.25578
20639628,Boston,Entire home/apt,5.13580,5.05779
14648556,NYC,Entire home/apt,4.76217,5.48459
19246114,SF,Entire home/apt,5.16479,4.80111
13730637,NYC,Entire home/apt,5.43372,5.68867
9447647,LA,Entire home/apt,4.94164,4.54433
8783829,NYC,Entire home/apt,5.70378,5.32375
18829017,NYC,Private room,4.17439,4.65795
13223874,NYC,Entire home/apt,5.20401,5.03285
16312885,LA,Private room,4.82831,4.52323
6238576,NYC,Private room,4.55388,4.26318
15492502,NYC,Private room,4.70048,4.22840
12026305,LA,Shared room,4.36945,3.89047
15817893,LA,Private room,4.82831,4.33013
13638026,LA,Entire home/apt,6.14633,6.14740
7198024,LA,Entire home/apt,4.85203,4.95740
16133815,NYC,Entire home/apt,4.78749,4.91673
16806556,SF,Private room,5.27300,4.99138
902788,LA,Entire home/apt,4.48864,4.87717
15469254,SF,Entire home/apt,5.29832,5.00939
10851007,NYC,Private room,3.80666,4.11911
2600199,LA,Entire home/apt,4.74493,4.72414
1179825,NYC,Entire home/apt,4.21951,4.62373
14425653,LA,Entire home/apt,4.74493,4.71889
10527486,LA,Entire home/apt,5.48894,5.40806
5979389,SF,Private room,4.60517,4.70365
15952368,NYC,Private room,3.91202,3.85363
9091949,Chicago,Private room,4.44265,3.95809
11205858,NYC,Entire home/apt,6.54391,5.33376
9531405,DC,Entire home/apt,4.63473,4.55522
3124541,NYC,Entire home/apt,3.91202,4.36872
3520401,NYC,Entire home/apt,5.50126,5.13693
9881516,LA,Private room,3.36730,3.62299
756312,NYC,Private room,4.00733,3.88529
7366831,LA,Entire home/apt,4.65396,4.57759
3802329,SF,Entire home/apt,5.07517,5.35595
12886561,LA,Shared room,3.21888,3.61952
17772864,NYC,Entire home/apt,6.31897,5.74719
11139981,NYC,Entire home/apt,6.12905,5.93503
17940714,NYC,Entire home/apt,4.84419,4.92624
3554598,SF,Entire home/apt,6.75110,5.75919
6800054,NYC,Entire home/apt,4.86753,4.95063
8664615,LA,Private room,4.44265,4.37714
9116868,LA,Entire home/apt,5.29330,5.01538
18009409,LA,Entire home/apt,6.51471,6.22135
12901404,NYC,Private room,3.68888,3.83723
8119018,NYC,Private room,3.78419,4.07712
16256838,LA,Private room,4.24850,4.63505
15274853,Boston,Entire home/apt,5.16479,5.17147
15222304,NYC,Entire home/apt,5.52146,5.52167
19603487,LA,Shared room,3.52636,3.29383
8190219,LA,Entire home/apt,5.24702,5.41378
18348458,NYC,Private room,4.38203,4.12806
5239297,NYC,Private room,3.68888,4.20281
117955,SF,Private room,4.93447,4.78157
9595863,LA,Entire home/apt,4.82831,5.68442
13436679,NYC,Entire home/apt,4.70048,4.78697
13061315,NYC,Entire home/apt,5.10595,5.07263
8684074,SF,Entire home/apt,4.48864,4.64836
1549413,Boston,Entire home/apt,5.18739,5.33556
9505449,LA,Entire home/apt,5.85507,4.97916
13478244,DC,Entire home/apt,4.85981,4.62046
11640637,LA,Entire home/apt,4.65396,4.51983
16689281,LA,Shared room,2.70805,2.85969
6053942,NYC,Entire home/apt,5.01064,5.35593
2702686,Chicago,Private room,3.91202,4.05844
20566952,DC,Entire home/apt,4.55388,4.79075
3833538,LA,Entire home/apt,5.52146,5.09616
13006794,LA,Entire home/apt,6.12030,6.52214
14025455,LA,Private room,4.00733,3.82274
498014,NYC,Entire home/apt,5.59471,5.32567
4349030,Boston,Entire home/apt,5.19296,5.34713
3121558,SF,Entire home/apt,5.06890,4.96224
14473142,LA,Private room,4.60517,4.22512
13397490,Boston,Entire home/apt,6.81783,5.93825
20798377,NYC,Entire home/apt,5.52146,5.16675
16333607,NYC,Private room,5.52146,4.45355
6688119,LA,Entire home/apt,4.65396,4.76065
769806,LA,Private room,4.41884,4.08506
16558246,NYC,Private room,3.68888,3.95342
7600986,Boston,Entire home/apt,4.94164,5.28425
19485952,NYC,Entire home/apt,5.70378,5.56428
12848633,DC,Entire home/apt,6.30992,5.49341
13715617,NYC,Private room,4.77912,4.48446
13873028,Chicago,Entire home/apt,5.01064,5.00877
21066977,NYC,Entire home/apt,4.82831,4.94019
11840057,NYC,Private room,4.70048,4.47665
4421458,NYC,Private room,4.17439,4.51414
16790413,LA,Private room,4.11087,3.99035
18341017,LA,Private room,4.21951,3.94510
13127171,LA,Entire home/apt,4.62497,4.62785
420422,NYC,Private room,3.68888,4.34530
19368789,NYC,Private room,4.24850,4.25736
16454561,LA,Private room,3.61092,3.86818
13393962,NYC,Private room,4.00733,4.31979
15067943,Boston,Entire home/apt,3.21888,4.70693
17925981,NYC,Private room,5.19296,4.81291
9593075,LA,Private room,3.68888,4.10735
5749343,SF,Private room,4.06044,4.14977
11494067,NYC,Entire home/apt,4.24850,4.48025
7724865,NYC,Private room,4.59512,4.79866
844240,LA,Shared room,2.99573,3.57869
763546,NYC,Private room,4.44265,4.27253
13684783,LA,Entire home/apt,4.82831,5.02826
18002933,LA,Entire home/apt,5.15906,5.63263
16828843,DC,Entire home/apt,4.38203,4.32628
18411765,NYC,Private room,3.87120,4.41281
16043015,LA,Entire home/apt,5.29330,4.90535
5478400,DC,Entire home/apt,3.91202,4.70774
20235485,LA,Entire home/apt,5.00395,5.14847
14316284,LA,Entire home/apt,6.74524,6.32744
18004335,NYC,Entire home/apt,4.82831,5.08361
17639543,LA,Private room,4.07754,4.27167
18462544,NYC,Private room,4.65396,5.19430
16274884,NYC,Entire home/apt,4.60517,5.03598
19767924,LA,Private room,4.31749,4.14856
2044873,NYC,Entire home/apt,5.84354,5.58624
5903586,NYC,Private room,4.45435,4.37521
16517516,NYC,Entire home/apt,4.38203,4.73335
6766875,LA,Private room,3.91202,4.10257
11745621,LA,Private room,4.00733,4.56351
7547221,NYC,Private room,4.23411,4.14296
12414037,SF,Entire home/apt,4.90527,5.97264
13829389,SF,Entire home/apt,5.16479,5.48978
16999872,NYC,Private room,3.58352,3.85606
8915396,LA,Entire home/apt,4.71850,4.88249
18088837,NYC,Private room,4.59512,4.79281
10179859,NYC,Private room,4.38203,4.28186
16643357,DC,Entire home/apt,5.52146,5.27586
19169144,LA,Private room,3.89182,3.94139
18521442,NYC,Private room,4.31749,4.24134
18228469,NYC,Entire home/apt,5.57973,5.12616
7709241,NYC,Private room,4.09434,4.53120
19735907,NYC,Entire home/apt,5.59471,5.62767
5114347,NYC,Private room,4.20469,4.17016
16645573,LA,Entire home/apt,5.07517,5.06742
412178,NYC,Private room,4.24850,4.01815
5136915,LA,Private room,4.38203,4.31007
10847901,LA,Entire home/apt,4.17439,4.38941
12377755,LA,Entire home/apt,5.01064,5.11151
8381377,NYC,Entire home/apt,5.04343,4.95341
1820935,LA,Entire home/apt,4.49981,4.65184
18867210,LA,Private room,4.00733,4.45487
17627690,NYC,Entire home/apt,6.21461,5.75570
19889689,LA,Entire home/apt,5.07517,5.07633
11648623,NYC,Entire home/apt,5.70378,5.20188
14594885,Chicago,Entire home/apt,5.00395,5.53573
13452799,NYC,Entire home/apt,5.70378,5.24753
9847560,NYC,Private room,3.55535,3.92149
15021341,LA,Entire home/apt,4.31749,4.32000
4891616,LA,Private room,5.55296,4.67308
2939700,NYC,Entire home/apt,4.65396,4.73840
19524083,NYC,Entire home/apt,5.29832,5.49562
18426417,NYC,Entire home/apt,6.21261,6.55682
8013835,Chicago,Private room,3.68888,3.96996
17284906,NYC,Private room,5.22036,4.33733
14785365,NYC,Private room,3.80666,4.15317
15340573,Chicago,Entire home/apt,5.85793,5.75233
9061145,NYC,Entire home/apt,5.38907,5.46699
7604856,Boston,Entire home/apt,5.29832,4.70299
13038149,LA,Private room,4.49981,4.65298
3709690,NYC,Entire home/apt,4.60517,5.38410
6881428,NYC,Entire home/apt,4.90527,5.04900
219066,DC,Entire home/apt,4.60517,4.67779
13219282,Boston,Private room,3.91202,4.19408
16349810,NYC,Private room,4.59512,4.31186
5164874,NYC,Entire home/apt,5.61677,5.40202
9234228,LA,Entire home/apt,4.58497,4.65155
7810018,NYC,Shared room,3.91202,3.66526
24769,NYC,Entire home/apt,4.70048,5.03700
19564384,NYC,Entire home/apt,5.38907,5.78228
5376069,NYC,Entire home/apt,4.48864,4.85054
16311579,LA,Private room,3.73767,4.31372
9953443,LA,Private room,4.58497,4.33653
7456879,LA,Entire home/apt,5.88332,5.73724
8389685,LA,Entire home/apt,5.16479,5.17528
801680,NYC,Shared room,3.29584,3.59992
16042606,NYC,Entire home/apt,5.24175,5.09127
17643529,NYC,Entire home/apt,5.27300,5.07921
10104715,LA,Private room,3.29584,3.54305
7227760,LA,Entire home/apt,5.39363,5.02478
2198554,Boston,Private room,3.80666,4.19531
20671105,NYC,Entire home/apt,4.90527,4.89285
21141396,LA,Entire home/apt,5.24702,5.81870
7731348,NYC,Entire home/apt,4.78749,4.54492
8265482,Boston,Private room,4.00733,4.45199
877512,NYC,Private room,3.68888,3.86406
16737638,LA,Private room,4.44265,4.31360
7734510,LA,Private room,4.44265,4.11113
6438568,LA,Entire home/apt,4.93447,4.90661
17369176,NYC,Private room,4.58497,4.37010
8955886,Boston,Private room,4.82831,4.47785
7263899,LA,Private room,4.31749,4.12804
5638407,NYC,Private room,4.58497,4.40169
20253319,Chicago,Entire home/apt,4.57471,4.32647
2898745,NYC,Entire home/apt,5.24702,5.08259
11970434,LA,Private room,4.00733,4.17252
2426129,LA,Shared room,4.36945,4.25891
5720988,NYC,Private room,5.37064,4.26053
681989,LA,Entire home/apt,5.29330,5.32085
17634485,LA,Private room,3.63759,3.96683
14086516,NYC,Private room,4.34381,4.59660
7027403,NYC,Private room,3.97029,3.91297
16123938,NYC,Private room,4.24850,4.62797
6591055,LA,Entire home/apt,4.40672,4.48396
15321661,SF,Private room,4.09434,4.67801
13193311,LA,Entire home/apt,5.50126,6.11463
1741745,NYC,Entire home/apt,5.01064,4.86883
16532241,DC,Entire home/apt,6.30992,5.09226
14107026,NYC,Entire home/apt,4.44265,4.68617
7573321,NYC,Private room,4.38203,4.03923
253846,NYC,Entire home/apt,5.07517,5.07343
16112268,LA,Entire home/apt,5.39363,5.49178
19294702,LA,Entire home/apt,4.36945,4.52470
14179829,NYC,Entire home/apt,5.34711,5.28257
13005664,DC,Entire home/apt,4.97673,5.61326
7992846,NYC,Entire home/apt,5.52146,5.52326
16158350,LA,Entire home/apt,5.34233,5.37956
18879448,NYC,Private room,4.17439,4.32592
14887182,NYC,Entire home/apt,5.29832,5.16827
13415805,LA,Entire home/apt,4.82831,4.77316
15270228,LA,Private room,5.13580,4.36884
4887325,LA,Private room,4.07754,3.95041
14301315,LA,Private room,4.70048,4.48587
975672,NYC,Entire home/apt,4.86753,4.97539
14652406,Boston,Entire home/apt,5.21494,5.50711
14476258,LA,Entire home/apt,4.85981,5.45975
4083715,LA,Entire home/apt,4.65396,4.65690
2629833,NYC,Private room,4.36945,4.46793
1855756,LA,Private room,3.91202,4.07786
3746270,NYC,Private room,4.09434,4.11740
4098527,LA,Entire home/apt,5.63479,5.23485
20729892,NYC,Entire home/apt,5.34711,5.26300
12905195,NYC,Entire home/apt,5.01064,4.97391
20034699,NYC,Private room,4.78749,4.09898
4710280,LA,Private room,4.07754,4.17611
8762307,NYC,Entire home/apt,4.94164,4.42907
20933335,LA,Private room,4.78749,4.65063
15551590,LA,Shared room,3.55535,3.67190
6888607,LA,Private room,3.55535,3.80937
14427376,NYC,Private room,4.49981,4.03030
5567361,SF,Entire home/apt,4.82831,4.94899
15802307,DC,Entire home/apt,4.60517,5.04749
11639896,LA,Entire home/apt,6.47697,7.03787
20896150,LA,Entire home/apt,4.67283,4.61706
18358309,LA,Entire home/apt,4.82831,4.57981
5714786,NYC,Private room,5.29832,4.32572
10551796,Boston,Entire home/apt,4.91998,5.24623
14051921,SF,Private room,4.78749,4.55930
13879412,NYC,Entire home/apt,6.80128,6.28118
18070342,NYC,Private room,5.81413,4.29042
5694572,NYC,Private room,4.31749,4.58885
16499691,LA,Private room,4.36945,4.25499
4144800,SF,Private room,5.29832,4.82236
20094423,NYC,Entire home/apt,4.60517,4.67417
20649922,LA,Entire home/apt,4.90527,4.78036
19734940,NYC,Entire home/apt,5.01064,4.96057
11037105,NYC,Private room,4.00733,3.86169
10137876,NYC,Entire home/apt,5.47646,5.24022
19862301,LA,Entire home/apt,5.16479,5.44966
15435306,NYC,Private room,3.80666,4.07832
1411583,DC,Private room,4.00733,4.32344
594193,NYC,Private room,3.66356,4.19622
17530760,Chicago,Entire home/apt,4.88280,5.47296
18476443,LA,Private room,4.07754,4.48931
9480122,NYC,Entire home/apt,4.59512,4.77862
2016873,NYC,Private room,4.24850,4.22323
14554253,NYC,Entire home/apt,4.18965,4.42240
14522366,LA,Private room,4.00733,4.39654
16757521,LA,Entire home/apt,4.85981,4.76867
3883401,Boston,Entire home/apt,5.92693,5.64205
62461,NYC,Entire home/apt,5.85793,5.25991
18329276,DC,Private room,4.06044,4.05137
8036967,LA,Private room,4.24850,4.37689
11334852,NYC,Entire home/apt,4.60517,4.77706
20955108,Chicago,Entire home/apt,4.78749,4.44267
9841491,Chicago,Entire home/apt,4.44265,4.33896
6374734,NYC,Private room,4.31749,4.51646
12341256,Chicago,Entire home/apt,4.44265,4.63700
1499493,LA,Entire home/apt,6.21261,6.41008
5257702,SF,Private room,4.21951,4.26772
16720764,LA,Entire home/apt,5.16479,5.02963
16043219,NYC,Private room,4.09434,4.33965
8568826,NYC,Entire home/apt,4.86753,4.70023
7502127,SF,Entire home/apt,5.13580,6.02275
10604248,NYC,Private room,3.40120,4.62034
17616442,NYC,Entire home/apt,5.01064,5.44030
8686249,LA,Private room,4.07754,4.11228
9434213,NYC,Entire home/apt,4.78749,5.13112
18478746,NYC,Entire home/apt,5.89715,5.78679
20883922,NYC,Entire home/apt,4.90527,4.75901
14023940,DC,Entire home/apt,5.70378,5.06342
13002204,LA,Entire home/apt,5.51745,5.09289
20970652,Boston,Private room,4.70048,4.28688
20989220,NYC,Entire home/apt,5.01064,4.85351
18180473,NYC,Entire home/apt,4.48864,4.74636
16258036,SF,Entire home/apt,4.93447,5.43495
19103012,NYC,Entire home/apt,4.70048,4.85512
17764881,NYC,Private room,4.41884,4.44161
17366966,LA,Entire home/apt,5.12990,4.71837
9574282,NYC,Private room,4.82831,4.67872
20086018,NYC,Private room,3.91202,3.71737
2471815,NYC,Private room,4.17439,4.12784
14014730,Chicago,Entire home/apt,4.85981,4.80116
2889152,LA,Private room,5.19296,4.48440
1687791,NYC,Private room,4.07754,4.31800
17588463,LA,Entire home/apt,4.84419,5.16297
16088039,LA,Entire home/apt,5.01064,4.75391
5940866,NYC,Shared room,3.40120,3.44742
13996860,SF,Entire home/apt,4.69135,5.02785
18080007,LA,Entire home/apt,4.35671,4.52495
16087548,NYC,Private room,4.17439,4.44156
18159128,NYC,Private room,5.01064,4.43087
2950760,NYC,Entire home/apt,4.60517,4.54758
15334973,NYC,Private room,4.44265,4.50081
7064199,NYC,Entire home/apt,5.29330,4.96759
13259509,LA,Shared room,3.21888,3.45424
4907861,LA,Entire home/apt,4.54329,4.63093
19073026,LA,Entire home/apt,5.85793,5.55291
12095743,Chicago,Private room,3.66356,3.98721
11620006,LA,Entire home/apt,5.29330,5.12860
13429731,LA,Entire home/apt,4.24850,4.38066
47537,LA,Entire home/apt,4.85981,4.77462
4549930,NYC,Private room,4.49981,4.76803
20612742,NYC,Private room,4.38203,4.74890
9695968,NYC,Entire home/apt,5.61677,6.07195
18464604,NYC,Private room,4.47734,4.53280
14677233,LA,Entire home/apt,5.10595,5.25616
5684346,NYC,Private room,4.17439,4.27326
7929422,LA,Entire home/apt,4.91998,4.86265
16973840,DC,Entire home/apt,5.92693,5.94573
5569049,NYC,Entire home/apt,4.54329,4.37606
8654312,NYC,Entire home/apt,5.59099,5.24938
3096517,NYC,Private room,4.70048,4.53924
20138470,LA,Private room,4.74493,4.46057
6973057,LA,Private room,5.01064,4.46765
12383204,NYC,Private room,4.24850,4.01692
15299651,NYC,Entire home/apt,4.31749,4.31558
6693522,LA,Private room,3.40120,4.03339
901934,NYC,Entire home/apt,6.62007,6.33416
15618546,NYC,Private room,4.59512,4.69783
648086,Boston,Private room,4.52179,4.38902
16844765,LA,Entire home/apt,4.82831,4.80656
14716972,LA,Entire home/apt,4.78749,4.75258
11925899,NYC,Shared room,3.80666,3.24910
582335,LA,Private room,3.36730,4.01550
6241689,NYC,Private room,4.33073,4.33159
17480697,LA,Entire home/apt,5.29832,5.54949
4226269,NYC,Private room,4.55388,4.07243
12705883,LA,Private room,5.01064,4.33108
7482821,Boston,Entire home/apt,4.82831,4.69820
12631607,DC,Entire home/apt,5.62762,5.15114
6188014,Boston,Private room,4.65396,4.19672
5397568,DC,Private room,4.46591,4.40298
15931762,LA,Entire home/apt,5.24175,5.20534
9993826,SF,Entire home/apt,5.97889,5.56006
14948078,SF,Private room,4.44265,4.36267
20929696,LA,Private room,4.59512,4.97089
1328080,SF,Entire home/apt,7.31322,6.63263
11824408,NYC,Private room,3.66356,4.09519
19068995,LA,Entire home/apt,6.21461,5.67126
6453526,NYC,Private room,4.78749,4.65899
7988385,LA,Entire home/apt,4.77068,4.68226
11202569,NYC,Private room,4.38203,4.51184
533831,NYC,Private room,4.38203,4.20169
10341003,NYC,Entire home/apt,4.82831,5.21834
6796031,NYC,Entire home/apt,6.01859,5.74890
16589979,DC,Entire home/apt,5.85793,5.20301
3755184,Boston,Private room,4.31749,4.28987
9253827,LA,Private room,3.91202,4.03167
18225026,LA,Private room,3.91202,4.07267
12273688,LA,Private room,4.23411,4.31758
17329863,DC,Entire home/apt,4.11087,4.88887
19597812,DC,Private room,3.85015,4.06641
14342778,NYC,Private room,3.68888,4.12331
2268005,Boston,Entire home/apt,4.55388,5.00151
18327992,LA,Entire home/apt,4.36945,4.44372
14791629,NYC,Entire home/apt,5.01064,5.04485
12360143,NYC,Entire home/apt,5.19296,5.14628
15568616,LA,Shared room,3.89182,4.28247
20255693,DC,Entire home/apt,6.85646,6.10856
4422501,DC,Entire home/apt,4.20469,5.02627
9436038,LA,Entire home/apt,4.48864,4.52180
11991771,LA,Private room,4.48864,4.31654
12580933,LA,Entire home/apt,4.55388,4.57584
17343967,NYC,Entire home/apt,5.61677,5.43906
14188641,LA,Private room,4.24850,4.46531
14641006,LA,Shared room,3.09104,3.20266
17177700,NYC,Private room,3.80666,4.10651
11889559,DC,Entire home/apt,4.36945,4.85128
6200583,NYC,Entire home/apt,5.41610,5.16674
13429684,SF,Entire home/apt,5.13580,5.67593
17270158,LA,Entire home/apt,3.98898,4.04661
17680468,LA,Entire home/apt,5.12990,5.38409
6741922,Chicago,Entire home/apt,4.85981,4.37844
6688906,DC,Entire home/apt,4.31749,4.42357
11569227,NYC,Entire home/apt,4.86753,4.88298
16946164,NYC,Private room,4.38203,4.41150
9288652,NYC,Entire home/apt,5.61677,6.13212
3812683,LA,Private room,3.55535,4.04572
912129,SF,Private room,3.66356,4.10518
12074139,NYC,Private room,4.44265,4.42444
13414103,NYC,Entire home/apt,4.70048,4.59404
1884045,Boston,Private room,3.85015,4.11406
18126535,SF,Private room,4.38203,4.58172
7838613,NYC,Private room,3.91202,3.98175
17903682,NYC,Entire home/apt,4.17439,4.88069
16724420,NYC,Private room,3.91202,4.03296
16415120,LA,Shared room,3.21888,3.06235
13505037,NYC,Private room,3.68888,3.87392
7748,DC,Entire home/apt,4.36945,4.92269
274784,NYC,Entire home/apt,4.75359,5.11963
7622612,NYC,Entire home/apt,4.78749,4.73070
6923161,LA,Entire home/apt,5.34711,5.67478
4040926,NYC,Private room,4.60517,4.50485
6713783,NYC,Entire home/apt,5.70378,5.63489
19951509,NYC,Entire home/apt,4.31749,4.61734
9838832,LA,Entire home/apt,4.74493,4.58207
2709825,LA,Private room,3.89182,4.31747
10034090,NYC,Entire home/apt,4.44265,5.25512
16334635,NYC,Entire home/apt,6.21461,5.91471
452068,NYC,Private room,3.91202,4.23722
15768540,NYC,Entire home/apt,5.29832,5.52796
2204233,DC,Entire home/apt,4.85203,4.98402
15195775,Boston,Entire home/apt,4.85981,4.81442
2975445,LA,Entire home/apt,4.48864,4.90798
3697867,LA,Private room,4.49981,4.39726
464177,NYC,Entire home/apt,5.48064,5.54427
20217076,LA,Private room,3.73767,3.79604
3939634,LA,Private room,4.09434,4.25474
19698655,NYC,Private room,3.91202,4.26172
3826425,LA,Entire home/apt,5.01064,4.85987
17793161,NYC,Entire home/apt,4.82831,5.38414
13236803,DC,Private room,4.47734,4.20800
10021714,LA,Entire home/apt,5.29832,5.69405
2259813,NYC,Entire home/apt,5.38450,5.12988
18306713,NYC,Shared room,3.80666,3.79093
10017920,LA,Entire home/apt,5.91889,5.76682
13507714,Chicago,Shared room,3.36730,3.89605
13494669,SF,Entire home/apt,5.43372,5.17895
789867,LA,Entire home/apt,6.10925,6.28172
13684575,NYC,Private room,5.39363,4.96676
7066926,NYC,Private room,4.38203,4.32534
8754021,DC,Entire home/apt,4.85981,5.18132
19825963,NYC,Entire home/apt,4.74493,4.69585
29012,NYC,Private room,3.91202,4.32540
14261170,NYC,Private room,4.00733,4.36070
10909987,DC,Entire home/apt,5.51745,4.86799
15048516,LA,Entire home/apt,4.84419,5.01104
8204305,NYC,Entire home/apt,5.91080,6.03316
9297230,LA,Shared room,2.70805,2.84120
18295759,LA,Private room,4.66344,4.54361
1833150,LA,Private room,4.78749,4.47859
15344441,NYC,Private room,4.78749,4.74855
20850505,LA,Entire home/apt,4.74493,4.91832
4247883,LA,Private room,3.89182,4.03607
17638077,LA,Entire home/apt,4.17439,4.19947
12362389,LA,Private room,4.31749,3.91910
16179725,NYC,Entire home/apt,5.19296,5.69599
12548232,NYC,Entire home/apt,4.60517,4.66496
16667077,Boston,Entire home/apt,5.29832,5.03230
18584402,NYC,Entire home/apt,4.86753,5.15202
18899037,LA,Private room,3.58352,3.89257
14038649,Chicago,Private room,4.58497,4.21927
7023913,SF,Shared room,3.80666,4.26035
14151487,NYC,Private room,4.31749,3.91364
15678730,LA,Entire home/apt,5.70044,5.36392
9058854,NYC,Entire home/apt,4.55388,4.78774
8127123,NYC,Entire home/apt,4.59512,4.81502
953294,DC,Entire home/apt,5.12990,5.32986
4662784,LA,Entire home/apt,5.19296,4.85024
15955373,NYC,Entire home/apt,5.22575,5.35250
18112626,NYC,Private room,4.94164,4.67002
9730258,Chicago,Entire home/apt,5.70378,5.02610
20994091,Boston,Entire home/apt,5.06890,5.55791
578036,Chicago,Entire home/apt,5.07517,4.81784
15625148,NYC,Entire home/apt,5.57973,5.68550
1056844,NYC,Entire home/apt,5.34233,5.46509
17365882,NYC,Private room,3.80666,4.14116
20961073,LA,Private room,4.70048,4.57426
4422375,LA,Entire home/apt,4.96284,4.53268
16492926,SF,Entire home/apt,5.43808,4.99728
15480118,NYC,Private room,4.38203,4.05330
3464971,SF,Private room,4.00733,4.21641
16442406,LA,Private room,4.09434,4.32253
11888497,NYC,Private room,3.91202,4.41985
12185282,NYC,Private room,4.90527,4.86231
17078393,NYC,Entire home/apt,5.29832,4.84392
18045794,DC,Private room,4.31749,4.24826
5480021,NYC,Entire home/apt,4.94164,5.21575
15008056,DC,Entire home/apt,4.31749,4.38861
17591010,NYC,Entire home/apt,5.82305,5.36214
15518190,LA,Private room,4.55388,4.25319
9924830,SF,Entire home/apt,6.62007,6.18498
12267599,SF,Private room,4.86753,5.06078
11603642,NYC,Private room,3.91202,4.38606
18332024,LA,Private room,4.91998,4.87809
4593230,NYC,Private room,4.00733,4.04476
8287001,NYC,Private room,3.40120,3.83452
4537520,NYC,Entire home/apt,7.09008,6.12557
19344047,NYC,Private room,5.16479,4.28674
11398816,SF,Private room,4.38203,4.53367
6121390,NYC,Private room,5.06890,4.24920
2594696,NYC,Private room,4.60517,4.40423
19737014,DC,Entire home/apt,5.46383,4.53177
13477286,NYC,Entire home/apt,5.52146,5.19054
8571649,NYC,Private room,5.10595,4.54044
12135856,NYC,Shared room,4.02535,3.77422
13452111,LA,Entire home/apt,4.85981,4.78367
7858532,NYC,Entire home/apt,5.19296,4.81651
16376969,LA,Entire home/apt,4.82831,4.67730
2870840,NYC,Entire home/apt,4.47734,4.69209
16001758,NYC,Private room,3.78419,4.40368
16176172,LA,Entire home/apt,5.01064,4.94045
14695001,NYC,Entire home/apt,4.76217,4.84526
8333874,NYC,Private room,4.47734,4.72890
5533509,NYC,Private room,4.00733,4.38353
11939910,NYC,Private room,4.44265,4.42941
4518169,NYC,Private room,5.07517,4.25760
21039321,NYC,Private room,4.43082,4.54819
20525276,LA,Entire home/apt,4.82831,4.59070
19261252,Chicago,Entire home/apt,5.52146,4.99998
6066863,SF,Private room,4.96284,4.59376
551851,NYC,Entire home/apt,4.31749,4.61959
6805817,Chicago,Private room,4.31749,4.06481
14823415,SF,Entire home/apt,5.16479,5.34858
283550,LA,Shared room,2.99573,3.36728
9191908,SF,Entire home/apt,5.47646,5.35023
16978396,LA,Entire home/apt,4.44265,4.64173
18064797,Chicago,Entire home/apt,5.24702,5.36379
3931123,LA,Entire home/apt,5.43808,5.72186
20439789,NYC,Entire home/apt,4.49981,5.05639
9772486,Boston,Private room,4.24850,4.10952
6991378,NYC,Entire home/apt,5.24702,5.15004
9631994,LA,Entire home/apt,5.00395,4.75833
15717699,NYC,Entire home/apt,5.70044,5.39877
980561,DC,Private room,4.23411,4.36005
16288090,NYC,Private room,4.90527,4.26188
6750477,NYC,Private room,5.01064,4.64678
4067361,SF,Private room,4.49981,4.61317
3095337,LA,Entire home/apt,5.29330,5.15503
15111300,NYC,Private room,4.74493,4.61937
11257417,NYC,Private room,5.01064,4.66092
18898125,LA,Private room,4.82831,4.51490
14520685,LA,Entire home/apt,4.82831,4.77837
11827037,NYC,Private room,4.24850,4.14852
6866419,NYC,Entire home/apt,5.16479,5.16675
19100193,NYC,Private room,4.09434,4.44757
4694932,NYC,Entire home/apt,5.94017,5.23182
14426987,LA,Entire home/apt,6.65286,6.63032
20730880,SF,Entire home/apt,5.98896,5.91224
3302294,LA,Entire home/apt,5.52146,5.21634
4995739,LA,Entire home/apt,4.55388,4.67711
19470886,Chicago,Entire home/apt,4.83628,4.53214
16872793,NYC,Private room,4.49981,4.21586
6742680,LA,Entire home/apt,4.85981,5.31543
15078851,DC,Entire home/apt,4.93447,4.36306
2500560,LA,Entire home/apt,6.74524,6.80911
10056170,LA,Entire home/apt,5.24175,5.48169
20948006,DC,Private room,4.38203,4.05667
5820887,LA,Private room,4.17439,3.89289
11692436,Boston,Private room,5.07517,4.43895
19507636,SF,Entire home/apt,5.85793,5.23735
724778,LA,Entire home/apt,4.59512,4.85143
10704143,LA,Entire home/apt,4.29046,4.55112
6585119,NYC,Entire home/apt,5.13580,5.04333
16411627,LA,Entire home/apt,5.29832,5.45618
6953009,NYC,Entire home/apt,5.85793,6.20400
8732699,Boston,Private room,4.47734,4.35952
1636809,LA,Shared room,3.21888,3.33223
17991859,NYC,Private room,5.29832,4.90891
10454844,NYC,Entire home/apt,6.06146,5.33184
4280408,LA,Private room,3.95124,4.14176
14882413,Chicago,Entire home/apt,4.60517,4.76092
3487445,LA,Private room,4.31749,4.12325
9857049,NYC,Entire home/apt,6.68461,6.24786
8905937,Chicago,Private room,4.17439,4.42914
10943132,LA,Private room,4.07754,3.97754
3403579,NYC,Private room,3.49651,3.98400
2515853,NYC,Entire home/apt,4.89784,4.95080
6463767,Boston,Entire home/apt,5.01064,4.64041
15496711,NYC,Private room,4.07754,3.89499
18445508,NYC,Entire home/apt,5.29832,4.95385
6880182,NYC,Private room,4.44265,4.18532
1034730,Boston,Entire home/apt,5.01064,5.66016
4511479,NYC,Entire home/apt,5.25750,5.31894
10047489,NYC,Entire home/apt,6.14419,4.95366
5125723,NYC,Private room,4.31749,4.24661
20583124,NYC,Shared room,3.40120,3.51954
12813050,NYC,Private room,4.31749,4.35212
8117850,NYC,Private room,4.70048,4.12925
16575852,LA,Entire home/apt,4.40672,4.67100
13019851,LA,Private room,3.80666,4.06382
12070668,NYC,Entire home/apt,5.29832,5.11493
20871690,NYC,Entire home/apt,5.41610,5.49044
13164373,SF,Private room,5.22036,5.13700
16791794,NYC,Private room,4.44265,4.47115
17138791,LA,Private room,3.80666,3.98916
7453966,NYC,Private room,4.09434,4.24648
8371187,DC,Entire home/apt,4.59512,4.73680
9114535,NYC,Entire home/apt,6.26340,5.45754
6880990,SF,Private room,4.31749,4.46225
4823959,NYC,Entire home/apt,6.19441,5.67110
5361229,NYC,Private room,4.49981,4.56734
4699535,LA,Entire home/apt,5.70378,5.14424
19761734,LA,Entire home/apt,5.32301,5.13918
7389439,LA,Entire home/apt,6.16331,6.05614
14251832,NYC,Entire home/apt,5.28827,5.14137
16079880,NYC,Private room,4.43082,4.44276
15826421,LA,Private room,3.55535,4.01072
9612396,NYC,Private room,4.82831,4.54077
16508710,LA,Entire home/apt,4.69135,4.72190
17316053,LA,Entire home/apt,4.59512,4.39348
17995326,LA,Entire home/apt,4.90527,4.80935
11419593,LA,Private room,4.44265,4.46017
17368489,LA,Entire home/apt,4.94164,4.97096
5184693,LA,Entire home/apt,4.36945,4.60281
1246493,NYC,Entire home/apt,5.01064,4.78286
4264049,NYC,Private room,4.93447,4.71717
13276525,NYC,Entire home/apt,5.19296,5.18364
11950301,LA,Entire home/apt,5.70378,5.80437
19945772,Boston,Entire home/apt,4.89784,4.87027
15139232,Chicago,Private room,4.65396,4.27602
4287366,NYC,Entire home/apt,6.30992,6.42200
785366,Chicago,Entire home/apt,4.26268,4.53438
17441331,NYC,Entire home/apt,5.01064,4.71158
15890547,NYC,Entire home/apt,6.09807,5.34177
10948108,Chicago,Private room,4.74493,4.36898
7731835,LA,Private room,4.86753,4.98780
823245,LA,Entire home/apt,4.82831,4.94991
18026280,NYC,Private room,3.76120,3.97152
3222262,NYC,Entire home/apt,4.60517,4.86274
10100474,LA,Entire home/apt,4.78749,5.32400
17997198,Boston,Private room,4.86753,4.55255
7716746,NYC,Private room,4.31749,4.27770
8532358,DC,Entire home/apt,4.59512,4.68481
516643,LA,Private room,4.24850,4.15965
12242142,NYC,Private room,3.91202,3.71191
14005162,LA,Entire home/apt,4.86753,5.05901
17046562,LA,Private room,3.71357,4.14904
17270693,NYC,Private room,4.38203,4.31539
14140968,NYC,Entire home/apt,5.63121,5.15236
14732787,NYC,Private room,4.24850,4.21631
9941923,Boston,Entire home/apt,4.97673,5.24778
20839222,SF,Entire home/apt,5.68698,5.81576
14239875,DC,Entire home/apt,7.46737,6.35265
10268558,NYC,Entire home/apt,4.86753,5.28106
9780127,NYC,Entire home/apt,5.04343,5.00838
12072995,SF,Entire home/apt,6.52209,6.93884
3013158,NYC,Private room,4.48864,4.53683
14468628,DC,Entire home/apt,5.29832,5.62103
11191242,SF,Entire home/apt,6.90776,6.40146
15692759,SF,Private room,4.68213,4.67306
13222026,Boston,Private room,4.36945,4.09264
4526471,LA,Entire home/apt,5.19296,5.04013
8782297,NYC,Private room,3.91202,4.15943
10554070,LA,Entire home/apt,4.59512,4.38926
6970965,LA,Entire home/apt,5.29330,5.12990
20386575,NYC,Private room,4.00733,4.20963
18423434,Chicago,Private room,4.78749,4.54205
4587443,LA,Private room,5.85793,4.89590
7893820,NYC,Entire home/apt,5.27300,5.33159
13414718,Chicago,Private room,4.49981,4.32280
15483912,NYC,Private room,3.80666,4.17120
19587940,SF,Entire home/apt,5.38907,5.37746
3157420,LA,Private room,4.09434,4.07154
9773893,LA,Private room,4.60517,4.18535
4956252,LA,Shared room,3.68888,3.70483
14641618,LA,Entire home/apt,4.90527,5.01737
14504624,SF,Private room,4.97673,5.01131
6236528,NYC,Entire home/apt,5.01064,5.19959
12067710,NYC,Private room,4.44265,4.22469
1815874,LA,Shared room,2.48491,3.47176
15497573,NYC,Entire home/apt,5.01064,4.68179
16852061,LA,Entire home/apt,5.98645,5.95902
9694001,DC,Entire home/apt,6.90776,5.11974
33578,NYC,Entire home/apt,5.24702,5.32710
12824504,LA,Entire home/apt,4.94164,4.30614
20556243,NYC,Entire home/apt,4.55388,4.78877
12021912,Boston,Private room,3.89182,3.99741
15656661,NYC,Private room,4.60517,4.49579
18719526,LA,Entire home/apt,5.43372,5.04751
8069765,LA,Entire home/apt,4.90527,4.81912
13247102,LA,Private room,4.36945,4.29884
15522872,NYC,Entire home/apt,4.86753,5.04599
899872,NYC,Private room,3.58352,3.97285
2278361,NYC,Entire home/apt,4.72739,4.74134
13831978,NYC,Entire home/apt,5.19296,4.83055
12856903,LA,Entire home/apt,5.29330,5.06360
10371643,DC,Entire home/apt,4.95583,4.99619
11525186,LA,Shared room,3.43399,3.05730
15940738,LA,Entire home/apt,4.31749,4.66791
14283103,NYC,Entire home/apt,4.98361,4.99270
19967115,LA,Entire home/apt,5.01064,5.36514
15284412,Chicago,Private room,4.09434,3.86148
7564825,NYC,Entire home/apt,5.70378,5.25967
8630560,NYC,Entire home/apt,4.60517,4.77003
70279,LA,Private room,4.77068,4.45036
17335677,DC,Entire home/apt,5.18739,4.85600
8428743,LA,Entire home/apt,5.41610,5.24020
18152729,LA,Private room,4.23411,4.11885
14740784,DC,Shared room,4.09434,4.01573
20284463,DC,Entire home/apt,4.93447,5.07885
14232914,SF,Private room,4.41884,4.45065
3617498,LA,Entire home/apt,7.31322,6.94548
15786003,LA,Private room,3.89182,4.33411
6863046,NYC,Private room,4.09434,4.02999
5102125,Boston,Entire home/apt,5.29832,5.76851
18855980,NYC,Entire home/apt,5.52146,5.41308
1668328,DC,Entire home/apt,4.49981,4.71196
12056684,NYC,Entire home/apt,5.52146,6.21393
18524434,NYC,Entire home/apt,5.00395,4.95631
17624914,NYC,Private room,3.76120,3.89668
10457522,LA,Private room,4.49981,4.31479
17710500,NYC,Private room,4.55388,4.35199
4017226,LA,Entire home/apt,5.16479,4.93264
19361051,SF,Private room,4.60517,4.75337
7801262,Boston,Private room,4.12713,4.58390
12844102,DC,Entire home/apt,6.90776,5.71010
7696299,SF,Entire home/apt,2.30259,5.71175
6688874,Boston,Private room,3.91202,4.23147
16882177,DC,Entire home/apt,4.86753,5.14462
20217755,NYC,Private room,4.38203,4.56690
948999,NYC,Entire home/apt,5.10595,5.14872
13726669,NYC,Private room,4.65396,4.88230
7663831,NYC,Entire home/apt,4.82831,4.56821
14151172,NYC,Private room,3.91202,4.14572
10162752,SF,Entire home/apt,5.85793,4.67089
16582691,LA,Entire home/apt,5.29330,5.21712
11158604,LA,Entire home/apt,5.70044,5.66128
4189577,NYC,Entire home/apt,4.79579,4.70122
18707698,NYC,Entire home/apt,5.41165,5.49662
7460933,LA,Entire home/apt,4.31749,4.41995
15662841,Chicago,Entire home/apt,4.58497,4.51114
17735639,SF,Private room,5.34233,5.11926
15148295,SF,Private room,5.41610,4.52381
3641819,DC,Entire home/apt,5.13580,4.88362
8717204,LA,Entire home/apt,4.99721,5.19516
4000384,LA,Entire home/apt,5.73657,5.63973
9959314,Chicago,Private room,4.60517,5.04121
4630944,LA,Private room,4.09434,4.08214
19342315,DC,Entire home/apt,4.90527,4.69659
6902964,NYC,Private room,4.36945,4.19226
7693040,Boston,Entire home/apt,5.01064,4.84739
7545750,DC,Entire home/apt,3.89182,4.54577
14888012,NYC,Private room,3.91202,4.56015
6461245,Boston,Entire home/apt,5.41610,5.24256
8614819,LA,Entire home/apt,4.77912,4.92607
18296132,DC,Entire home/apt,6.21461,5.13220
15092261,LA,Entire home/apt,4.38203,4.42894
3425842,NYC,Private room,4.49981,4.43038
2564704,NYC,Shared room,4.31749,3.76681
16041100,NYC,Entire home/apt,4.82831,5.05687
9051878,NYC,Private room,4.07754,4.09160
17047536,NYC,Private room,4.78749,4.92831
12949840,NYC,Entire home/apt,5.49717,5.37286
8102262,SF,Entire home/apt,5.52146,5.56806
5372128,LA,Shared room,3.55535,3.71768
14373844,SF,Entire home/apt,5.29832,5.70149
1205039,NYC,Private room,4.70048,4.30835
6388721,NYC,Private room,4.31749,4.10188
2683857,Chicago,Entire home/apt,4.70048,4.87710
2651277,NYC,Private room,3.43399,3.91163
18309561,SF,Entire home/apt,5.88610,5.71479
3441517,NYC,Private room,4.31749,4.26425
3646018,Boston,Private room,3.55535,4.11626
2263474,SF,Entire home/apt,5.20949,5.03768
7293671,DC,Private room,4.00733,4.30612
16810010,SF,Private room,5.13580,4.92825
10493376,NYC,Entire home/apt,4.97673,4.61117
17329011,NYC,Private room,6.10925,5.47269
1763153,LA,Entire home/apt,5.28320,5.15187
9138500,LA,Private room,4.34381,5.23441
5495267,LA,Entire home/apt,4.48864,4.50716
15722831,SF,Entire home/apt,6.67834,5.53861
2484207,LA,Entire home/apt,4.60517,4.57113
18086577,Boston,Private room,3.55535,4.14744
9274782,LA,Entire home/apt,5.37064,4.64306
13102378,NYC,Entire home/apt,5.50126,5.89609
9745297,DC,Entire home/apt,6.18415,6.01919
9856995,DC,Entire home/apt,4.36945,4.82904
7453831,NYC,Private room,4.45435,4.14690
8534697,NYC,Entire home/apt,5.16479,4.92951
2771303,LA,Entire home/apt,6.80239,6.36193
20606500,LA,Private room,4.12713,4.23262
20094910,LA,Entire home/apt,4.44265,4.48786
7254023,SF,Entire home/apt,5.52146,5.68965
13004551,LA,Entire home/apt,5.15906,4.89392
14870788,LA,Entire home/apt,3.89182,4.61381
2761227,NYC,Private room,4.60517,4.27577
14836999,NYC,Entire home/apt,4.23411,4.54627
14176680,SF,Entire home/apt,4.65396,5.09968
1601380,Chicago,Entire home/apt,5.29832,5.31564
20404921,Boston,Private room,4.49981,4.72927
13234352,NYC,Private room,4.31749,4.28658
16697978,DC,Entire home/apt,5.99146,5.79579
75770,LA,Private room,3.73767,3.91867
4252172,LA,Entire home/apt,4.94164,5.12033
6878432,SF,Entire home/apt,4.94164,5.12030
4332961,LA,Private room,4.12713,4.07567
11751669,LA,Private room,4.38203,4.49765
14760548,NYC,Entire home/apt,5.43372,5.13438
6603860,NYC,Private room,4.38203,4.11650
10433284,LA,Entire home/apt,4.48864,4.47926
817279,LA,Private room,4.31749,4.38371
18151976,SF,Entire home/apt,5.55683,5.71725
17592601,LA,Private room,4.24850,4.45628
6987677,LA,Entire home/apt,5.85793,5.61263
9737254,Chicago,Entire home/apt,5.16479,4.91772
9597325,NYC,Private room,4.09434,4.51355
12839370,LA,Entire home/apt,7.13090,6.84691
7749239,NYC,Private room,4.27667,4.00703
2464679,LA,Entire home/apt,4.86753,4.80571
3959338,NYC,Entire home/apt,5.20949,5.29000
6940228,NYC,Private room,4.17439,4.39752
10191554,LA,Private room,4.60517,4.63367
15678856,DC,Entire home/apt,5.19296,5.38526
18509858,LA,Entire home/apt,5.01064,4.74961
10680745,Chicago,Private room,4.15888,4.29323
20944553,NYC,Entire home/apt,5.27300,5.33871
16933588,NYC,Entire home/apt,4.86753,5.03455
951058,SF,Entire home/apt,6.30992,6.53142
15223317,NYC,Entire home/apt,5.41610,5.47683
17436562,NYC,Entire home/apt,4.49981,4.71889
8696758,LA,Entire home/apt,5.52146,4.81553
7807274,Chicago,Entire home/apt,5.41610,4.93598
12537513,NYC,Private room,4.17439,4.12891
14368865,LA,Entire home/apt,4.21951,4.69311
15545899,DC,Entire home/apt,5.22036,4.98979
5320100,SF,Private room,4.94164,4.73505
3522244,SF,Entire home/apt,5.51745,5.56026
16617025,LA,Private room,4.41884,4.49767
11463363,Chicago,Private room,4.09434,4.22443
13884935,SF,Private room,4.49981,4.52129
398682,NYC,Private room,4.78749,4.28836
12088314,DC,Entire home/apt,4.55388,4.98926
3742328,Chicago,Entire home/apt,5.98896,5.60743
9955894,NYC,Private room,4.45435,4.14762
698375,LA,Private room,4.49981,3.98485
16369417,LA,Private room,4.09434,3.98732
16088523,SF,Entire home/apt,6.62007,6.37038
13694975,NYC,Entire home/apt,4.97673,4.70717
7927838,Chicago,Entire home/apt,7.02554,5.08138
16829511,DC,Private room,4.31749,4.04493
15342774,Chicago,Private room,4.23411,3.92920
20801248,NYC,Private room,4.17439,3.92000
18253938,LA,Entire home/apt,5.29832,5.52953
16439249,DC,Entire home/apt,4.97673,4.74323
21028247,NYC,Entire home/apt,5.50126,5.25442
6718383,NYC,Private room,4.17439,4.47771
18213429,NYC,Private room,4.07754,4.40854
12655589,NYC,Entire home/apt,5.99146,5.92090
19570082,LA,Entire home/apt,4.77912,5.40854
4370547,LA,Private room,4.55388,4.25263
18718542,NYC,Shared room,3.91202,4.31705
14668943,NYC,Entire home/apt,4.86753,4.91326
9575567,LA,Entire home/apt,4.89784,4.78877
19180719,NYC,Private room,4.44265,4.52861
14587950,LA,Entire home/apt,5.41610,6.13938
9737840,LA,Entire home/apt,4.59512,4.81308
7426597,NYC,Entire home/apt,5.01064,5.36683
20606772,NYC,Entire home/apt,4.24850,4.37695
2722693,LA,Private room,3.73767,3.79489
20211243,NYC,Private room,4.38203,5.01672
5589914,LA,Entire home/apt,5.48894,5.24324
127766,NYC,Entire home/apt,4.82831,4.56714
3953649,NYC,Private room,3.61092,4.06258
13193068,NYC,Private room,4.60517,4.84444
15409061,Chicago,Entire home/apt,4.49981,4.50437
15068576,LA,Private room,4.21951,4.12690
12685482,LA,Private room,4.59512,4.50797
20173559,SF,Private room,4.86753,4.70343
6115685,Chicago,Private room,4.38203,4.25187
10637592,DC,Private room,3.89182,3.89746
286311,NYC,Entire home/apt,5.52146,5.84143
20070429,LA,Entire home/apt,5.50126,5.20156
17424666,DC,Private room,4.38203,5.07516
12583798,SF,Private room,5.56068,5.10080
14237128,NYC,Entire home/apt,5.55683,5.27649
13713713,Chicago,Private room,4.00733,3.86269
4439664,LA,Entire home/apt,4.59512,4.45894
4846218,LA,Private room,4.38203,4.58895
1970177,NYC,Private room,4.39445,4.48950
17641436,NYC,Entire home/apt,5.13580,5.25891
6660046,Chicago,Private room,3.89182,4.08925
5094146,NYC,Entire home/apt,5.13580,5.16199
9862872,LA,Private room,3.91202,4.08733
17281101,NYC,Private room,4.38203,4.24794
15676802,Boston,Entire home/apt,5.07517,5.06109
15094108,DC,Entire home/apt,7.01302,6.14660
19700372,NYC,Entire home/apt,5.29832,5.01025
9532573,LA,Private room,4.38203,4.34156
13688798,NYC,Private room,4.41884,4.30343
2135766,LA,Entire home/apt,5.41610,4.71404
824163,LA,Shared room,3.80666,3.68673
10329264,LA,Entire home/apt,5.09375,5.83981
13301328,SF,Entire home/apt,5.19296,5.15157
7498797,LA,Private room,3.58352,4.23383
20728525,Chicago,Entire home/apt,5.10595,5.45858
9906190,SF,Entire home/apt,6.55108,5.89736
10929929,NYC,Entire home/apt,4.62497,4.74301
20651877,LA,Entire home/apt,5.70378,5.55227
5992854,LA,Shared room,4.49981,4.11608
17864079,LA,Private room,3.80666,3.72733
14215500,NYC,Entire home/apt,5.01064,5.05987
18907179,SF,Private room,4.02535,4.19588
1654301,NYC,Private room,3.91202,4.24870
2107939,NYC,Private room,4.24850,4.58177
2420053,LA,Shared room,3.21888,3.64144
1351690,NYC,Entire home/apt,4.94164,4.98276
7095708,NYC,Entire home/apt,4.98361,4.87797
1529801,LA,Entire home/apt,5.29330,5.37024
20516837,LA,Entire home/apt,3.98898,4.30250
17924749,LA,Private room,4.60517,4.30821
9218288,SF,Private room,4.84419,4.83066
9823038,SF,Private room,4.36945,4.77904
18912452,LA,Private room,4.44265,4.16787
2854656,NYC,Entire home/apt,5.13580,5.32408
19389284,NYC,Private room,5.16479,4.70524
14353399,Chicago,Entire home/apt,4.60517,4.60397
1466552,NYC,Private room,4.24850,4.25955
4912516,DC,Private room,4.55388,4.48520
616274,NYC,Entire home/apt,5.52146,5.44545
4376618,NYC,Private room,4.60517,4.14053
13659386,NYC,Entire home/apt,5.61677,5.22019
20034806,LA,Private room,4.47734,4.38039
1967264,Boston,Entire home/apt,5.50533,5.59445
6103774,SF,Private room,4.07754,4.53656
15605574,LA,Private room,3.80666,4.27128
1901801,NYC,Private room,4.55388,4.26359
17319120,LA,Private room,4.31749,4.34181
16693953,SF,Entire home/apt,5.85793,5.38057
10681598,NYC,Private room,3.80666,3.84505
12922936,LA,Private room,3.68888,3.76279
15834944,NYC,Entire home/apt,5.16479,5.54741
3220820,DC,Entire home/apt,5.16479,4.75908
6600072,NYC,Entire home/apt,3.91202,4.69598
2676352,LA,Entire home/apt,4.86753,5.13355
20951141,SF,Entire home/apt,6.05209,5.93756
13207403,LA,Private room,3.93183,4.12196
6828889,NYC,Private room,3.91202,3.88263
18870541,NYC,Private room,3.46574,4.10833
19602772,LA,Private room,4.23411,4.28122
644872,NYC,Private room,4.44265,4.31204
20934059,NYC,Entire home/apt,4.51086,4.58933
6865436,NYC,Entire home/apt,5.01064,5.10819
19609107,LA,Entire home/apt,5.53733,5.73657
18086664,LA,Private room,4.00733,4.65652
10232344,Chicago,Private room,4.23411,4.49619
3052904,NYC,Entire home/apt,5.36598,6.05993
744228,NYC,Entire home/apt,5.41610,5.06490
16725576,LA,Entire home/apt,5.01064,4.80093
19020731,SF,Private room,4.04305,4.49214
13416896,NYC,Entire home/apt,5.29832,5.02997
20480053,DC,Entire home/apt,4.78749,4.67389
5742795,NYC,Private room,3.91202,4.38196
17977439,NYC,Entire home/apt,5.72359,5.37917
3488283,NYC,Entire home/apt,5.22036,5.35536
17679645,NYC,Entire home/apt,4.38203,4.66314
11397187,Chicago,Private room,3.61092,3.59294
12413383,NYC,Private room,3.55535,4.19785
8809662,NYC,Private room,4.23411,4.17224
12891822,NYC,Entire home/apt,5.19296,5.75495
17802620,NYC,Private room,4.55388,4.45370
14522175,NYC,Entire home/apt,4.78749,5.01439
15834994,LA,Private room,3.33220,3.59662
14504479,DC,Entire home/apt,4.49981,4.79424
6234704,LA,Entire home/apt,4.31749,4.47041
5251673,NYC,Entire home/apt,4.51086,4.62255
19948594,SF,Private room,5.19296,4.86394
17928320,NYC,Entire home/apt,5.52146,5.53700
17348715,DC,Entire home/apt,5.78383,5.33961
15468975,LA,Entire home/apt,5.52146,5.36729
18615630,SF,Entire home/apt,5.99146,5.20127
8473183,Chicago,Entire home/apt,4.45435,4.39590
16553307,LA,Entire home/apt,4.74493,4.66246
9098519,NYC,Private room,3.89182,3.96475
10152771,SF,Entire home/apt,5.29832,5.48500
12002841,NYC,Entire home/apt,5.28827,5.20840
2051149,LA,Entire home/apt,4.54329,4.90090
3434386,DC,Entire home/apt,4.55388,4.54933
17904725,LA,Shared room,3.40120,3.40042
15589787,NYC,Entire home/apt,5.52146,5.25578
9386946,DC,Entire home/apt,4.55388,4.64324
4730628,DC,Entire home/apt,6.68461,5.69050
2530057,LA,Entire home/apt,4.55388,4.43620
4044906,LA,Private room,3.80666,3.64488
11698202,NYC,Entire home/apt,5.00395,5.16034
16477217,LA,Private room,4.09434,3.89564
797887,LA,Entire home/apt,4.86753,4.71107
13097050,Boston,Entire home/apt,4.73620,4.79774
18472534,LA,Entire home/apt,5.27300,5.46149
12685144,Chicago,Entire home/apt,4.59512,4.74209
12107055,LA,Private room,4.12713,4.46859
19526414,NYC,Entire home/apt,5.70378,5.56396
17616943,NYC,Entire home/apt,4.78749,4.91723
18223756,LA,Private room,4.44265,4.42743
18312231,NYC,Entire home/apt,5.70044,5.43468
18046040,LA,Private room,3.43399,4.34025
6553553,NYC,Entire home/apt,5.10595,4.95159
20227428,NYC,Private room,3.80666,4.04889
8485529,NYC,Entire home/apt,4.39445,4.73171
18197918,DC,Entire home/apt,5.00395,5.03830
11893359,LA,Entire home/apt,4.78749,4.86178
14816078,DC,Shared room,3.55535,3.78900
16297779,NYC,Entire home/apt,4.77912,4.49786
18475913,LA,Private room,4.49981,4.22860
7390058,Chicago,Entire home/apt,5.29832,5.18839
21057693,NYC,Entire home/apt,5.01064,4.96657
18344637,NYC,Private room,4.31749,3.96042
17720442,Boston,Entire home/apt,4.71850,4.84037
3586203,Boston,Private room,4.09434,4.41687
16499016,LA,Entire home/apt,4.69135,4.82991
10814665,NYC,Private room,5.39363,4.81488
10576751,LA,Private room,4.17439,3.87349
17411104,NYC,Private room,4.93447,4.63272
16676803,NYC,Private room,4.09434,4.10976
1101568,NYC,Entire home/apt,5.07517,5.12781
11971212,SF,Private room,4.60517,4.56535
6921672,LA,Entire home/apt,5.01064,5.47067
9133262,LA,Entire home/apt,4.31749,4.40846
18088850,NYC,Entire home/apt,4.99721,4.83087
15703680,LA,Entire home/apt,4.90527,4.89101
17300881,NYC,Entire home/apt,5.10595,4.95279
11396225,NYC,Private room,4.49981,4.27908
15149138,NYC,Entire home/apt,4.83628,4.77232
20887370,NYC,Private room,4.43082,4.51821
5249430,NYC,Shared room,3.91202,3.85865
8652616,SF,Entire home/apt,4.76217,5.16950
13022082,Boston,Shared room,4.38203,4.33620
9580380,LA,Private room,4.24850,3.84438
7919577,LA,Private room,3.68888,4.18833
12010553,LA,Private room,4.04305,4.06470
3303109,NYC,Entire home/apt,5.41610,5.70963
14669492,NYC,Entire home/apt,5.70378,5.29396
7108992,NYC,Entire home/apt,5.66643,5.46670
15126288,DC,Entire home/apt,4.60517,4.73383
16548251,NYC,Entire home/apt,5.85507,5.65738
13712672,NYC,Private room,3.80666,3.81656
5334006,NYC,Private room,4.49981,4.20020
15060615,NYC,Private room,3.91202,3.97751
6765965,LA,Entire home/apt,6.10925,4.79278
9736123,LA,Private room,3.91202,3.98107
1255828,SF,Entire home/apt,5.34711,5.66783
4183088,NYC,Private room,3.87120,3.91374
19912535,SF,Entire home/apt,5.23644,5.55613
15642359,LA,Entire home/apt,4.59512,4.53873
14285095,LA,Entire home/apt,4.86753,5.08925
15928351,NYC,Entire home/apt,5.07517,5.04671
12914239,LA,Entire home/apt,5.01064,4.72914
13809807,DC,Entire home/apt,5.70044,5.24931
4236107,LA,Entire home/apt,4.59512,4.89234
15900858,NYC,Entire home/apt,4.44265,4.66403
16569621,NYC,Entire home/apt,4.24850,4.35884
14807315,LA,Entire home/apt,4.97673,4.84994
7479166,NYC,Private room,4.49981,4.37842
2026910,LA,Private room,3.91202,4.13986
7482338,LA,Entire home/apt,4.55388,4.23551
20654850,LA,Entire home/apt,4.59512,5.04135
16827715,DC,Entire home/apt,5.70044,5.81029
15948974,LA,Entire home/apt,5.04343,4.81643
23686,LA,Entire home/apt,5.29330,5.31091
13561961,Chicago,Entire home/apt,4.49981,4.65938
6347548,LA,Entire home/apt,4.35671,4.47803
17010389,LA,Private room,3.91202,4.39919
240800,DC,Entire home/apt,4.89784,4.80806
6032165,NYC,Private room,4.24850,4.48947
15462051,LA,Entire home/apt,4.77912,4.92978
16586100,NYC,Private room,4.78749,4.45288
17432252,Boston,Entire home/apt,5.52146,5.18604
6557289,LA,Private room,3.55535,4.35746
2554110,LA,Private room,4.36945,4.27939
12847862,LA,Private room,4.07754,4.17670
13265041,NYC,Entire home/apt,4.38203,4.69322
17731676,NYC,Entire home/apt,5.01064,4.86259
20039125,NYC,Private room,3.61092,4.06918
51498,Chicago,Private room,3.89182,3.98265
6649558,DC,Private room,3.68888,3.93778
12080158,NYC,Entire home/apt,5.52146,5.58732
16401947,LA,Entire home/apt,4.88280,4.57701
7782340,LA,Entire home/apt,4.82831,5.10242
1295315,NYC,Entire home/apt,4.60517,4.69748
17510273,NYC,Entire home/apt,4.78749,4.86977
12021623,Boston,Entire home/apt,4.59512,5.08095
18373301,Boston,Entire home/apt,5.34233,5.20950
9861457,NYC,Entire home/apt,5.01064,4.91016
15874385,Chicago,Private room,3.91202,4.30542
934012,NYC,Private room,4.17439,4.63825
10106081,LA,Private room,3.91202,3.80170
2739420,NYC,Entire home/apt,5.41610,5.45873
15929576,NYC,Private room,4.77912,4.54045
16205431,SF,Entire home/apt,4.48864,4.66499
15040929,SF,Entire home/apt,6.21261,5.76255
13754290,NYC,Private room,3.80666,3.95271
12737942,NYC,Private room,4.00733,4.07516
16968383,NYC,Private room,4.07754,4.25524
12613295,SF,Private room,4.65396,4.31139
14025701,DC,Private room,3.85015,4.29743
15270469,NYC,Private room,4.34381,4.38188
14472028,NYC,Entire home/apt,4.68213,5.46768
849408,NYC,Entire home/apt,4.59512,5.49735
4305168,LA,Private room,3.95124,4.03828
256506,LA,Shared room,4.09434,4.02241
9296524,NYC,Private room,3.85015,4.01603
16275326,LA,Private room,4.65396,4.14568
18328986,SF,Entire home/apt,5.12990,5.26240
8823897,NYC,Entire home/apt,5.85793,5.51286
20723594,SF,Entire home/apt,4.90527,5.08728
761835,LA,Private room,4.31749,4.36796
15770875,NYC,Entire home/apt,4.60517,4.96335
9520489,SF,Entire home/apt,3.98898,4.60365
11742158,NYC,Private room,3.87120,3.79047
12848673,NYC,Entire home/apt,5.99146,6.04175
16601782,NYC,Entire home/apt,5.65249,5.41408
1294417,Chicago,Entire home/apt,5.43372,5.70095
21122476,LA,Private room,3.91202,4.45410
6304002,Boston,Entire home/apt,4.85981,4.84848
4126452,LA,Entire home/apt,4.86753,4.62283
4838260,LA,Private room,4.31749,4.38051
19603259,NYC,Private room,3.68888,4.02388
18671556,LA,Entire home/apt,4.69135,4.86693
2072204,NYC,Entire home/apt,5.52146,5.42763
9860571,SF,Entire home/apt,5.70044,5.83930
7342107,LA,Entire home/apt,4.86753,4.84394
8841624,LA,Private room,4.09434,4.53928
3985416,NYC,Entire home/apt,5.29330,5.64269
9136987,NYC,Private room,4.38203,4.42017
1714155,LA,Entire home/apt,5.61677,5.26386
4598631,NYC,Private room,3.61092,4.26845
19887345,Boston,Entire home/apt,5.66643,5.71788
928057,NYC,Entire home/apt,5.01064,4.72584
67792,NYC,Private room,5.01064,4.64952
11037023,NYC,Private room,3.89182,3.98598
18181381,NYC,Private room,4.85981,4.81589
16307623,Chicago,Entire home/apt,4.49981,4.76160
18356497,LA,Entire home/apt,5.12990,5.21980
14673560,Boston,Private room,3.78419,4.17409
16144479,Chicago,Entire home/apt,5.00395,5.05257
20696908,Chicago,Entire home/apt,4.86753,4.72384
16297226,Chicago,Private room,3.91202,4.07696
5327231,LA,Private room,4.44265,4.26869
13893197,LA,Entire home/apt,4.78749,4.83145
4787294,LA,Private room,4.31749,4.06974
11848606,LA,Entire home/apt,4.74493,5.01226
1535776,DC,Entire home/apt,5.99146,5.89739
13222751,LA,Entire home/apt,4.77912,4.67171
8885561,NYC,Private room,4.00733,3.81057
2836862,LA,Entire home/apt,4.17439,4.87231
14903061,LA,Entire home/apt,4.89784,4.75446
1287456,Boston,Private room,3.68888,3.89221
16351361,NYC,Entire home/apt,5.12990,5.26694
8361443,DC,Entire home/apt,4.82831,4.97382
17554739,NYC,Private room,4.09434,4.07855
4258150,LA,Entire home/apt,5.52146,4.97056
16960812,LA,Entire home/apt,7.30988,6.76372
19611520,NYC,Entire home/apt,5.04343,4.89101
9637937,NYC,Entire home/apt,4.99721,5.07731
14292504,NYC,Entire home/apt,5.07517,5.19807
815855,NYC,Entire home/apt,5.01064,4.91842
16497826,LA,Private room,4.35671,4.04956
10699980,NYC,Entire home/apt,5.22036,4.93309
13219625,NYC,Entire home/apt,5.55683,5.05998
4136832,NYC,Entire home/apt,4.97673,4.79414
564102,Chicago,Entire home/apt,5.99146,5.50832
7917169,LA,Entire home/apt,5.52146,5.69045
9782341,LA,Private room,4.17439,4.01849
870532,NYC,Private room,4.17439,4.67951
5605969,NYC,Private room,4.71850,4.69627
19603412,SF,Private room,4.69135,4.78627
10192197,LA,Entire home/apt,5.79909,5.54463
10659762,NYC,Entire home/apt,4.94164,5.22450
14042426,NYC,Private room,4.24850,4.07340
14915201,NYC,Private room,4.73620,4.61398
7772110,Boston,Entire home/apt,5.15906,5.40111
16933983,SF,Private room,4.23411,4.66986
15129089,NYC,Entire home/apt,5.16479,4.97258
16647952,LA,Entire home/apt,4.69135,4.72199
16352224,NYC,Private room,3.43399,4.04359
21053236,LA,Private room,3.95124,3.92350
16930512,NYC,Private room,4.44265,4.36446
15482378,LA,Private room,4.58497,4.34824
4470207,Chicago,Entire home/apt,4.60517,4.91890
7716489,LA,Private room,4.27667,4.58897
12853171,NYC,Private room,4.38203,4.78013
18309365,LA,Private room,4.31749,4.39300
3442441,NYC,Entire home/apt,4.59512,4.48383
16734507,NYC,Private room,4.49981,4.12362
9314957,SF,Entire home/apt,5.61313,5.20218
11305038,LA,Private room,3.87120,4.27655
9685076,SF,Entire home/apt,5.59842,5.74137
8306749,LA,Private room,4.36945,3.94721
8615333,NYC,Private room,3.91202,4.08366
14053079,NYC,Private room,5.52146,5.29187
5697110,LA,Entire home/apt,5.17615,4.93186
5269216,NYC,Entire home/apt,5.07517,5.44838
848578,LA,Entire home/apt,4.21951,4.42786
15953573,SF,Private room,4.38203,4.40590
8498885,LA,Entire home/apt,3.95124,4.46354
10592126,NYC,Private room,3.91202,3.94251
5861766,NYC,Entire home/apt,4.59512,4.91905
29455,NYC,Entire home/apt,5.98645,5.74264
18490150,LA,Entire home/apt,4.70048,4.89276
20770969,NYC,Entire home/apt,5.28827,5.22406
10541934,LA,Entire home/apt,4.86753,4.88325
11101611,LA,Private room,5.19296,4.59969
1187496,NYC,Entire home/apt,5.70378,5.55477
3061093,NYC,Entire home/apt,6.16331,5.46704
2521670,NYC,Private room,4.09434,4.26877
15845874,NYC,Entire home/apt,5.24702,5.01496
2670522,NYC,Entire home/apt,5.70378,5.87677
12474092,SF,Entire home/apt,5.61677,5.30634
13652971,LA,Entire home/apt,5.01064,4.73580
15500135,NYC,Entire home/apt,5.19296,5.14631
19550594,NYC,Entire home/apt,5.18739,5.22631
8868599,NYC,Private room,4.68213,4.66367
13593039,LA,Private room,3.91202,3.71469
14790424,NYC,Entire home/apt,5.13580,5.11358
978446,LA,Private room,4.60517,4.57218
17576138,Boston,Entire home/apt,5.18178,5.55235
10269013,NYC,Private room,4.34381,4.51580
19347079,LA,Entire home/apt,5.01728,5.20301
7047808,NYC,Private room,3.71357,3.87630
6602267,Chicago,Shared room,3.55535,3.84193
17981435,LA,Entire home/apt,4.86753,4.90607
13222347,Chicago,Entire home/apt,4.07754,4.04829
16966733,LA,Entire home/apt,5.18739,5.45773
9861135,DC,Private room,4.82831,4.46759
6261031,Boston,Entire home/apt,5.75257,5.52716
279969,NYC,Private room,4.97673,4.40320
18577989,LA,Private room,3.49651,3.84086
14774206,LA,Private room,4.38203,4.53888
15205511,Boston,Entire home/apt,4.77912,5.01161
5660615,LA,Private room,3.91202,4.18520
8062793,SF,Entire home/apt,5.78383,5.72182
13699494,DC,Private room,4.55388,5.53975
5559447,Boston,Entire home/apt,5.01064,5.26272
21138789,NYC,Private room,4.82831,4.64977
12765858,NYC,Entire home/apt,5.41610,4.97426
18474608,NYC,Private room,4.38203,4.50324
4455938,NYC,Entire home/apt,4.60517,5.73220
10726217,NYC,Private room,4.38203,4.66654
11190778,LA,Entire home/apt,4.70048,4.79626
12655523,LA,Private room,3.80666,4.40994
19311031,NYC,Entire home/apt,5.29832,5.44444
6183074,NYC,Entire home/apt,4.59512,5.14086
15257676,NYC,Entire home/apt,5.70378,5.67798
7948903,Boston,Entire home/apt,5.04343,5.44477
17280888,NYC,Private room,4.82831,4.57741
12815012,Chicago,Private room,3.78419,3.87133
19333921,LA,Entire home/apt,7.40853,7.15556
32087,LA,Entire home/apt,4.82831,4.78066
14282647,NYC,Entire home/apt,4.54329,4.84389
14051421,LA,Private room,4.09434,4.25324
19788240,NYC,Private room,4.74493,4.59715
16113666,NYC,Entire home/apt,6.68461,5.93102
13714817,SF,Private room,5.41610,5.35421
13603416,NYC,Private room,4.94164,4.70160
21112581,NYC,Private room,4.38203,4.12542
6795657,NYC,Entire home/apt,4.93447,5.39363
10233686,NYC,Private room,3.87120,3.92496
16588514,NYC,Entire home/apt,5.19296,4.98363
14255219,NYC,Private room,3.89182,3.96235
9313238,SF,Private room,4.60517,5.07248
16544444,NYC,Entire home/apt,5.52146,5.24322
753991,NYC,Entire home/apt,5.70378,5.26177
12713995,LA,Private room,4.31749,4.23573
7050849,DC,Private room,4.48864,4.30163
12987464,Chicago,Shared room,3.21888,3.87382
1465807,LA,Private room,3.80666,3.99972
5890033,SF,Entire home/apt,5.43372,5.62620
11284498,NYC,Entire home/apt,5.23644,4.92440
13959832,LA,Private room,4.49981,4.08582
9416817,LA,Private room,3.78419,4.29522
1183672,LA,Private room,4.17439,4.39026
16165704,LA,Entire home/apt,5.22575,5.24473
15197194,Boston,Private room,5.01064,4.05111
14968955,LA,Private room,4.24850,4.38536
3450210,LA,Entire home/apt,4.60517,4.82284
13874816,SF,Entire home/apt,5.73010,5.70449
3653950,NYC,Private room,3.91202,4.15511
20648721,Chicago,Entire home/apt,4.31749,4.76470
6932935,LA,Private room,4.12713,4.60956
9531326,LA,Entire home/apt,4.58497,4.28364
4441167,DC,Private room,4.60517,4.46411
15452966,Chicago,Entire home/apt,4.78749,5.00704
17191626,NYC,Private room,4.31749,4.40708
9461085,NYC,Private room,4.39445,4.32594
8214254,LA,Entire home/apt,4.90527,5.06253
17546588,LA,Private room,4.44265,4.16508
639101,LA,Private room,4.17439,4.10607
12888054,Boston,Entire home/apt,5.99146,5.61662
10141583,NYC,Private room,4.49981,4.45918
15939334,NYC,Entire home/apt,4.94164,4.94622
3983560,LA,Entire home/apt,4.77068,4.64830
840731,NYC,Private room,4.78749,4.73981
593962,LA,Entire home/apt,4.44265,4.60823
20730497,NYC,Private room,4.09434,4.11665
14373121,NYC,Entire home/apt,5.43808,5.34248
6731767,NYC,Entire home/apt,4.90527,4.91192
4348108,NYC,Private room,3.95124,4.24590
17388213,LA,Private room,3.89182,4.32638
3091905,LA,Private room,4.82831,4.61702
12136386,LA,Entire home/apt,4.44265,4.93671
11493530,NYC,Private room,3.49651,3.93183
19274667,Chicago,Entire home/apt,4.99043,5.50903
2578363,NYC,Entire home/apt,5.29832,5.23726
18758108,LA,Entire home/apt,6.88755,6.44482
15470718,LA,Private room,4.36945,4.13301
15643210,Boston,Entire home/apt,5.85793,5.86538
19843458,LA,Entire home/apt,4.77912,5.70627
17331147,Boston,Entire home/apt,5.43372,5.24889
17248702,LA,Private room,3.78419,4.21739
8325477,NYC,Entire home/apt,5.52146,5.54990
9686167,LA,Entire home/apt,5.07517,5.04012
656913,NYC,Entire home/apt,4.24850,4.91094
2614880,Boston,Entire home/apt,4.68213,4.91480
13494088,NYC,Entire home/apt,4.78749,4.93580
3591107,LA,Entire home/apt,5.04343,5.35447
12521735,NYC,Entire home/apt,5.13580,5.27637
5075659,Boston,Entire home/apt,4.88280,4.71115
16003481,LA,Entire home/apt,5.61677,5.48482
18077034,NYC,Entire home/apt,6.55108,5.90336
4484361,NYC,Private room,4.55388,4.27267
17978412,DC,Private room,4.60517,4.31771
1344306,NYC,Entire home/apt,5.68698,5.61917
4795828,NYC,Private room,4.48864,4.27237
4588678,LA,Private room,4.17439,4.17547
10333903,LA,Entire home/apt,5.41610,5.30838
13329419,LA,Entire home/apt,5.18739,5.22417
19135811,NYC,Private room,3.68888,4.39149
9750139,LA,Private room,3.55535,3.87490
15003754,SF,Private room,4.29046,4.87258
18462031,NYC,Private room,3.95124,4.34759
16841548,NYC,Entire home/apt,5.22036,4.75799
16272624,LA,Private room,4.24850,4.05910
2879157,DC,Entire home/apt,5.12990,5.52104
17382781,SF,Entire home/apt,5.16479,5.20607
6705513,LA,Entire home/apt,4.77068,5.03684
9588699,Chicago,Entire home/apt,5.05625,5.42457
16533154,Boston,Entire home/apt,5.38907,5.15699
12834748,NYC,Private room,3.91202,4.37401
11227612,DC,Private room,4.44265,4.88545
3457034,LA,Private room,4.82831,4.39225
16598388,SF,Entire home/apt,6.37161,6.03293
20120907,DC,Entire home/apt,4.60517,4.70544
6093927,LA,Entire home/apt,4.60517,4.44316
13064681,NYC,Private room,4.38203,4.34663
8533457,DC,Entire home/apt,5.19296,5.51233
723628,LA,Private room,4.44265,4.42169
10646121,DC,Entire home/apt,5.29832,5.64492
15599914,NYC,Entire home/apt,5.27300,5.21322
2635794,NYC,Entire home/apt,4.24850,4.84232
21027222,LA,Private room,4.60517,4.38287
9460093,Chicago,Entire home/apt,4.78749,4.63851
17706992,LA,Entire home/apt,5.94017,5.75138
1841252,LA,Entire home/apt,5.41610,5.46649
17304013,NYC,Entire home/apt,5.27300,5.38848
9737256,NYC,Entire home/apt,5.52146,5.27524
20850100,Chicago,Private room,4.31749,4.29120
12227206,LA,Private room,3.25810,3.65912
14682714,DC,Private room,4.59512,4.28860
19548992,Chicago,Entire home/apt,5.76832,5.53268
10839800,NYC,Entire home/apt,4.31749,4.59389
14627819,LA,Entire home/apt,6.18415,5.38186
3603979,NYC,Private room,4.00733,3.98278
19558926,NYC,Entire home/apt,4.59512,4.75040
1476694,NYC,Private room,4.09434,4.27787
18224667,LA,Entire home/apt,4.49981,4.47278
530431,Chicago,Entire home/apt,5.06890,5.58706
16874685,LA,Private room,4.00733,4.14318
1614409,Boston,Entire home/apt,5.05625,5.17667
5470104,LA,Private room,4.31749,4.59911
2584324,SF,Entire home/apt,5.33754,5.24613
17077518,NYC,Entire home/apt,5.04343,5.02183
18376369,Chicago,Private room,4.24850,4.51220
17608117,DC,Private room,4.55388,4.32442
13109997,NYC,Shared room,3.29584,3.74165
5680865,LA,Private room,5.48480,4.21410
8825588,Boston,Shared room,4.49981,4.67464
14321719,LA,Private room,4.24850,4.37196
14929579,LA,Entire home/apt,4.97673,4.84957
17109866,NYC,Entire home/apt,4.60517,4.75223
4906961,Boston,Entire home/apt,5.24702,5.13360
18810474,LA,Private room,4.20469,3.90994
16830627,LA,Entire home/apt,5.00395,4.70351
21189089,NYC,Private room,3.98898,4.10943
4266628,LA,Entire home/apt,4.77912,4.86471
20092543,LA,Entire home/apt,4.55388,4.77020
11842300,DC,Private room,4.74493,4.60867
5736647,NYC,Private room,3.49651,3.82652
19250742,LA,Private room,4.31749,4.21025
13671213,NYC,Private room,4.97673,5.05169
16333311,NYC,Private room,4.31749,4.27720
3771656,LA,Entire home/apt,5.16479,5.12959
13638776,NYC,Private room,4.85981,5.62893
18876348,LA,Private room,4.14313,4.51993
20496434,DC,Entire home/apt,4.82831,4.94194
17211777,LA,Private room,3.80666,4.38116
13983092,SF,Shared room,5.01064,4.45678
5680714,NYC,Private room,4.49981,4.60952
15300558,DC,Entire home/apt,5.99146,5.81445
10189846,LA,Entire home/apt,5.73657,5.63614
17482333,LA,Private room,4.52179,4.51715
14198277,Boston,Entire home/apt,5.23644,5.29829
14236776,LA,Entire home/apt,5.01064,5.50105
11918343,LA,Private room,3.87120,3.99853
5970639,LA,Private room,4.31749,3.67868
5759709,LA,Private room,5.70378,4.47989
13825357,LA,Entire home/apt,4.94164,4.93901
18288426,NYC,Entire home/apt,5.12396,5.19501
8706915,NYC,Private room,4.02535,4.23240
15839879,LA,Entire home/apt,4.48864,4.46797
15059368,NYC,Entire home/apt,4.59512,4.85492
15785867,NYC,Private room,4.59512,4.91023
18488616,LA,Entire home/apt,4.93447,5.05779
20284667,LA,Entire home/apt,5.51745,4.76399
14967839,NYC,Private room,4.17439,4.31671
11587722,NYC,Entire home/apt,5.41610,5.44032
13168865,NYC,Private room,4.00733,4.21859
13076887,NYC,Entire home/apt,5.01064,4.64053
6973123,NYC,Private room,3.89182,4.47003
15624694,LA,Private room,4.84419,4.86150
2551645,NYC,Entire home/apt,5.43372,5.38590
10209297,Chicago,Private room,4.31749,4.06021
17700802,NYC,Entire home/apt,4.82831,5.10746
16427610,SF,Entire home/apt,5.72359,5.80322
5276602,NYC,Entire home/apt,4.00733,4.61162
9717549,LA,Private room,3.87120,4.14154
2174711,Chicago,Private room,3.68888,3.74327
8783094,Chicago,Entire home/apt,4.60517,4.79002
5562632,SF,Entire home/apt,4.58497,5.35018
18844533,LA,Entire home/apt,5.01064,5.17018
12067008,NYC,Private room,3.80666,4.19406
3720392,NYC,Private room,4.49981,4.48781
1906323,LA,Private room,4.24850,4.08549
16984906,DC,Entire home/apt,6.21261,6.05588
15470948,LA,Entire home/apt,5.19296,4.81820
15205841,LA,Private room,5.32301,4.72883
6940725,LA,Entire home/apt,5.16479,4.77809
9334840,DC,Private room,5.10595,4.81377
15717015,NYC,Private room,3.93183,4.53358
11871903,SF,Private room,4.49981,4.65872
11966139,NYC,Entire home/apt,5.01064,4.88578
9318555,LA,Entire home/apt,4.31749,4.60716
13406479,NYC,Private room,4.20469,4.07517
4997599,SF,Entire home/apt,5.66988,5.61216
5433746,LA,Private room,4.27667,4.29490
18022545,NYC,Private room,4.94164,4.59591
13109326,NYC,Private room,3.40120,3.71168
17668012,NYC,Entire home/apt,5.39363,5.49222
18095075,NYC,Private room,4.29046,4.23322
17380080,LA,Entire home/apt,4.85981,4.92695
16242812,DC,Entire home/apt,4.90527,4.75359
6015754,LA,Private room,3.68888,3.79084
13885000,NYC,Entire home/apt,5.07517,4.97012
10082057,LA,Entire home/apt,5.61677,5.39581
15630393,NYC,Entire home/apt,5.01064,4.89585
4004418,LA,Private room,3.91202,4.10730
10822131,LA,Entire home/apt,4.59512,4.70709
13504814,LA,Entire home/apt,4.82028,4.84142
6558729,LA,Private room,3.63759,4.25602
2474393,LA,Entire home/apt,5.52146,5.15092
2103986,LA,Entire home/apt,4.20469,4.76878
12857262,NYC,Private room,4.82831,4.33059
3584924,Chicago,Entire home/apt,5.29832,5.63913
2559055,NYC,Private room,4.24850,4.42654
4014767,SF,Private room,5.27300,4.91165
8409246,LA,Private room,4.31749,4.73773
13327345,Boston,Private room,3.40120,3.77032
15529962,LA,Private room,4.09434,4.27948
13400648,Boston,Entire home/apt,5.42935,5.03427
16808899,DC,Private room,4.38203,4.48150
18772749,LA,Entire home/apt,6.21461,5.64829
13313846,NYC,Shared room,4.00733,3.94322
19785704,SF,Entire home/apt,5.85793,5.70223
4129767,NYC,Private room,4.38203,4.31838
6704990,NYC,Shared room,3.29584,3.67283
439750,NYC,Private room,4.09434,4.13109
4372435,NYC,Entire home/apt,4.41884,4.43979
12779360,NYC,Private room,3.82864,4.23795
7344961,NYC,Private room,3.80666,3.84974
18524555,LA,Private room,4.70048,4.10379
21028058,Chicago,Entire home/apt,4.62497,5.09757
9684127,LA,Private room,4.07754,4.45131
5359322,LA,Entire home/apt,5.28827,5.32151
13191477,NYC,Private room,3.63759,3.93714
6670531,NYC,Private room,4.24850,4.38379
18612291,NYC,Private room,4.17439,4.25424
1683227,LA,Private room,4.07754,4.12185
19875244,LA,Entire home/apt,4.55388,5.10104
449680,NYC,Private room,4.38203,4.45263
12158074,NYC,Private room,4.55388,4.47431
10044068,NYC,Shared room,4.51086,4.37108
2930499,LA,Entire home/apt,5.19296,5.39910
8542341,SF,Private room,4.74493,4.61627
1976123,LA,Entire home/apt,6.47697,6.09070
17156656,SF,Private room,4.60517,4.61587
521018,NYC,Private room,4.17439,4.13164
18025841,NYC,Private room,4.09434,4.39784
10012551,Boston,Private room,3.89182,4.06170
1492731,LA,Private room,4.38203,4.25332
7385568,SF,Private room,3.91202,4.41959
4653022,NYC,Private room,4.44265,4.37918
13407328,NYC,Private room,4.77912,4.67452
9080286,NYC,Entire home/apt,5.52146,5.13196
3284532,DC,Entire home/apt,4.82831,5.03322
7045224,LA,Private room,4.79579,4.54839
19122257,NYC,Private room,4.00733,4.01020
14709431,SF,Entire home/apt,5.41610,5.09420
5993541,LA,Private room,5.92693,5.04256
12698900,Boston,Private room,4.17439,4.23023
13297150,LA,Private room,3.80666,3.94302
353317,NYC,Private room,4.65396,4.06856
17565296,Chicago,Entire home/apt,4.38203,4.37203
1098003,NYC,Entire home/apt,4.44265,4.51233
18508331,LA,Entire home/apt,6.90776,5.97209
3354345,LA,Private room,4.00733,4.31823
18812670,NYC,Entire home/apt,4.44265,4.96505
6870485,LA,Entire home/apt,5.01064,4.94772
1132712,LA,Shared room,2.99573,3.44471
9328896,SF,Entire home/apt,5.55296,5.30975
3907865,NYC,Entire home/apt,5.29832,5.16640
17808966,Boston,Entire home/apt,5.23644,5.09926
14856303,LA,Private room,4.49981,4.39227
7810276,LA,Private room,4.09434,3.90040
6741094,NYC,Entire home/apt,4.61512,5.37522
8288766,NYC,Entire home/apt,4.86753,4.99147
14249338,DC,Private room,3.85015,4.22344
5581522,Chicago,Entire home/apt,4.70048,4.73698
5106041,DC,Private room,4.49981,4.30603
2191497,LA,Private room,4.00733,3.89220
11140784,LA,Entire home/apt,4.27667,4.45781
12855989,LA,Entire home/apt,5.29330,5.38422
13727686,NYC,Private room,3.78419,4.07729
13811490,DC,Entire home/apt,4.60517,4.75562
4481427,Boston,Private room,3.91202,4.03710
4138131,LA,Private room,3.09104,3.80837
16830848,LA,Entire home/apt,4.94164,5.79410
20071889,LA,Entire home/apt,4.55388,4.56887
14483221,Boston,Entire home/apt,4.59512,5.11441
10638522,LA,Entire home/apt,4.70048,4.52416
17028678,DC,Entire home/apt,5.51745,5.50745
567281,LA,Entire home/apt,4.44265,4.86374
6179374,NYC,Private room,4.24850,4.26697
17977925,NYC,Entire home/apt,5.85507,5.61114
6157233,NYC,Entire home/apt,5.41610,5.21807
14299576,LA,Private room,3.87120,4.12043
15983203,Boston,Entire home/apt,5.14166,5.95774
907966,NYC,Entire home/apt,4.17439,5.64339
1897346,LA,Private room,3.98898,4.40716
8861708,DC,Entire home/apt,4.49981,4.46720
18132134,LA,Private room,4.17439,4.48276
15799264,NYC,Private room,3.68888,4.16112
9012991,NYC,Private room,4.09434,4.37564
629514,NYC,Entire home/apt,4.65396,4.72268
635385,NYC,Private room,4.49981,4.19769
14246365,NYC,Private room,4.31749,4.34703
3168381,NYC,Private room,3.78419,4.10859
18471533,NYC,Private room,5.16479,4.26425
10887852,SF,Entire home/apt,5.70378,5.59435
14952594,NYC,Private room,4.17439,3.95932
12311744,LA,Entire home/apt,5.16479,5.00684
16977239,LA,Entire home/apt,4.18965,4.60724
3076129,NYC,Entire home/apt,4.48864,4.62356
13046410,NYC,Entire home/apt,5.70378,5.50540
15662022,NYC,Shared room,3.55535,3.55720
4874206,LA,Private room,3.73767,3.71674
918122,LA,Entire home/apt,4.49981,4.35686
2701550,DC,Entire home/apt,5.10595,4.96075
760303,SF,Entire home/apt,6.90274,6.17352
13478871,NYC,Entire home/apt,5.41610,5.49183
9845039,NYC,Entire home/apt,5.29832,5.19735
1404510,NYC,Entire home/apt,5.29330,4.96075
14127153,SF,Entire home/apt,5.92693,5.58035
17703257,NYC,Private room,4.48864,4.58663
13562924,Boston,Private room,4.23411,4.18999
5220845,LA,Private room,3.91202,3.89453
3469178,NYC,Entire home/apt,5.41610,5.51908
19313023,LA,Shared room,3.91202,3.60260
158061,LA,Entire home/apt,4.80402,4.60204
18331847,Chicago,Entire home/apt,5.99146,5.49103
4901516,NYC,Entire home/apt,4.90527,4.81643
4025817,LA,Private room,4.90527,4.68586
19271453,LA,Entire home/apt,6.74524,6.02636
20572603,NYC,Entire home/apt,5.70044,5.51929
9842117,Boston,Entire home/apt,5.10595,4.60951
10208321,LA,Entire home/apt,4.55388,4.51217
15053143,NYC,Entire home/apt,5.29832,4.99504
14039462,NYC,Private room,4.24850,4.48990
12176725,Chicago,Entire home/apt,4.49981,4.51588
40667,SF,Entire home/apt,6.21461,6.15001
12404677,NYC,Entire home/apt,4.90527,5.13132
19678231,NYC,Entire home/apt,5.07517,4.75005
16367786,SF,Private room,4.60517,4.87824
1291561,DC,Entire home/apt,7.54961,6.58800
14874693,NYC,Private room,5.52146,5.09693
16324854,DC,Private room,4.60517,4.85168
15156510,NYC,Entire home/apt,5.73334,5.34151
14238161,NYC,Entire home/apt,5.01064,4.87400
6451106,NYC,Private room,4.24850,4.25964
14218443,NYC,Entire home/apt,4.60517,4.64631
6316786,DC,Entire home/apt,4.70048,4.67629
16125166,LA,Entire home/apt,5.29330,5.42922
13671519,NYC,Private room,4.00733,4.35217
15899509,DC,Private room,4.04305,4.08147
16679796,NYC,Private room,4.24850,4.72052
7205212,NYC,Entire home/apt,5.97889,5.48028
16570684,NYC,Private room,4.00733,3.99014
2968738,DC,Entire home/apt,5.61677,5.25953
6313370,LA,Entire home/apt,5.94017,5.25811
7575577,Chicago,Entire home/apt,6.21261,5.72479
18632502,LA,Entire home/apt,4.60517,4.53502
727964,NYC,Entire home/apt,6.20456,6.27364
6044268,LA,Private room,4.24850,4.28006
19752849,LA,Private room,4.17439,4.35404
7579509,LA,Entire home/apt,4.93447,4.91772
5125051,SF,Private room,5.41610,5.89340
876830,NYC,Private room,4.55388,4.20349
8795819,NYC,Private room,4.31749,4.44818
2507300,NYC,Entire home/apt,5.01064,4.71406
18820144,NYC,Entire home/apt,5.01064,5.29981
13511913,NYC,Private room,5.82895,5.48494
15410843,LA,Shared room,3.68888,4.21356
18916405,DC,Private room,4.44265,4.61204
15618940,Chicago,Private room,3.63759,4.09118
2247334,NYC,Private room,4.49981,4.25322
3220115,NYC,Entire home/apt,5.10595,5.29531
11463028,DC,Private room,4.60517,4.25177
6627551,LA,Private room,3.80666,4.02193
7225589,NYC,Entire home/apt,5.28320,5.19820
13267681,LA,Private room,4.38203,4.11559
19730934,NYC,Private room,6.24417,5.33579
19943450,LA,Private room,4.44265,4.22263
17681470,NYC,Entire home/apt,5.39363,5.61067
6226212,NYC,Entire home/apt,5.27300,5.61577
4038764,SF,Entire home/apt,4.60517,5.17010
9371381,NYC,Private room,4.17439,4.57789
6336914,DC,Entire home/apt,4.34381,4.64348
5041891,DC,Entire home/apt,5.07517,5.16400
19981394,LA,Private room,4.17439,4.24142
6425321,LA,Private room,5.01064,4.66328
12918475,SF,Private room,4.85981,5.04969
14611847,NYC,Entire home/apt,5.13580,5.22679
16858494,SF,Entire home/apt,4.94164,5.84038
9485569,LA,Private room,4.35671,4.16629
67130,NYC,Private room,3.91202,3.97801
13392392,NYC,Private room,5.01064,4.69605
10828230,LA,Private room,4.34381,4.22750
2107696,NYC,Entire home/apt,4.77068,4.93151
6611502,LA,Private room,4.60517,4.17847
424889,LA,Entire home/apt,4.00733,4.61906
7728508,LA,Entire home/apt,4.74493,4.96729
9021715,LA,Private room,4.17439,4.49232
8015052,LA,Private room,4.21951,4.17686
15037160,LA,Entire home/apt,5.51745,5.51421
14052421,Boston,Private room,4.60517,4.41743
8683337,NYC,Entire home/apt,5.04343,4.67541
17889985,NYC,Entire home/apt,5.06890,5.21637
5070378,LA,Private room,3.68888,4.02860
12930677,NYC,Entire home/apt,5.32301,5.14613
870727,NYC,Private room,4.49981,4.78530
13689516,Chicago,Entire home/apt,5.16479,4.61715
1109978,SF,Private room,4.44265,4.79369
8361588,Chicago,Entire home/apt,5.01064,5.00333
16417381,NYC,Private room,4.97673,4.39565
14359772,Boston,Private room,4.35671,4.28115
18033278,LA,Entire home/apt,4.92725,5.19349
5946509,NYC,Private room,4.55388,4.19190
19487422,LA,Entire home/apt,4.83628,4.84012
16659768,LA,Private room,4.17439,3.95152
3392488,NYC,Private room,4.48864,4.77954
19670522,NYC,Entire home/apt,5.29832,5.22579
14168231,LA,Entire home/apt,4.59512,4.73613
10959676,SF,Entire home/apt,4.68213,4.76948
16546670,LA,Entire home/apt,5.12990,5.03121
16363191,Chicago,Entire home/apt,5.00395,5.72968
6967861,NYC,Private room,4.23411,4.14347
2055614,LA,Shared room,3.17805,3.42947
2728126,DC,Private room,4.38203,4.32119
19709022,LA,Entire home/apt,4.55388,4.52760
1735041,SF,Private room,4.31749,4.73782
11681541,NYC,Entire home/apt,4.85981,5.16754
9596694,DC,Entire home/apt,4.44265,4.55922
4614525,NYC,Entire home/apt,4.86753,4.70750
19227505,Chicago,Entire home/apt,4.70048,4.93811
16205574,NYC,Entire home/apt,5.41610,5.11841
17906279,SF,Entire home/apt,5.85793,5.06513
18031372,DC,Entire home/apt,4.74493,5.66608
14282208,NYC,Private room,3.40120,3.76110
1104567,LA,Private room,3.76120,4.06997
4566972,Chicago,Private room,4.36945,4.12659
8909891,NYC,Entire home/apt,5.07517,5.43033
13543160,Boston,Private room,3.91202,4.16014
8429494,DC,Private room,4.31749,4.57907
17828162,Boston,Entire home/apt,4.82831,5.29888
188689,LA,Entire home/apt,4.79579,5.54450
13877683,NYC,Entire home/apt,6.39693,6.35905
13828338,LA,Private room,4.40672,4.33493
9562872,LA,Private room,4.07754,3.98001
18124484,NYC,Entire home/apt,5.63479,5.32497
10685403,Chicago,Private room,4.31749,4.36142
11202427,NYC,Entire home/apt,5.13580,5.31787
3049895,DC,Entire home/apt,6.21461,5.49651
2886933,NYC,Entire home/apt,5.29330,5.31651
18254644,NYC,Private room,4.04305,4.03774
4913682,SF,Private room,4.45435,4.38453
11035172,NYC,Private room,4.23411,4.04265
17668229,NYC,Entire home/apt,5.47646,5.02558
780002,NYC,Entire home/apt,6.21461,5.59738
20835909,LA,Private room,4.78749,4.25226
9885953,LA,Entire home/apt,5.01064,5.31283
18376030,LA,Entire home/apt,4.60517,4.87341
12390027,LA,Entire home/apt,4.59512,4.58428
13061354,LA,Private room,3.66356,3.89105
19847065,NYC,Entire home/apt,5.85793,5.31989
1065138,DC,Entire home/apt,6.30992,5.71046
15204367,NYC,Entire home/apt,4.82831,4.94166
17752907,LA,Private room,4.17439,4.19125
4538238,Boston,Entire home/apt,4.59512,4.94619
3354745,Chicago,Entire home/apt,4.92725,4.79025
6601683,NYC,Private room,3.80666,3.86220
14869063,Chicago,Private room,3.82864,4.03868
17775781,NYC,Entire home/apt,4.82831,4.41048
1292585,NYC,Entire home/apt,5.55683,5.82813
5903149,LA,Private room,4.36945,3.86202
6044303,NYC,Private room,4.09434,4.15041
8722975,Boston,Entire home/apt,5.41610,5.44587
8128524,NYC,Entire home/apt,5.06260,5.28866
13980239,LA,Entire home/apt,5.27811,5.25352
13249829,LA,Entire home/apt,5.01064,4.79214
16971718,NYC,Entire home/apt,6.90776,6.97160
21010862,LA,Entire home/apt,4.24850,4.62122
16312308,LA,Entire home/apt,4.65396,4.91858
9491069,NYC,Private room,4.60517,4.42087
13817379,LA,Private room,4.82831,5.05438
14109765,NYC,Entire home/apt,5.24175,5.26086
11902507,SF,Entire home/apt,5.43808,5.36781
17319362,NYC,Private room,4.69135,4.39456
589618,LA,Private room,4.07754,4.28229
16742004,DC,Entire home/apt,4.60517,4.57886
14982189,NYC,Private room,4.17439,4.11933
16450900,Chicago,Entire home/apt,5.99146,5.63908
16621359,LA,Entire home/apt,4.82028,4.87802
11327959,LA,Private room,4.48864,4.03234
7860331,SF,Private room,5.39363,5.33535
20726480,NYC,Entire home/apt,4.94164,5.00110
15990773,DC,Private room,4.94164,4.34620
6007034,DC,Private room,4.76217,4.40881
835138,NYC,Entire home/apt,4.99043,4.93977
4549315,Boston,Entire home/apt,5.52146,5.40303
14805288,LA,Entire home/apt,5.01064,4.78568
16579843,NYC,Entire home/apt,5.00395,5.01496
9665752,NYC,Private room,4.00733,4.39028
13416598,LA,Entire home/apt,4.53260,4.76824
9422196,NYC,Private room,4.00733,4.09097
4925517,NYC,Entire home/apt,6.55108,5.97660
9434105,NYC,Entire home/apt,4.86753,4.99661
14138210,NYC,Private room,4.17439,3.91396
17270838,NYC,Entire home/apt,4.57471,4.90749
7697839,LA,Private room,4.24850,4.22692
15250951,NYC,Entire home/apt,4.60517,4.51040
16216621,NYC,Entire home/apt,4.17439,4.62753
16578474,LA,Private room,4.44265,4.37394
17680775,LA,Entire home/apt,4.31749,4.55350
10904914,LA,Entire home/apt,4.23411,4.52522
20546618,NYC,Entire home/apt,5.01064,4.87647
4280059,SF,Entire home/apt,4.88280,5.25878
4031297,LA,Shared room,4.31749,4.30517
16769256,LA,Private room,4.31749,4.71386
19506521,NYC,Private room,4.44265,4.51865
1947486,NYC,Entire home/apt,5.75257,5.42080
6132998,NYC,Entire home/apt,4.60517,5.07701
18375784,NYC,Entire home/apt,5.52146,5.32949
17814175,LA,Shared room,3.66356,3.58692
17975197,NYC,Private room,3.95124,4.06461
16954219,LA,Entire home/apt,5.29330,4.66999
3666713,NYC,Private room,4.60517,4.72805
13093893,LA,Entire home/apt,5.76832,5.70947
18464330,NYC,Private room,4.17439,4.48947
14066689,SF,Entire home/apt,5.24702,5.19350
5821069,NYC,Entire home/apt,6.90776,6.18404
6851640,NYC,Entire home/apt,4.60517,4.76295
14900386,Chicago,Shared room,2.99573,3.46741
1542244,NYC,Private room,3.95124,4.16712
8571594,SF,Entire home/apt,6.67834,6.75031
1399448,NYC,Private room,3.89182,4.01494
11627248,SF,Private room,4.82831,4.84854
12916554,LA,Entire home/apt,4.70048,4.76226
9240088,DC,Shared room,2.70805,3.16655
12337836,DC,Private room,5.52146,4.79863
20257357,NYC,Entire home/apt,5.01064,5.30701
11514756,NYC,Shared room,5.01064,4.59274
10135852,LA,Entire home/apt,5.92693,5.48130
1670712,Chicago,Private room,3.55535,3.82423
9992109,NYC,Private room,4.55388,4.38751
17921374,NYC,Private room,5.39363,4.90096
18228741,NYC,Entire home/apt,4.38203,4.42773
6866159,Boston,Private room,3.91202,4.34334
19068758,SF,Entire home/apt,5.29330,5.08250
5526921,NYC,Entire home/apt,4.99721,4.76611
20865799,LA,Entire home/apt,4.35671,5.32140
5256554,Chicago,Entire home/apt,6.10925,5.78519
5075773,NYC,Entire home/apt,4.78749,4.96183
7290056,NYC,Private room,5.29832,5.13387
7023946,DC,Entire home/apt,5.43372,5.21404
19328118,NYC,Shared room,4.15888,3.61343
3006676,NYC,Entire home/apt,4.31749,4.54758
5510565,LA,Private room,4.94164,4.28620
18415952,LA,Private room,4.00733,4.26435
14977968,NYC,Entire home/apt,4.59512,4.83150
15034904,LA,Private room,3.66356,3.78043
10020161,Chicago,Entire home/apt,4.60517,4.87630
16546250,NYC,Entire home/apt,5.52146,5.29967
1876811,NYC,Entire home/apt,6.02102,5.61205
14127687,LA,Entire home/apt,4.90527,4.82839
12285683,LA,Private room,4.60517,4.47172
6166734,NYC,Private room,3.91202,4.23207
17779504,NYC,Private room,4.65396,4.53887
16360727,LA,Private room,3.17805,4.22880
1383003,DC,Entire home/apt,5.01064,4.65265
4189816,LA,Entire home/apt,5.27300,4.96694
3341329,NYC,Private room,3.87120,4.07452
16628332,LA,Entire home/apt,6.04025,6.11393
13410545,NYC,Entire home/apt,4.78749,4.67795
19932625,LA,Shared room,3.63759,3.77543
18327824,DC,Private room,3.68888,3.94663
8227126,SF,Entire home/apt,5.41610,5.56377
13412334,NYC,Entire home/apt,5.22036,4.85155
10883292,DC,Entire home/apt,4.97673,4.91622
818481,DC,Entire home/apt,5.01064,5.12407
15845669,NYC,Private room,3.91202,4.10311
13992416,LA,Entire home/apt,5.16479,5.47725
1090649,NYC,Entire home/apt,5.88610,5.82631
19091708,NYC,Entire home/apt,5.16479,4.70993
9618417,SF,Entire home/apt,4.78749,4.73328
131757,NYC,Entire home/apt,3.85015,4.76381
19768713,NYC,Shared room,5.48064,4.36004
13615270,NYC,Private room,3.68888,4.02435
18853435,LA,Entire home/apt,5.20949,5.43853
3802966,Boston,Private room,3.55535,4.32108
17189510,NYC,Private room,3.91202,3.85953
13045369,NYC,Private room,4.17439,4.15493
15666607,Boston,Entire home/apt,5.61677,5.45905
17943362,NYC,Private room,4.07754,3.95672
20118379,DC,Entire home/apt,5.29832,5.46533
7781629,NYC,Private room,4.44265,3.86776
18155301,DC,Private room,4.09434,4.16535
13602845,LA,Entire home/apt,4.55388,4.56159
6068207,NYC,Private room,3.80666,3.85447
15285135,NYC,Private room,4.60517,4.53520
12566166,NYC,Private room,4.09434,4.20678
16932284,LA,Entire home/apt,5.83773,5.96356
18182454,SF,Entire home/apt,5.70044,5.54392
4566240,LA,Private room,4.24850,4.50801
17241207,NYC,Private room,4.00733,3.92961
6156195,SF,Entire home/apt,5.52146,5.47031
20676229,NYC,Entire home/apt,4.62497,4.99094
4839411,NYC,Private room,4.60517,4.88164
8371368,DC,Entire home/apt,5.14749,5.31488
4907924,NYC,Private room,4.17439,4.35959
7172949,NYC,Private room,4.38203,4.49371
9061331,Boston,Entire home/apt,5.55683,5.03937
11446387,Boston,Private room,3.55535,4.24889
15667407,Chicago,Private room,4.49981,4.31427
11680340,LA,Private room,4.86753,4.26725
14730467,LA,Private room,4.24850,4.33388
19156287,DC,Entire home/apt,5.68698,5.59811
14167667,SF,Private room,4.74493,4.51722
631782,SF,Entire home/apt,5.63479,5.92508
10390093,NYC,Private room,4.24850,4.41649
4457998,NYC,Entire home/apt,4.92725,5.16911
2217398,SF,Private room,5.72359,4.97056
14090449,NYC,Private room,3.91202,4.20299
18433867,NYC,Entire home/apt,6.10479,5.70261
3053443,DC,Entire home/apt,5.99146,5.59438
342264,NYC,Private room,4.09434,4.55692
744078,SF,Entire home/apt,5.29832,5.13557
16272709,LA,Entire home/apt,5.99146,5.33711
17712472,LA,Entire home/apt,4.66344,4.86338
532749,NYC,Entire home/apt,5.01064,4.94763
15983120,LA,Entire home/apt,4.87520,4.86532
13736034,SF,Entire home/apt,6.90776,5.35454
15328725,NYC,Entire home/apt,4.70048,4.75811
683084,LA,Entire home/apt,6.21261,6.11054
7629108,NYC,Private room,4.38203,4.21494
8903437,NYC,Private room,4.20469,4.21013
11120152,NYC,Private room,4.09434,3.97430
6676515,SF,Entire home/apt,5.98896,5.69634
11048476,DC,Private room,4.59512,4.56170
18159752,LA,Entire home/apt,4.38203,4.59341
17544058,Boston,Private room,4.24850,4.18887
2030736,NYC,Private room,4.78749,4.43792
18016750,NYC,Private room,4.09434,4.18365
5321617,DC,Entire home/apt,4.82831,5.54045
4580159,NYC,Private room,4.07754,4.24118
18504331,LA,Entire home/apt,5.85793,5.53747
4967114,LA,Entire home/apt,5.99146,5.56209
3943631,NYC,Private room,4.09434,4.64396
7052061,NYC,Entire home/apt,4.48864,4.72102
19932060,NYC,Entire home/apt,3.91202,4.61674
16568002,DC,Entire home/apt,4.21951,4.65230
5419405,NYC,Entire home/apt,4.60517,5.02383
14544461,LA,Entire home/apt,4.48864,4.77254
9332872,DC,Entire home/apt,4.17439,4.58197
1868037,NYC,Private room,4.24850,4.54456
4090410,LA,Entire home/apt,4.38203,4.62446
14885272,DC,Entire home/apt,4.34381,4.23878
18396194,LA,Entire home/apt,5.29832,5.68679
2134100,SF,Entire home/apt,5.01064,5.03118
2674267,SF,Entire home/apt,5.29832,6.18189
4922933,NYC,Private room,3.71357,3.76741
18915873,LA,Private room,3.91202,3.86865
2136293,DC,Entire home/apt,5.29832,4.79612
13550969,DC,Entire home/apt,5.93754,5.97762
16964461,LA,Entire home/apt,5.19296,5.87424
13528632,NYC,Entire home/apt,5.08760,4.98254
7913426,NYC,Shared room,3.89182,4.10526
18342918,LA,Entire home/apt,4.49981,4.93843
10457791,NYC,Entire home/apt,5.70378,5.58349
8615681,Boston,Private room,2.83321,4.29169
14105839,NYC,Entire home/apt,5.51745,5.87545
19362706,DC,Entire home/apt,5.29832,6.12717
20787538,NYC,Private room,4.24850,4.33316
15373919,SF,Private room,4.65396,4.50978
8236660,NYC,Entire home/apt,5.12990,5.08418
17219435,LA,Entire home/apt,5.16479,4.56970
16977098,NYC,Private room,4.78749,4.64392
18634847,LA,Private room,4.09434,4.20308
775447,Chicago,Entire home/apt,4.31749,4.87399
20666353,LA,Private room,4.09434,3.90801
13274581,NYC,Private room,4.78749,4.62285
3729418,NYC,Private room,4.27667,4.10151
11182620,NYC,Entire home/apt,4.94164,4.89073
6226322,NYC,Entire home/apt,5.16479,5.10475
804015,NYC,Entire home/apt,4.43082,4.95851
11301089,NYC,Entire home/apt,6.58617,6.30853
4129212,NYC,Entire home/apt,5.70378,5.33918
16255355,Boston,Entire home/apt,6.55108,6.02737
14206408,NYC,Private room,4.60517,4.78934
13924774,NYC,Private room,3.91202,4.22311
14857489,NYC,Entire home/apt,5.85793,5.96078
15538048,SF,Private room,4.60517,4.76224
14871225,SF,Entire home/apt,4.49981,5.72088
13130332,LA,Private room,3.97029,3.96763
5049823,NYC,Private room,4.44265,4.04019
16111416,NYC,Entire home/apt,5.01064,5.00665
18018424,NYC,Private room,4.87520,4.26153
16208999,NYC,Entire home/apt,6.47697,5.81637
20256027,NYC,Private room,3.80666,4.09668
3363879,Chicago,Entire home/apt,5.01064,4.98258
510447,LA,Entire home/apt,5.22036,4.86449
1624068,SF,Entire home/apt,5.01064,5.50800
19012262,NYC,Private room,3.91202,3.94982
19101840,LA,Shared room,3.13549,3.48119
7936100,NYC,Private room,4.49981,4.24172
16500051,NYC,Private room,4.21951,4.85702
1325759,LA,Private room,3.91202,4.27357
15180140,NYC,Entire home/apt,4.52179,4.75601
19485309,NYC,Entire home/apt,3.93183,4.68101
15755806,NYC,Private room,4.44265,4.34074
10948228,NYC,Private room,4.04305,3.94599
7194184,NYC,Private room,4.70048,4.60935
6612044,NYC,Private room,4.17439,4.11160
12467631,NYC,Private room,4.02535,4.14058
14961253,NYC,Private room,4.31749,4.49778
4057361,Chicago,Entire home/apt,5.41610,4.81855
6375348,SF,Entire home/apt,6.21461,5.75592
9218312,NYC,Entire home/apt,4.60517,4.79082
4847624,LA,Shared room,3.40120,4.17364
9535225,LA,Private room,4.21951,4.52994
7496211,DC,Private room,4.60517,4.51997
5672345,NYC,Private room,4.59512,4.48601
5007321,LA,Entire home/apt,4.88280,4.39109
8088797,SF,Private room,4.27667,4.28730
2254469,NYC,Entire home/apt,5.18739,4.97492
17515734,Chicago,Entire home/apt,4.86753,4.34875
12870611,SF,Entire home/apt,5.85793,5.52653
10828985,LA,Private room,4.00733,4.29003
16514819,NYC,Private room,4.60517,4.35490
6016936,SF,Entire home/apt,6.47697,6.24752
8428052,DC,Private room,5.01064,4.36517
12184956,LA,Private room,4.55388,4.47843
5641847,Boston,Entire home/apt,5.29832,5.29762
14265180,DC,Entire home/apt,4.78749,4.86929
15090968,Chicago,Entire home/apt,4.11087,4.87041
9675064,NYC,Entire home/apt,4.49981,5.20867
18175351,DC,Entire home/apt,4.82831,4.83936
16290473,LA,Entire home/apt,4.78749,4.64992
16083324,LA,Entire home/apt,5.11799,5.29586
5492439,NYC,Private room,4.49981,4.12524
16378862,LA,Entire home/apt,5.01064,5.18358
14104595,DC,Private room,4.59512,4.36852
13931098,SF,Private room,4.20469,4.64413
17121620,NYC,Entire home/apt,5.07517,5.01144
19922726,NYC,Private room,4.00733,3.96951
14363904,SF,Private room,4.31749,4.56792
17316565,DC,Entire home/apt,4.90527,5.38572
2071464,LA,Entire home/apt,5.76832,5.14967
19142273,LA,Entire home/apt,4.68213,4.84170
2831466,SF,Entire home/apt,6.55108,5.76217
13052968,LA,Entire home/apt,5.43808,4.94132
5960643,DC,Entire home/apt,6.21461,5.38627
3441386,SF,Entire home/apt,5.27300,5.37572
16302641,NYC,Private room,4.24850,3.96516
2091204,Boston,Entire home/apt,5.16479,5.34865
815123,NYC,Private room,3.91202,3.98260
20329049,NYC,Private room,4.64439,4.24112
3843529,NYC,Entire home/apt,5.29832,5.04874
4330861,NYC,Entire home/apt,5.16479,5.04147
2188495,NYC,Private room,3.80666,4.08370
17752375,NYC,Private room,4.49981,4.18538
767397,LA,Private room,3.68888,4.36189
2274674,DC,Entire home/apt,5.60212,5.41426
13115186,NYC,Private room,3.91202,3.95056
1325432,NYC,Private room,4.59512,4.57010
17158946,LA,Entire home/apt,5.12990,5.07412
18380007,NYC,Private room,4.59512,4.35187
15981013,NYC,Private room,4.99721,5.20466
14452358,LA,Entire home/apt,5.24175,5.50456
16840183,NYC,Entire home/apt,5.00395,5.12228
2835711,LA,Private room,3.85015,3.85887
15887658,LA,Private room,3.36730,3.50665
12521685,NYC,Entire home/apt,5.39363,5.27534
5376087,NYC,Entire home/apt,5.10595,5.53699
7621698,Chicago,Entire home/apt,4.38203,4.72042
14016839,NYC,Entire home/apt,4.82028,5.11173
1095051,NYC,Private room,4.78749,4.77674
4453484,NYC,Private room,4.60517,4.33491
12205604,DC,Entire home/apt,4.68213,4.88335
185950,NYC,Entire home/apt,5.27300,5.49728
20530488,SF,Private room,4.70048,5.04768
13716877,NYC,Private room,5.16479,4.86133
18690161,NYC,Private room,4.09434,4.41575
1149845,NYC,Private room,4.38203,3.91577
7180335,SF,Private room,4.49981,4.57654
1147968,NYC,Private room,4.24850,4.13313
13750411,LA,Private room,4.33073,4.50225
15126483,Chicago,Entire home/apt,4.58497,4.66116
552141,NYC,Entire home/apt,5.29832,5.32623
9315559,LA,Private room,3.71357,4.11825
18257701,Boston,Entire home/apt,5.29330,5.28876
18426357,Chicago,Entire home/apt,5.55683,5.34950
17930215,NYC,Entire home/apt,5.70378,5.52610
8294858,NYC,Private room,4.90527,4.24570
16393418,Chicago,Entire home/apt,5.51745,5.33798
13548101,NYC,Private room,4.00733,3.91940
17075347,NYC,Entire home/apt,4.60517,4.78166
9960144,LA,Private room,4.49981,4.20336
8847200,LA,Entire home/apt,4.60517,4.69098
3666681,NYC,Private room,3.80666,4.00729
8881130,LA,Entire home/apt,6.30992,5.97564
17640984,NYC,Private room,4.24850,3.92649
3696854,LA,Entire home/apt,5.70378,4.89882
13821190,NYC,Entire home/apt,5.10595,5.20122
249704,NYC,Entire home/apt,4.82028,4.81395
13473267,SF,Entire home/apt,5.22036,5.13256
4623622,NYC,Private room,4.60517,4.58576
9173702,LA,Private room,4.93447,4.49799
9797510,Chicago,Private room,3.43399,3.80709
18916048,NYC,Shared room,4.00733,4.43458
8474859,LA,Entire home/apt,5.29832,5.05236
14716742,LA,Private room,4.44265,4.47161
20439609,LA,Entire home/apt,5.01064,4.82044
16618437,NYC,Private room,4.70048,4.59182
1303252,NYC,Private room,3.61092,3.80743
7502146,Boston,Private room,3.91202,4.20654
45299,NYC,Private room,4.82831,4.53975
7433593,LA,Private room,4.36945,4.28292
9196297,NYC,Shared room,3.95124,4.42537
4358181,SF,Entire home/apt,7.09008,5.62966
18616122,LA,Entire home/apt,5.85793,6.29999
6658339,DC,Entire home/apt,4.49981,4.77251
7652929,Boston,Private room,3.71357,3.76766
13536155,NYC,Entire home/apt,5.61677,5.43557
692712,LA,Entire home/apt,4.85981,5.07926
16961017,LA,Entire home/apt,5.29832,5.46918
18609555,Boston,Entire home/apt,5.52146,5.46175
18197844,DC,Entire home/apt,5.00395,5.15976
9158651,Chicago,Entire home/apt,5.04343,4.95903
729306,NYC,Private room,4.38203,4.25728
17209872,LA,Entire home/apt,4.70048,5.00026
13536798,NYC,Private room,4.09434,4.61369
6936712,LA,Entire home/apt,4.85981,5.13350
20390786,NYC,Private room,3.58352,4.17230
15312763,SF,Entire home/apt,4.97673,5.16503
21074892,SF,Shared room,4.60517,4.87038
7697504,LA,Entire home/apt,5.00395,4.49948
20609505,SF,Private room,3.91202,4.61951
4092010,NYC,Private room,4.12713,4.04014
17031720,LA,Entire home/apt,4.59512,5.26876
14694916,LA,Entire home/apt,5.61677,5.16094
337381,LA,Shared room,4.14313,3.83643
12517380,NYC,Entire home/apt,5.35659,5.34664
3489505,NYC,Private room,4.31749,4.55601
18785035,LA,Entire home/apt,4.09434,4.15092
15068478,NYC,Entire home/apt,6.39526,5.93051
9113705,LA,Private room,4.46591,4.33774
16547635,Boston,Entire home/apt,5.24702,5.03220
15270280,NYC,Entire home/apt,4.24850,5.28160
1899770,DC,Entire home/apt,4.77912,4.57927
6886079,LA,Entire home/apt,4.60517,4.70568
10859318,NYC,Entire home/apt,5.63479,5.26036
2309905,NYC,Entire home/apt,4.86753,4.72449
18057975,LA,Private room,4.63473,4.08181
515104,LA,Private room,4.00733,4.32704
207218,Boston,Entire home/apt,5.70378,5.27549
18502373,LA,Private room,4.44265,4.32892
10540383,NYC,Private room,3.52636,3.79106
13772304,Chicago,Entire home/apt,4.55388,4.37047
12705183,NYC,Private room,4.38203,4.53534
18332249,LA,Entire home/apt,5.43808,5.65662
11593552,NYC,Entire home/apt,5.51745,5.36970
11569156,NYC,Entire home/apt,5.01064,5.00253
1953461,LA,Entire home/apt,4.36945,4.47515
14690527,SF,Entire home/apt,6.74524,6.22946
13295613,LA,Entire home/apt,5.27300,5.70932
9786398,NYC,Entire home/apt,5.01064,4.96719
8473327,NYC,Private room,4.00733,4.34379
9989616,NYC,Entire home/apt,4.60517,4.74815
10746098,SF,Private room,4.60517,4.62458
12990412,NYC,Entire home/apt,4.96284,5.09852
12253994,NYC,Private room,4.44265,4.46100
15421109,LA,Private room,4.23411,4.25213
11553403,NYC,Private room,4.17439,4.40237
18809293,NYC,Private room,4.00733,4.23842
4435213,NYC,Entire home/apt,4.79579,4.70100
3281862,NYC,Private room,4.12713,4.43356
1596696,NYC,Private room,2.70805,3.84847
14246351,LA,Entire home/apt,5.81413,6.15081
14932311,LA,Private room,4.60517,4.15974
14460900,SF,Entire home/apt,6.23245,5.60903
9573507,NYC,Entire home/apt,4.49981,4.84388
12493524,NYC,Entire home/apt,4.23411,4.52190
9940337,LA,Private room,4.78749,4.33193
3317655,NYC,Entire home/apt,5.29832,5.35115
20662283,LA,Private room,3.61092,4.00167
9350729,LA,Entire home/apt,4.94164,4.78277
14020962,NYC,Entire home/apt,5.85793,5.86475
12386361,SF,Entire home/apt,5.01064,5.12686
12519540,NYC,Entire home/apt,6.32794,5.54775
7938492,NYC,Entire home/apt,5.47646,5.28185
18913089,LA,Entire home/apt,6.30992,5.90958
7326785,LA,Private room,4.59512,3.98070
8882531,LA,Private room,4.48864,4.39820
19960443,NYC,Private room,4.00733,4.33148
6646540,NYC,Entire home/apt,5.41610,5.04420
13982554,LA,Private room,4.36945,4.17666
13765939,LA,Entire home/apt,5.61677,5.69716
17904512,NYC,Private room,3.80666,3.66434
17106418,NYC,Entire home/apt,4.55388,4.86614
2010787,DC,Private room,4.20469,4.58875
7246903,DC,Entire home/apt,4.74493,4.74543
10011509,LA,Entire home/apt,4.58497,4.59264
9412252,SF,Entire home/apt,5.41610,5.61765
3674676,DC,Entire home/apt,6.55108,5.99399
13191953,NYC,Entire home/apt,5.22036,5.18802
10381072,NYC,Entire home/apt,5.19296,5.29612
21106680,NYC,Entire home/apt,4.97673,5.46998
16798463,NYC,Entire home/apt,4.86753,5.04025
15491690,NYC,Entire home/apt,4.90527,4.98971
28204,LA,Entire home/apt,5.70378,5.77381
21040944,SF,Entire home/apt,6.25383,5.94794
15513019,NYC,Entire home/apt,5.85793,5.56275
17720950,NYC,Entire home/apt,5.06890,5.27126
10678838,NYC,Entire home/apt,4.74493,4.90974
14936445,LA,Entire home/apt,4.60517,4.76094
10011763,NYC,Entire home/apt,4.43082,4.76064
17539808,NYC,Private room,5.37064,4.51350
16827589,Chicago,Entire home/apt,5.52146,5.49070
7034518,Chicago,Private room,3.87120,4.40202
413567,LA,Private room,4.74493,4.44088
3678064,LA,Entire home/apt,4.97673,4.99821
14540641,NYC,Entire home/apt,4.60517,4.88952
13676632,NYC,Private room,4.00733,4.00801
8648134,NYC,Entire home/apt,5.88610,5.96097
5558933,NYC,Private room,4.20469,4.18780
5328716,LA,Entire home/apt,4.74493,4.70066
7438006,LA,Private room,3.43399,3.83518
13893861,LA,Private room,3.68888,4.03567
10732878,NYC,Entire home/apt,6.71417,6.02107
1364882,SF,Entire home/apt,5.59842,5.49085
18162544,DC,Entire home/apt,7.13090,6.59017
16442568,LA,Entire home/apt,4.48864,4.49463
2878634,Boston,Private room,4.44265,4.42102
19662367,Chicago,Entire home/apt,4.09434,4.41133
10277010,LA,Entire home/apt,5.07517,4.79951
16628982,LA,Shared room,3.80666,3.63917
4936875,NYC,Entire home/apt,4.82028,4.84894
2221852,LA,Private room,4.24850,4.06083
18471840,Boston,Entire home/apt,5.41610,5.52482
17000038,DC,Entire home/apt,5.29832,4.95569
17812291,NYC,Entire home/apt,4.82831,5.10167
14716281,DC,Private room,4.04305,4.31902
15976917,DC,Entire home/apt,5.47646,5.50504
19403704,NYC,Entire home/apt,4.82831,4.51516
8165340,DC,Entire home/apt,4.85981,6.20712
669633,NYC,Entire home/apt,4.60517,4.80936
8681452,NYC,Private room,5.99146,4.62329
14533100,NYC,Private room,4.24850,4.49252
13328310,LA,Private room,4.55388,4.26847
17076735,NYC,Entire home/apt,4.36945,4.56229
17298590,Boston,Entire home/apt,4.78749,4.74657
15357277,LA,Private room,4.65396,4.51767
15497624,LA,Private room,4.17439,4.00630
15971922,NYC,Private room,4.09434,4.68365
949711,NYC,Entire home/apt,5.50126,5.62265
14351382,LA,Entire home/apt,5.07517,5.32739
11888876,LA,Entire home/apt,4.55388,4.84729
16335359,SF,Entire home/apt,5.52146,5.57363
13333156,LA,Private room,4.09434,3.99131
2070539,Chicago,Entire home/apt,5.29832,4.76422
15725989,DC,Entire home/apt,4.78749,4.93096
514947,LA,Entire home/apt,5.32788,4.77980
11474056,DC,Entire home/apt,5.16479,5.13676
16436240,NYC,Entire home/apt,5.29832,5.10996
9699559,LA,Entire home/apt,6.10925,5.88210
8642428,NYC,Entire home/apt,5.07517,5.25950
15070474,NYC,Private room,3.76120,3.83258
826706,LA,Entire home/apt,5.29832,4.79904
14555440,NYC,Entire home/apt,4.60517,4.88690
15819829,NYC,Entire home/apt,5.92693,5.88688
15305392,LA,Entire home/apt,4.31749,4.71622
3173148,SF,Entire home/apt,5.57973,5.42048
17746914,LA,Entire home/apt,4.00733,4.46639
12386020,NYC,Private room,5.78383,5.18163
10280500,LA,Private room,4.74493,4.60487
1183521,NYC,Entire home/apt,5.19296,5.30799
3213712,LA,Entire home/apt,4.60517,4.72275
13642640,LA,Private room,4.78749,4.51152
16539153,LA,Entire home/apt,5.39363,5.51159
881105,DC,Entire home/apt,4.82028,4.72577
775298,LA,Entire home/apt,5.06890,5.25895
4135113,LA,Entire home/apt,4.51086,4.52850
15342350,LA,Private room,4.12713,3.97932
2915876,NYC,Private room,4.94164,4.95344
11928097,LA,Entire home/apt,4.31749,4.49247
4975302,NYC,Private room,4.53260,4.35790
6954349,LA,Entire home/apt,4.52179,4.65318
9200066,LA,Shared room,4.31749,4.12669
750438,NYC,Private room,4.09434,4.15558
10135104,NYC,Private room,3.68888,4.59419
13564161,LA,Entire home/apt,5.35659,5.13234
4357892,NYC,Entire home/apt,5.10595,4.92125
6448319,NYC,Private room,4.38203,4.23354
5811756,NYC,Private room,3.68888,4.24172
4821459,LA,Private room,4.17439,4.23228
20857131,NYC,Entire home/apt,4.78749,4.70577
21155836,LA,Private room,4.09434,4.01727
18198575,NYC,Private room,3.78419,4.03418
17922835,DC,Entire home/apt,4.24850,4.56393
9884280,NYC,Entire home/apt,4.59512,5.21468
15372508,SF,Private room,4.49981,4.94309
62347,LA,Private room,4.17439,4.62964
12964842,NYC,Entire home/apt,5.23644,5.09254
10803759,DC,Entire home/apt,5.65249,5.49955
13939419,LA,Entire home/apt,4.69135,5.17092
1881846,NYC,Entire home/apt,6.21461,5.17207
5885130,NYC,Entire home/apt,4.31749,4.82699
10149851,LA,Entire home/apt,6.35437,6.01814
6057908,LA,Private room,3.85015,4.04505
12982324,DC,Private room,5.22036,5.02308
13019596,SF,Entire home/apt,5.24702,5.30528
11345566,Chicago,Entire home/apt,4.55388,5.14437
13644048,LA,Entire home/apt,5.68698,5.96634
3585452,NYC,Entire home/apt,5.02388,5.42338
19224409,LA,Private room,3.98898,3.93288
7418759,NYC,Entire home/apt,4.60517,5.16865
15927835,NYC,Entire home/apt,5.19296,4.96572
17866018,NYC,Private room,4.09434,4.39595
7819706,Chicago,Entire home/apt,5.01064,5.32319
11608637,NYC,Entire home/apt,5.61677,5.69960
17366414,NYC,Entire home/apt,4.34381,4.60240
10017359,LA,Entire home/apt,5.01064,4.41776
13526915,LA,Entire home/apt,6.10925,5.94250
18227476,NYC,Entire home/apt,5.99146,5.92828
2236694,LA,Entire home/apt,4.17439,4.58883
10752203,NYC,Private room,3.89182,4.33538
17026900,SF,Private room,4.52179,4.47701
10136980,LA,Private room,4.00733,4.33749
13396214,NYC,Private room,3.68888,3.96060
12747935,LA,Entire home/apt,6.90776,5.75439
15547496,NYC,Private room,4.17439,4.21692
6389979,NYC,Private room,4.77912,4.79710
8426173,DC,Entire home/apt,4.70048,4.57855
16970021,LA,Entire home/apt,4.45435,4.74501
18155266,NYC,Entire home/apt,5.41610,5.18436
8899661,NYC,Entire home/apt,5.61677,5.42477
3482919,NYC,Shared room,4.09434,4.26445
3531345,LA,Private room,3.82864,4.07945
15598303,Chicago,Private room,4.07754,4.15261
9344183,NYC,Private room,3.87120,3.78076
11894420,LA,Private room,4.48864,4.24806
18259151,LA,Entire home/apt,6.10925,5.79235
13682689,SF,Entire home/apt,6.80239,6.12518
13624438,NYC,Entire home/apt,5.13580,5.26858
21123508,LA,Entire home/apt,5.24175,5.61502
9989842,LA,Entire home/apt,4.31749,4.62148
14109586,NYC,Entire home/apt,4.44265,4.84797
16779530,NYC,Entire home/apt,4.74493,4.62597
7696645,LA,Private room,3.91202,4.26830
14222361,LA,Entire home/apt,5.85793,5.58865
16446123,SF,Entire home/apt,5.96358,5.86794
12699413,LA,Entire home/apt,5.16479,4.85291
17072242,NYC,Entire home/apt,4.82831,4.75820
25366,Chicago,Entire home/apt,4.38203,4.52188
10307958,NYC,Entire home/apt,6.10925,5.78019
13562554,NYC,Entire home/apt,5.22575,5.10372
14814521,NYC,Private room,4.59512,4.53823
15636707,NYC,Entire home/apt,5.68358,5.36497
9613532,NYC,Entire home/apt,5.16479,4.92196
10910661,LA,Entire home/apt,4.44265,4.43480
20381791,NYC,Private room,4.49981,4.90493
7581611,NYC,Shared room,3.73767,3.78288
15181903,NYC,Shared room,3.89182,4.14653
6131224,SF,Private room,4.21951,4.26050
7502313,NYC,Entire home/apt,5.01064,4.91858
1869202,LA,Entire home/apt,4.70048,4.89788
14199379,NYC,Private room,4.31749,4.08654
18738055,DC,Entire home/apt,4.40672,4.48865
14821940,LA,Entire home/apt,4.60517,4.69436
16648547,NYC,Private room,4.07754,4.66961
12096332,NYC,Entire home/apt,5.34233,5.08928
12539684,NYC,Private room,3.68888,3.95214
7757549,LA,Entire home/apt,5.29832,4.96710
2360897,Chicago,Private room,3.61092,3.90840
8596036,NYC,Private room,4.44265,4.06207
15989115,SF,Entire home/apt,5.96615,5.82546
12926545,NYC,Entire home/apt,4.69135,5.42932
16461964,LA,Entire home/apt,5.22036,4.99583
9859878,LA,Private room,4.55388,4.11298
10642467,DC,Entire home/apt,4.77912,4.93614
4637858,NYC,Entire home/apt,5.01064,5.59162
12225838,LA,Entire home/apt,4.93447,4.82618
1967045,NYC,Entire home/apt,5.29832,4.90956
8291550,LA,Entire home/apt,4.77912,4.77231
15238856,NYC,Private room,4.14313,4.05160
967783,NYC,Entire home/apt,4.99043,5.21937
12095612,NYC,Private room,4.60517,4.42487
14714030,NYC,Entire home/apt,6.68336,6.53320
2420198,DC,Private room,5.70378,5.21783
9823085,SF,Entire home/apt,5.99146,6.40739
11502990,LA,Entire home/apt,5.01064,4.54174
8386231,Chicago,Entire home/apt,5.16479,5.22781
9132614,NYC,Entire home/apt,4.55388,4.66973
2349737,NYC,Shared room,2.99573,3.88261
14397396,LA,Entire home/apt,4.59512,4.77559
287814,LA,Private room,4.53260,4.54525
16690169,Boston,Entire home/apt,5.55683,5.31798
19544478,LA,Private room,4.38203,4.03621
14575253,Chicago,Private room,3.73767,3.89072
16424508,SF,Private room,4.59512,4.52185
19413700,NYC,Entire home/apt,5.39363,5.19555
15682010,LA,Private room,4.38203,4.33364
12308151,NYC,Private room,4.33073,4.37054
9282373,SF,Private room,3.91202,4.74849
8240198,NYC,Private room,4.12713,4.18476
10249291,NYC,Private room,4.60517,4.89122
7744716,LA,Private room,4.60517,4.43464
19693849,Chicago,Private room,4.07754,4.08495
11724899,LA,Private room,3.49651,4.93138
591524,Boston,Entire home/apt,4.78749,5.29060
15240980,LA,Private room,3.73767,4.15420
20500458,DC,Entire home/apt,5.24702,5.03344
16724489,LA,Entire home/apt,5.43808,5.55587
17463120,NYC,Entire home/apt,4.38203,4.92132
823631,NYC,Private room,3.80666,4.12368
13332001,Boston,Shared room,6.62007,4.07941
10615357,NYC,Private room,4.38203,4.14904
20066750,NYC,Private room,4.70048,4.21722
2345732,LA,Private room,3.80666,4.00079
16087309,NYC,Entire home/apt,4.86753,4.91324
4996624,NYC,Entire home/apt,4.94164,4.88940
16232783,NYC,Entire home/apt,5.29330,5.35346
1584051,NYC,Private room,4.24850,3.91666
3841033,LA,Entire home/apt,5.16479,5.13809
17811463,SF,Entire home/apt,5.52146,5.40263
11553451,LA,Private room,4.17439,3.99354
7996960,NYC,Private room,4.49981,4.69706
15396185,NYC,Entire home/apt,5.07517,5.56647
16572134,LA,Entire home/apt,4.23411,4.49784
21169810,NYC,Private room,4.78749,4.51381
4597300,NYC,Private room,4.44265,4.37884
14398761,Chicago,Private room,4.82831,4.64296
8123857,NYC,Entire home/apt,4.96981,5.61316
1708771,SF,Private room,4.99721,4.62238
4857080,LA,Private room,4.44265,4.14372
10576099,Chicago,Entire home/apt,3.55535,4.22968
16332152,LA,Entire home/apt,4.86753,4.80927
3068007,NYC,Private room,4.86753,4.73707
20773084,LA,Entire home/apt,4.59512,4.67551
5986572,DC,Private room,4.55388,4.80730
13623619,LA,Private room,4.55388,4.34469
15158791,LA,Entire home/apt,5.06890,5.13614
15978061,NYC,Entire home/apt,4.24850,4.55297
18228183,SF,Private room,4.61512,4.59862
16219372,NYC,Entire home/apt,4.60517,4.55737
16636296,NYC,Private room,4.17439,4.31560
19046687,LA,Private room,4.46591,4.71011
7602603,NYC,Private room,4.31749,4.69423
14798850,LA,Private room,4.31749,4.02634
19108412,Boston,Entire home/apt,5.52146,5.20416
6887909,NYC,Entire home/apt,4.93447,5.17103
17735101,LA,Entire home/apt,4.59512,4.38503
15938749,DC,Entire home/apt,6.21461,5.92439
20634283,DC,Private room,3.43399,4.17288
15768282,NYC,Entire home/apt,5.58725,5.91514
20190343,NYC,Private room,3.55535,3.68306
4710572,LA,Entire home/apt,5.33754,5.16157
18590,LA,Shared room,3.46574,3.85443
8906176,LA,Shared room,6.30079,4.95290
19160270,LA,Private room,4.24850,4.29231
15381675,SF,Private room,4.70048,4.98785
8830522,LA,Entire home/apt,5.00395,5.30070
10547145,SF,Entire home/apt,5.16479,5.12904
715270,NYC,Private room,4.00733,4.37188
14884022,NYC,Private room,4.00733,4.09839
16964740,LA,Private room,4.36945,4.39708
8656123,NYC,Private room,4.09434,4.42345
4810304,NYC,Entire home/apt,5.91889,5.95835
5792141,Boston,Entire home/apt,5.03695,5.29703
981410,NYC,Entire home/apt,5.27300,4.85804
13428934,NYC,Private room,3.80666,4.08673
18462529,LA,Private room,4.44265,4.41612
20469195,NYC,Private room,4.34381,4.26983
10251082,NYC,Private room,4.70048,4.79724
12211018,NYC,Entire home/apt,5.85793,5.18433
75193,LA,Entire home/apt,4.55388,4.71489
12753144,NYC,Private room,4.24850,4.03390
17575491,NYC,Private room,4.17439,4.18012
4620954,NYC,Entire home/apt,5.01064,5.13753
13062133,NYC,Shared room,5.52146,4.61407
6491930,LA,Entire home/apt,4.94164,4.99573
15172518,LA,Entire home/apt,4.68213,4.77889
10233888,NYC,Shared room,3.91202,3.84771
7884708,LA,Private room,3.55535,3.79537
11554877,DC,Entire home/apt,5.52146,5.59814
13867812,LA,Private room,3.82864,4.14857
2123469,NYC,Private room,4.56435,4.31784
14669267,Boston,Entire home/apt,5.20401,5.37474
344082,NYC,Private room,3.91202,4.40142
10299474,DC,Entire home/apt,4.59512,4.49816
13335122,NYC,Entire home/apt,5.29832,5.07662
16703439,SF,Private room,4.82831,4.48359
16148980,LA,Private room,4.38203,4.45770
6345728,Chicago,Private room,3.91202,3.85031
18126639,NYC,Private room,3.63759,3.82387
8047016,LA,Entire home/apt,5.24175,5.16219
6588947,Chicago,Entire home/apt,4.74493,4.66133
2474798,Chicago,Private room,3.61092,3.77205
16484929,NYC,Private room,4.55388,4.46718
19675118,LA,Private room,4.24850,4.22114
973128,LA,Entire home/apt,6.30992,6.48618
14010699,DC,Entire home/apt,4.60517,4.79815
21004451,NYC,Private room,3.68888,3.78811
9457285,NYC,Private room,3.91202,4.37620
1860120,NYC,Entire home/apt,4.49981,4.55408
10964074,NYC,Entire home/apt,5.51745,5.88122
11816750,LA,Entire home/apt,4.60517,4.69153
16193729,LA,Entire home/apt,4.60517,4.55591
17331620,LA,Private room,4.49981,4.34336
13222086,NYC,Private room,4.70048,4.64915
13140303,NYC,Private room,4.70953,4.50587
9386923,NYC,Entire home/apt,4.59512,5.01353
6970005,LA,Entire home/apt,4.55388,5.01573
14221476,NYC,Private room,5.19296,4.74091
5346803,LA,Entire home/apt,4.82831,4.66810
8367326,NYC,Entire home/apt,5.16479,5.01716
16174440,LA,Entire home/apt,5.52146,4.78759
18253249,SF,Private room,4.77912,4.83869
7549424,Chicago,Private room,4.52179,3.90339
12223531,LA,Private room,3.91202,4.16596
13876809,NYC,Entire home/apt,4.34381,4.64993
9184490,LA,Entire home/apt,4.49981,4.49110
2514760,NYC,Entire home/apt,4.74493,4.78899
16353493,LA,Entire home/apt,4.78749,4.83161
18808243,NYC,Private room,4.86753,4.65685
7096343,LA,Entire home/apt,4.55388,4.96383
16134762,NYC,Entire home/apt,4.82831,4.94943
15296957,SF,Entire home/apt,5.00395,5.05591
9541103,NYC,Entire home/apt,4.78749,4.71970
14884993,DC,Entire home/apt,4.82831,4.96527
10733653,SF,Private room,4.34381,4.39802
794425,LA,Entire home/apt,4.74493,4.65246
18276771,NYC,Private room,4.31749,4.09648
4445915,NYC,Entire home/apt,5.24702,4.66333
16364067,NYC,Private room,4.09434,4.12839
3718713,NYC,Entire home/apt,5.43372,5.54017
10388064,NYC,Private room,4.21951,3.91940
5478901,LA,Shared room,4.60517,3.79391
6365018,LA,Entire home/apt,5.06890,5.00196
17556509,NYC,Entire home/apt,5.19296,5.15193
16088064,Chicago,Private room,3.97029,3.78249
20498906,LA,Private room,4.57471,4.27542
6511835,Boston,Entire home/apt,5.75257,5.76269
15295895,NYC,Entire home/apt,5.27300,5.35099
19670506,Boston,Entire home/apt,5.01064,5.35805
11318983,DC,Private room,4.60517,4.82587
10228720,LA,Entire home/apt,4.31749,4.33226
4957358,LA,Entire home/apt,4.48864,4.89460
16720661,LA,Entire home/apt,5.26786,5.28394
19090927,LA,Private room,4.82831,4.53386
13789671,LA,Entire home/apt,4.59512,4.71296
16227137,LA,Private room,3.91202,4.04539
17589010,LA,Private room,4.21951,4.41435
20358396,LA,Entire home/apt,4.91265,5.51739
7949624,NYC,Entire home/apt,5.29832,4.73009
16241244,Boston,Entire home/apt,5.29330,5.69259
20350676,SF,Shared room,3.36730,3.59166
15641528,LA,Entire home/apt,4.49981,4.73129
7277230,LA,Private room,4.17439,4.27786
128975,SF,Entire home/apt,5.07517,5.11080
18359001,NYC,Entire home/apt,4.34381,4.94668
6445663,Chicago,Entire home/apt,4.38203,4.38433
11146370,Chicago,Entire home/apt,4.17439,4.67284
10118946,NYC,Entire home/apt,4.59512,4.79364
4616068,SF,Private room,4.38203,4.14881
9079428,DC,Entire home/apt,4.85981,4.89605
1135010,Boston,Entire home/apt,5.06890,5.38620
6899502,LA,Entire home/apt,4.82028,5.02321
18255236,Boston,Entire home/apt,5.06890,5.16789
14666453,LA,Entire home/apt,6.20456,5.87030
18519411,LA,Private room,4.55388,4.33853
6106050,DC,Private room,4.31749,4.44207
14551681,DC,Entire home/apt,6.47697,6.40196
3309722,NYC,Entire home/apt,5.29832,5.55346
17762915,LA,Entire home/apt,5.24175,4.77591
9531440,SF,Entire home/apt,5.22036,5.22707
16336090,LA,Private room,4.00733,4.03756
13219086,NYC,Private room,4.48864,4.54263
16570978,DC,Entire home/apt,5.01064,4.98334
18992549,NYC,Entire home/apt,4.71850,5.15629
18139171,LA,Private room,4.60517,4.20611
12231098,LA,Entire home/apt,4.59512,4.54405
3439664,LA,Private room,4.78749,4.59255
11987274,LA,Entire home/apt,4.90527,4.88140
2325144,NYC,Private room,4.23411,4.26540
5562775,Boston,Entire home/apt,4.60517,5.41465
20758395,DC,Entire home/apt,4.60517,4.88276
17624771,NYC,Private room,4.60517,4.44111
183759,LA,Shared room,3.40120,4.04286
6298154,NYC,Private room,4.31749,4.25763
15602702,NYC,Private room,3.91202,3.92814
13880793,Boston,Entire home/apt,4.82831,5.27068
19634815,LA,Private room,3.91202,4.33833
17879596,NYC,Private room,4.44265,4.33802
12450817,NYC,Entire home/apt,4.38203,4.79158
15037395,SF,Private room,4.38203,4.94767
7634823,LA,Private room,3.58352,4.00642
10212133,DC,Entire home/apt,5.41610,5.46185
8800006,NYC,Entire home/apt,5.24702,4.88005
6504076,Boston,Entire home/apt,4.07754,4.69866
17362678,NYC,Private room,5.29832,4.78448
13889399,NYC,Entire home/apt,4.31749,4.68642
12175377,NYC,Entire home/apt,4.94164,4.94212
15604507,SF,Entire home/apt,5.52146,5.28118
20960203,LA,Private room,4.78749,4.38458
12988639,NYC,Private room,3.91202,3.95489
8290464,NYC,Private room,4.55388,4.50496
11433502,DC,Entire home/apt,5.29832,4.99999
9894820,NYC,Entire home/apt,5.52146,5.45920
3082103,NYC,Private room,4.00733,3.94581
19366430,Boston,Entire home/apt,6.21261,6.34982
19802577,NYC,Private room,4.00733,4.15846
17793180,NYC,Private room,4.65396,4.46382
18489389,NYC,Private room,5.01064,4.88922
16283480,LA,Private room,4.15888,3.98517
20903325,NYC,Private room,4.31749,4.28155
2479317,NYC,Entire home/apt,5.10595,5.22400
8920467,NYC,Shared room,4.17439,4.11800
477991,SF,Entire home/apt,5.61677,5.33503
19712363,NYC,Private room,4.49981,4.56885
19346643,NYC,Entire home/apt,5.37528,5.27534
17624300,NYC,Private room,4.23411,4.27747
17331957,NYC,Entire home/apt,5.70378,5.61174
4774763,NYC,Entire home/apt,4.86753,5.06433
16654156,NYC,Entire home/apt,4.59512,5.76884
19878056,LA,Private room,4.38203,4.41444
18025591,SF,Entire home/apt,6.10925,5.94227
6559985,LA,Private room,3.52636,4.41560
13064360,NYC,Entire home/apt,4.90527,4.90355
20308615,NYC,Private room,4.94164,4.80562
2141549,LA,Private room,4.60517,4.45000
5992166,SF,Entire home/apt,7.31322,5.32950
885614,LA,Private room,4.31749,4.19303
18958323,NYC,Entire home/apt,5.01064,5.27366
19097136,NYC,Entire home/apt,5.16479,4.79596
4519764,NYC,Entire home/apt,5.01064,5.14785
10293298,LA,Entire home/apt,4.82028,4.86109
15745920,LA,Entire home/apt,4.75359,4.89253
7996391,DC,Entire home/apt,5.20401,5.11955
16582683,LA,Shared room,5.19296,4.24974
4184406,LA,Entire home/apt,4.73620,4.85585
18412285,Chicago,Private room,2.94444,3.47599
3747567,LA,Shared room,5.01064,4.18091
19011988,LA,Entire home/apt,5.29330,5.89585
18550040,LA,Entire home/apt,5.18739,5.36796
17385851,LA,Entire home/apt,5.51745,5.51673
19005438,LA,Private room,3.80666,3.94015
15409616,NYC,Entire home/apt,5.18178,4.97982
5153023,LA,Entire home/apt,5.36129,5.31481
895445,LA,Private room,4.21951,4.09826
17756616,Boston,Private room,4.64439,4.75401
1990543,NYC,Private room,5.01064,4.83976
2061873,LA,Entire home/apt,4.44265,4.38204
18502550,LA,Private room,4.07754,4.06315
15835533,SF,Entire home/apt,6.55108,6.07349
11627001,LA,Private room,4.24850,4.35384
17490009,LA,Entire home/apt,4.65396,4.73618
186871,LA,Entire home/apt,4.59512,4.82792
16804127,NYC,Private room,4.55388,5.17269
8668418,DC,Entire home/apt,4.49981,4.78851
3426079,NYC,Entire home/apt,5.34711,4.99024
17414874,Chicago,Private room,4.44265,4.58122
16690432,NYC,Entire home/apt,4.09434,4.28826
20526842,NYC,Entire home/apt,5.41610,5.52265
1471199,LA,Entire home/apt,4.60517,4.64499
7508560,NYC,Private room,6.05209,4.94699
2371432,NYC,Shared room,5.29832,3.45740
15146856,LA,Entire home/apt,6.01616,6.05179
20689498,Chicago,Private room,4.24850,3.90787
13990045,Chicago,Entire home/apt,4.74493,4.92883
13618148,NYC,Private room,4.82831,4.53569
15837163,NYC,Entire home/apt,4.48864,4.82259
16828172,LA,Private room,3.93183,4.01700
19806140,LA,Private room,4.31749,4.51902
2490115,NYC,Entire home/apt,4.55388,4.81816
12272772,LA,Entire home/apt,4.59512,4.82599
20797872,NYC,Private room,4.82831,4.30393
9193390,LA,Entire home/apt,5.85793,5.49822
7789678,LA,Private room,5.00395,4.82644
14805243,NYC,Entire home/apt,5.39363,4.81577
5190694,LA,Entire home/apt,5.29832,4.69972
3611131,LA,Entire home/apt,5.75257,5.93730
20642311,NYC,Entire home/apt,4.77912,5.16415
2200247,LA,Entire home/apt,4.94164,4.99659
13689769,NYC,Private room,3.68888,4.04587
14886269,NYC,Entire home/apt,4.94164,5.15646
16429958,NYC,Entire home/apt,4.49981,4.60404
2010839,NYC,Entire home/apt,6.04501,5.44999
10963158,SF,Shared room,4.17439,4.12479
14709949,LA,Entire home/apt,4.48864,4.39441
17640151,SF,Private room,4.36945,4.60676
6853688,DC,Entire home/apt,6.02828,5.42748
16577628,NYC,Entire home/apt,7.31322,6.17883
283209,NYC,Private room,4.59512,4.84082
10209654,LA,Entire home/apt,4.65396,5.06660
6959003,LA,Entire home/apt,4.55388,4.52968
16999342,SF,Private room,5.19296,4.91350
14470437,NYC,Entire home/apt,5.23111,5.44048
3834786,LA,Entire home/apt,5.00395,4.98371
15790436,Chicago,Private room,4.36945,4.14812
1832286,DC,Private room,5.16479,4.83140
9414482,NYC,Private room,4.21951,4.08324
18198703,Boston,Entire home/apt,5.29832,5.11715
13163744,LA,Private room,3.87120,4.01291
7933558,LA,Private room,4.86753,4.47995
15066761,SF,Private room,3.68888,4.24019
14215681,NYC,Private room,5.24702,4.83305
15968425,DC,Entire home/apt,5.97889,5.90976
7852625,NYC,Entire home/apt,5.24702,5.09480
17476421,LA,Entire home/apt,5.70378,5.35072
13867374,DC,Private room,5.34711,4.94996
3850599,LA,Private room,4.60517,4.19341
11986555,NYC,Entire home/apt,5.10595,4.93324
18431462,Chicago,Entire home/apt,4.82831,4.46944
8081791,NYC,Private room,4.55388,4.58949
7533762,NYC,Entire home/apt,5.29330,5.21623
1396950,LA,Private room,4.36945,4.30978
16275004,LA,Entire home/apt,5.90808,5.96961
560049,Boston,Entire home/apt,4.60517,5.31644
8847624,Boston,Private room,4.59512,4.44827
13968271,LA,Entire home/apt,4.52179,5.32124
8937816,Boston,Private room,4.55388,4.72318
12973927,NYC,Entire home/apt,5.96101,5.58835
16258366,NYC,Private room,4.82831,4.65726
6129236,SF,Entire home/apt,4.82831,5.27731
20192789,LA,Entire home/apt,4.86753,4.81015
2093035,LA,Entire home/apt,5.52146,5.62087
650867,NYC,Entire home/apt,5.61677,5.95328
18519818,DC,Entire home/apt,4.69135,4.88662
7352798,NYC,Private room,3.98898,4.05316
3739126,NYC,Entire home/apt,5.00395,4.96956
16946195,DC,Entire home/apt,5.01064,4.84020
13278515,Chicago,Entire home/apt,4.60517,4.76133
18197896,NYC,Entire home/apt,5.07517,4.97717
15222335,SF,Private room,5.92693,5.18817
14745469,NYC,Private room,3.98898,4.02543
11223568,LA,Private room,4.21951,4.00967
503659,DC,Entire home/apt,5.27300,4.98738
12453356,SF,Entire home/apt,5.70044,5.54680
16441625,NYC,Private room,5.85793,5.03897
13135097,NYC,Entire home/apt,4.85981,5.49755
15846039,LA,Entire home/apt,6.90776,5.41036
8442154,LA,Private room,4.12713,4.23561
19844783,NYC,Entire home/apt,4.48864,4.78456
7108852,NYC,Entire home/apt,5.43808,5.32027
7156551,DC,Entire home/apt,5.43372,5.45519
1236489,SF,Entire home/apt,5.27300,5.09060
13165391,Chicago,Private room,3.13549,3.85623
7036079,NYC,Entire home/apt,4.38203,4.72472
12264926,NYC,Private room,4.49981,4.63027
6286337,LA,Entire home/apt,4.77912,4.86116
1936633,NYC,Private room,4.00733,3.95705
5859899,LA,Entire home/apt,4.55388,4.57333
8721414,SF,Entire home/apt,5.10595,4.99206
20979676,LA,Private room,4.78749,4.29627
14575149,SF,Entire home/apt,5.29330,5.39110
17544652,SF,Private room,4.24850,4.60510
7067087,DC,Private room,3.33220,3.88791
15854057,LA,Private room,4.24850,4.28734
8012663,NYC,Entire home/apt,5.41610,4.85133
6364807,SF,Private room,4.78749,4.50212
10017822,LA,Entire home/apt,4.26268,4.43668
14991363,LA,Entire home/apt,5.70378,5.79855
17625824,LA,Entire home/apt,4.38203,4.64770
694285,SF,Entire home/apt,5.10595,5.18268
14254340,NYC,Private room,4.38203,4.48308
6157975,DC,Entire home/apt,4.78749,4.93639
16477800,LA,Entire home/apt,5.13580,5.04554
4263843,LA,Private room,4.02535,4.17705
3677995,SF,Entire home/apt,7.37713,6.39045
14933893,Chicago,Entire home/apt,4.74493,4.34030
20915518,DC,Entire home/apt,5.06260,4.75963
15994863,LA,Entire home/apt,4.60517,4.46220
1516321,DC,Entire home/apt,4.36945,4.62722
13591923,NYC,Entire home/apt,4.78749,5.19797
7022572,Boston,Entire home/apt,5.41610,5.34463
20233308,NYC,Entire home/apt,5.70378,5.56943
20998070,NYC,Entire home/apt,4.90527,4.90563
12069391,NYC,Entire home/apt,5.41610,5.33191
9093219,LA,Private room,4.00733,4.17636
2026121,LA,Private room,3.85015,4.97030
18969761,LA,Private room,3.91202,4.19873
488249,NYC,Private room,4.70048,4.53428
12857011,DC,Entire home/apt,4.69135,4.87000
20194042,Chicago,Private room,4.09434,4.23657
16636164,NYC,Private room,4.09434,4.48873
8266933,NYC,Private room,4.24850,4.33423
13201396,SF,Entire home/apt,5.45959,5.31626
8829443,SF,Private room,5.19296,4.76298
16242420,NYC,Entire home/apt,4.45435,4.70286
4565032,Chicago,Entire home/apt,4.82831,4.65257
20185114,NYC,Entire home/apt,4.92725,5.13565
16270843,LA,Entire home/apt,6.62007,5.60972
9012988,NYC,Private room,4.78749,4.75598
15701434,NYC,Entire home/apt,5.85793,5.14852
19532027,LA,Shared room,2.70805,2.97219
16442717,LA,Entire home/apt,5.50126,5.71149
17964869,LA,Entire home/apt,5.29832,5.67639
2998007,NYC,Private room,4.60517,4.64640
16099303,NYC,Entire home/apt,5.24702,5.11117
7483031,NYC,Entire home/apt,5.10595,4.99275
16179988,NYC,Entire home/apt,5.29832,5.53098
15205387,NYC,Private room,4.17439,4.07686
15937164,Chicago,Entire home/apt,6.10925,5.63318
19099942,SF,Entire home/apt,5.70378,5.44260
14553791,DC,Private room,4.31749,4.19808
18751192,Boston,Private room,4.24850,4.22188
15658650,LA,Private room,5.27300,4.33607
5330086,Boston,Entire home/apt,5.24175,5.25622
7146663,LA,Entire home/apt,4.23411,4.65255
13404021,LA,Entire home/apt,5.29832,4.99658
17436900,NYC,Entire home/apt,5.34711,5.30245
19100234,NYC,Private room,4.44265,4.63231
12452124,LA,Entire home/apt,4.24850,4.53001
14936974,LA,Entire home/apt,5.06890,5.09171
8923833,LA,Entire home/apt,4.77068,4.66872
10032495,SF,Entire home/apt,5.63121,5.56312
15703472,Chicago,Entire home/apt,4.49981,4.93801
18156268,LA,Private room,4.07754,4.17793
20983197,LA,Entire home/apt,4.31749,4.52716
11164714,NYC,Entire home/apt,4.59512,4.55863
14942596,LA,Private room,3.68888,3.99534
13032174,LA,Private room,4.00733,4.30034
14656618,LA,Entire home/apt,4.55388,4.87234
2297549,NYC,Private room,3.55535,3.78684
6676364,SF,Entire home/apt,4.82831,5.00484
8625580,NYC,Entire home/apt,5.01064,4.95812
1519752,DC,Entire home/apt,5.06890,5.27411
15870016,LA,Entire home/apt,4.31749,4.56178
1325473,DC,Private room,4.48864,4.28967
728573,NYC,Entire home/apt,5.29832,4.55693
16338348,NYC,Entire home/apt,4.78749,4.92394
7678243,LA,Private room,4.58497,4.61417
15464413,NYC,Private room,4.44265,4.20698
10755026,NYC,Entire home/apt,5.70378,5.47580
15435575,LA,Shared room,5.29832,4.27752
15855156,NYC,Private room,4.17439,3.99735
20788666,LA,Entire home/apt,4.56435,4.68062
9156193,NYC,Shared room,4.00733,3.91454
457528,NYC,Entire home/apt,5.29832,4.96489
6622389,LA,Private room,4.17439,4.25326
12274312,LA,Private room,3.63759,4.24780
511385,SF,Entire home/apt,5.13580,5.08389
1221352,Chicago,Entire home/apt,5.61677,5.04414
13413920,LA,Entire home/apt,4.51086,4.72874
4059037,NYC,Private room,4.49981,4.59967
20449670,LA,Private room,3.87120,3.89144
18746696,NYC,Private room,4.60517,4.61172
7861221,NYC,Private room,4.14313,3.85848
15328323,LA,Private room,4.58497,4.42269
4974546,NYC,Entire home/apt,4.70953,4.94477
13425780,DC,Private room,4.31749,4.36461
16465524,NYC,Private room,4.36945,5.04074
27025,LA,Entire home/apt,5.52146,5.17276
887038,Chicago,Private room,3.40120,3.93719
17286574,LA,Private room,3.91202,4.03215
6783739,SF,Entire home/apt,5.70378,5.18788
16653590,LA,Entire home/apt,6.38856,6.18379
8741492,LA,Private room,4.43082,4.21980
1751743,LA,Private room,4.60517,4.42060
18225221,NYC,Private room,4.74493,4.71380
4776065,NYC,Private room,3.63759,4.00107
5538737,NYC,Private room,3.68888,4.23408
8663695,LA,Private room,4.64439,4.30028
15858221,LA,Private room,4.60517,4.99634
663806,NYC,Entire home/apt,5.39363,5.33326
15269175,LA,Entire home/apt,5.52146,5.01931
7921380,NYC,Entire home/apt,4.84419,4.89748
14301108,LA,Entire home/apt,4.90527,4.96362
17807145,NYC,Private room,4.49981,4.14571
16826474,DC,Entire home/apt,6.21261,5.85186
10755554,DC,Entire home/apt,4.60517,4.68920
13671357,LA,Private room,4.02535,4.14169
9758751,NYC,Private room,4.49981,4.85133
10680034,NYC,Entire home/apt,5.85507,5.70145
20285047,Boston,Entire home/apt,5.00395,5.22947
19738148,NYC,Shared room,3.52636,4.23790
6179500,SF,Entire home/apt,6.39693,5.90684
15832811,NYC,Entire home/apt,5.10595,4.99160
6741968,NYC,Entire home/apt,4.55388,4.68130
18626935,NYC,Entire home/apt,4.91998,5.22719
732569,LA,Private room,4.38203,3.98881
1312913,LA,Entire home/apt,4.77912,4.98357
4956896,NYC,Private room,4.23411,4.28814
18999147,NYC,Private room,3.91202,4.04727
15302256,LA,Entire home/apt,5.32301,5.17312
13122712,NYC,Shared room,3.55535,4.08715
7637032,LA,Entire home/apt,5.06890,4.78026
14008337,LA,Entire home/apt,6.21461,5.49941
18693060,NYC,Entire home/apt,4.96981,4.59925
13065594,DC,Entire home/apt,4.60517,4.52564
6063934,Chicago,Entire home/apt,4.76217,4.72146
759201,NYC,Entire home/apt,5.41610,5.48944
4162519,NYC,Shared room,3.82864,4.50495
11650863,NYC,Entire home/apt,5.24702,5.55309
7698631,NYC,Private room,3.49651,3.89246
9453570,LA,Entire home/apt,6.10925,6.30603
16336507,SF,Entire home/apt,4.82831,5.76866
12207129,LA,Private room,4.86753,4.36809
16735166,NYC,Private room,5.01064,4.62081
3363806,NYC,Private room,5.01064,4.78117
21009833,NYC,Entire home/apt,6.90776,5.71264
15087390,SF,Private room,5.07517,4.74166
7499960,Chicago,Private room,4.77912,4.68419
5856557,LA,Private room,4.24850,4.31314
9005332,NYC,Entire home/apt,4.78749,5.17118
13575001,NYC,Entire home/apt,5.51745,5.36987
20692471,SF,Private room,4.31749,4.71843
17745707,DC,Private room,4.52179,4.30260
15661246,NYC,Private room,3.73767,4.02280
12686733,Chicago,Entire home/apt,4.44265,4.63629
16259045,NYC,Entire home/apt,5.01064,5.42469
12294239,LA,Private room,4.49981,4.23125
576018,DC,Entire home/apt,7.27932,6.20436
16597072,NYC,Entire home/apt,4.78749,4.38743
18855595,Chicago,Entire home/apt,4.66344,4.66534
9131987,LA,Private room,5.41610,4.64966
13725208,LA,Entire home/apt,4.97673,5.16050
8549372,DC,Private room,4.59512,4.28644
15447434,SF,Entire home/apt,5.12990,5.19559
10862293,LA,Entire home/apt,5.85793,5.53225
18327819,NYC,Entire home/apt,4.17439,4.69607
4251656,LA,Private room,3.55535,3.73230
13863814,DC,Private room,4.24850,4.48927
6935184,DC,Private room,3.58352,3.66305
9611586,NYC,Private room,3.78419,3.93237
13019436,LA,Private room,4.00733,4.25143
5969033,NYC,Entire home/apt,5.01064,4.95925
16718076,NYC,Entire home/apt,4.38203,4.62488
15758753,NYC,Entire home/apt,4.21951,4.44768
6505664,NYC,Private room,4.54329,4.37053
8326389,NYC,Entire home/apt,4.44265,5.10826
9193933,DC,Entire home/apt,6.21461,6.31440
21153094,NYC,Private room,4.70048,4.46985
1109916,DC,Private room,4.24850,4.34443
7222704,Boston,Entire home/apt,5.85507,5.70046
17140780,NYC,Entire home/apt,4.00733,4.56379
13751749,NYC,Private room,4.38203,4.16668
12095636,NYC,Private room,4.60517,4.09005
18204951,LA,Entire home/apt,4.82831,5.03367
6539040,DC,Entire home/apt,4.60517,5.16925
17043917,LA,Private room,6.37161,5.35113
15501671,NYC,Entire home/apt,4.78749,4.63945
10909389,LA,Private room,7.31322,4.92626
14094358,LA,Private room,3.91202,4.03559
18729143,LA,Private room,4.24850,4.35452
883423,NYC,Shared room,3.36730,3.70320
11601634,NYC,Private room,5.16479,4.83937
16542748,LA,Entire home/apt,5.10595,5.04118
7346955,SF,Entire home/apt,5.07517,5.14090
4068273,LA,Entire home/apt,5.00395,4.90327
8843995,LA,Entire home/apt,4.78749,5.00832
13429185,NYC,Private room,5.19296,4.87413
9986770,NYC,Entire home/apt,4.65396,4.62296
17990823,LA,Entire home/apt,4.78749,4.49923
3718331,LA,Entire home/apt,5.00395,4.86048
15716518,LA,Entire home/apt,5.04986,5.07507
16953860,LA,Shared room,3.80666,3.75845
15814980,LA,Shared room,4.00733,3.85616
13270895,LA,Private room,4.09434,4.06517
18948184,SF,Entire home/apt,4.60517,5.01614
16767799,LA,Entire home/apt,4.65396,4.45264
13415442,NYC,Private room,3.91202,4.14617
14834377,LA,Private room,4.23411,4.50478
17607064,NYC,Entire home/apt,5.88332,5.77439
13880972,NYC,Shared room,3.55535,3.72303
16343000,DC,Entire home/apt,5.19296,5.49835
18079031,NYC,Entire home/apt,4.78749,4.97991
2188244,LA,Entire home/apt,6.55108,6.56478
13863230,NYC,Entire home/apt,5.70378,5.35667
16228904,NYC,Private room,4.24850,4.66986
18055927,SF,Entire home/apt,5.77144,5.93818
14503485,SF,Entire home/apt,5.52146,5.60162
9899970,NYC,Private room,4.47734,4.32070
11343485,NYC,Private room,4.04305,4.06680
2333058,NYC,Private room,5.99146,4.35154
14205847,LA,Shared room,3.68888,3.73501
15954250,LA,Private room,4.23411,4.50801
18327453,NYC,Entire home/apt,5.85507,5.62381
21131769,SF,Entire home/apt,5.76832,5.76261
6870552,NYC,Entire home/apt,5.19296,5.16354
15220143,NYC,Entire home/apt,5.70378,5.48008
9797319,SF,Private room,4.60517,4.58394
4998105,LA,Entire home/apt,5.07517,4.68303
15499525,NYC,Private room,4.31749,4.22763
16274069,NYC,Private room,3.68888,3.88320
6578519,NYC,Entire home/apt,4.60517,4.52785
19428084,LA,Private room,3.82864,4.24930
11323125,NYC,Entire home/apt,4.55388,4.93091
9509218,DC,Private room,5.70378,4.71492
14040438,NYC,Private room,3.89182,4.15301
6404201,NYC,Entire home/apt,5.29832,5.58028
16491731,NYC,Private room,3.80666,4.08467
10424720,SF,Entire home/apt,5.52146,5.38615
14428783,NYC,Private room,4.82831,4.83530
8385471,NYC,Shared room,3.85015,3.47256
17890933,NYC,Private room,3.58352,3.98417
16963454,LA,Private room,3.89182,3.85573
20980132,DC,Entire home/apt,5.01064,5.18330
5991227,SF,Entire home/apt,5.29832,5.12215
4855004,SF,Private room,4.58497,4.78093
20817930,LA,Entire home/apt,4.59512,4.49898
11067041,NYC,Private room,4.21951,4.21829
16951455,NYC,Private room,4.23411,4.13356
2763206,NYC,Entire home/apt,5.10595,4.79105
2304925,LA,Entire home/apt,5.41610,5.43444
8277434,NYC,Entire home/apt,5.29330,5.55500
4096193,NYC,Entire home/apt,5.22036,5.07741
11719535,SF,Entire home/apt,5.06890,4.92938
9845420,NYC,Private room,4.00733,3.53962
10173242,NYC,Private room,4.31749,4.45180
6494256,NYC,Private room,4.38203,3.99180
1431467,Chicago,Entire home/apt,4.85203,5.31373
16931894,NYC,Private room,4.14313,4.20749
16235920,NYC,Entire home/apt,4.60517,4.85099
4303139,LA,Entire home/apt,5.43372,5.11821
5618878,NYC,Private room,4.09434,4.24963
9737947,Boston,Private room,3.40120,4.19687
4342334,NYC,Entire home/apt,5.29832,4.99475
7023818,SF,Entire home/apt,4.86753,4.78097
18588287,LA,Entire home/apt,5.06890,5.28559
18416347,LA,Entire home/apt,5.12990,5.15466
17389374,NYC,Entire home/apt,5.16479,4.87275
19827594,NYC,Entire home/apt,4.94164,5.10022
4709131,SF,Private room,4.60517,4.64793
16766708,NYC,Entire home/apt,5.29832,5.01656
17749633,SF,Private room,4.63473,4.63160
17367187,SF,Entire home/apt,6.21261,5.91892
17795412,DC,Entire home/apt,6.39693,5.55297
2175930,NYC,Entire home/apt,4.60517,4.87714
5712768,LA,Private room,4.57471,4.40686
1654170,NYC,Private room,4.38203,4.01065
4962043,NYC,Entire home/apt,4.86753,4.78273
13299725,LA,Private room,4.38203,4.31479
14197150,SF,Entire home/apt,6.10925,5.84651
9129846,NYC,Entire home/apt,5.27300,5.44053
12301489,DC,Private room,4.00733,4.03863
17045574,LA,Entire home/apt,4.78749,4.66864
19306475,NYC,Private room,3.73767,4.00455
9900715,SF,Entire home/apt,4.81218,5.48299
4916407,LA,Entire home/apt,5.78383,5.62200
17557877,LA,Entire home/apt,4.82831,5.04691
7462019,DC,Private room,6.88755,4.50468
10885322,Chicago,Private room,4.44265,4.15824
8559800,LA,Entire home/apt,4.93447,5.34000
7038519,LA,Entire home/apt,4.78749,4.75369
17268805,NYC,Entire home/apt,5.88610,5.51729
20661572,SF,Entire home/apt,5.01064,5.36001
16778903,Chicago,Entire home/apt,5.01728,4.97153
14231795,NYC,Private room,4.31749,4.20885
12173164,NYC,Private room,4.23411,4.23966
163627,NYC,Private room,3.40120,4.17423
6431889,LA,Entire home/apt,4.55388,4.40117
3513303,LA,Entire home/apt,4.59512,4.36102
21164481,LA,Entire home/apt,4.75359,4.55089
11169819,NYC,Entire home/apt,5.66643,5.58038
19309450,LA,Entire home/apt,5.29330,4.90826
10330734,LA,Entire home/apt,4.95583,5.25784
15314273,Boston,Entire home/apt,5.37528,5.20938
12041533,SF,Entire home/apt,6.21461,6.04686
15605758,SF,Entire home/apt,5.41610,5.26874
6238066,LA,Private room,4.44265,4.50740
4744924,Boston,Entire home/apt,5.01064,5.41435
1456267,SF,Entire home/apt,5.52146,5.83481
15728780,LA,Entire home/apt,4.48864,4.45450
11585049,NYC,Private room,4.30407,4.73521
12734487,NYC,Shared room,3.91202,3.68445
15096515,NYC,Entire home/apt,6.35437,6.14574
13544987,LA,Entire home/apt,5.00395,5.04673
4492678,LA,Private room,4.00733,3.86560
15448633,NYC,Entire home/apt,5.29832,4.83921
7347374,LA,Private room,3.82864,3.86633
6645387,LA,Private room,4.07754,4.36301
314248,NYC,Entire home/apt,5.24175,5.31959
16604447,DC,Entire home/apt,5.16479,5.25056
13413420,NYC,Entire home/apt,4.38203,4.55977
16339367,LA,Entire home/apt,4.17439,4.80231
5173709,NYC,Entire home/apt,5.68698,5.42634
725263,LA,Entire home/apt,4.59512,4.90448
16974973,NYC,Entire home/apt,4.73620,4.99681
3424943,LA,Entire home/apt,4.93447,4.65394
6264175,LA,Private room,4.36945,3.83082
367810,NYC,Entire home/apt,5.34711,5.29607
15082930,NYC,Entire home/apt,4.94164,4.99383
6691220,DC,Entire home/apt,7.60040,6.29116
17732428,NYC,Private room,5.70378,4.75860
17132614,LA,Entire home/apt,5.01064,4.79630
17219748,NYC,Entire home/apt,5.70378,5.48252
2459587,NYC,Entire home/apt,5.52146,5.28488
16156464,LA,Private room,3.91202,3.99321
16488277,LA,Private room,3.80666,4.01943
1975168,NYC,Entire home/apt,4.78749,5.05935
1007338,NYC,Entire home/apt,4.86753,5.07022
18240780,Chicago,Private room,4.38203,4.42201
16324493,SF,Private room,4.48864,4.24313
16857801,LA,Entire home/apt,4.70048,4.77444
5406547,LA,Entire home/apt,4.60517,4.84307
13927765,LA,Entire home/apt,4.90527,4.83577
11306483,NYC,Private room,3.91202,4.13620
18490980,Chicago,Private room,4.59512,4.56217
16353039,LA,Private room,4.60517,4.21354
3896093,NYC,Entire home/apt,4.55388,4.77829
16289650,NYC,Entire home/apt,4.55388,5.22318
17592316,NYC,Entire home/apt,5.17048,5.65146
7561641,LA,Private room,4.55388,4.33876
1811850,LA,Entire home/apt,5.01064,4.80985
60794,NYC,Entire home/apt,5.52146,5.28875
19910074,LA,Entire home/apt,5.70044,5.74964
20212043,NYC,Private room,4.17439,4.09532
8339864,NYC,Private room,4.09434,4.16709
15885090,LA,Entire home/apt,5.04986,4.90684
140973,SF,Entire home/apt,5.92693,5.50442
12390529,DC,Entire home/apt,5.26269,5.34343
15718448,NYC,Entire home/apt,5.53733,5.33492
9327804,SF,Entire home/apt,4.82831,4.92706
5447105,NYC,Entire home/apt,4.90527,4.83933
21133634,LA,Entire home/apt,4.83628,4.84713
15083937,NYC,Entire home/apt,4.70048,4.73284
1995487,DC,Entire home/apt,4.74493,4.49974
4060723,LA,Private room,4.12713,4.34131
20174317,LA,Entire home/apt,4.99721,5.20432
6026546,DC,Private room,4.38203,4.63673
15757827,LA,Entire home/apt,5.73979,5.85602
18424928,LA,Entire home/apt,4.82028,4.78381
682209,SF,Private room,4.60517,4.64230
18500362,Boston,Entire home/apt,4.85981,5.09264
7113258,NYC,Private room,4.82831,4.22687
19703706,NYC,Entire home/apt,4.86753,5.15887
1281015,LA,Entire home/apt,6.68461,6.92416
18121086,NYC,Entire home/apt,4.60517,4.51794
17008563,NYC,Private room,3.55535,3.80517
20092162,DC,Entire home/apt,4.82831,5.03019
11207665,NYC,Shared room,3.40120,3.60869
15561163,NYC,Shared room,4.07754,4.04350
16377190,LA,Private room,4.09434,4.06241
12426126,NYC,Entire home/apt,4.59512,5.23084
8778716,NYC,Private room,4.44265,4.24540
20031768,LA,Entire home/apt,5.22575,4.97027
3569750,NYC,Entire home/apt,4.48864,4.91312
5850173,NYC,Private room,4.00733,4.36046
16769366,NYC,Entire home/apt,5.63479,5.81916
15155205,LA,Private room,4.06044,4.00762
4541102,NYC,Entire home/apt,5.29832,5.04826
21122305,NYC,Entire home/apt,5.01064,5.15006
16083207,NYC,Private room,3.95124,4.08287
4081465,NYC,Entire home/apt,4.21951,4.56028
20679755,LA,Private room,4.80402,4.66414
4940970,LA,Entire home/apt,4.49981,4.66760
16630708,LA,Private room,4.49981,4.42392
8207665,LA,Private room,4.65396,4.05390
4660960,Chicago,Entire home/apt,4.09434,4.59236
20435261,Boston,Entire home/apt,4.60517,4.71188
1198149,NYC,Entire home/apt,5.52146,5.29755
2802774,NYC,Private room,4.17439,3.90834
8523910,NYC,Entire home/apt,5.01064,5.24377
18948580,SF,Entire home/apt,4.94876,5.16771
2041283,LA,Private room,4.09434,4.16709
8665205,NYC,Entire home/apt,4.78749,4.78691
7561584,LA,Private room,4.59512,4.43358
3111809,LA,Private room,4.49981,4.39012
19713265,Chicago,Entire home/apt,5.01064,4.74540
9395128,LA,Private room,4.36945,4.43318
14182979,LA,Private room,3.91202,4.38429
13170459,NYC,Private room,4.09434,4.13639
4251471,NYC,Entire home/apt,5.41610,4.67098
19806105,NYC,Private room,7.13090,5.09118
16890928,Boston,Private room,4.02535,4.16878
2033186,DC,Entire home/apt,3.91202,4.38483
19472799,LA,Private room,4.49981,4.47162
5756365,SF,Entire home/apt,4.82831,5.40915
503790,LA,Entire home/apt,5.34233,5.51543
8831116,NYC,Entire home/apt,5.01064,5.11645
20859622,NYC,Private room,3.66356,3.99898
15728742,Boston,Private room,4.00733,3.90925
15597482,NYC,Entire home/apt,5.66643,5.36936
19769671,LA,Private room,4.76217,4.53729
11843397,NYC,Entire home/apt,5.13580,5.53727
10149773,NYC,Entire home/apt,5.65249,5.50769
17497013,NYC,Entire home/apt,4.85981,4.93640
20883669,NYC,Entire home/apt,4.59512,4.63959
7581208,LA,Entire home/apt,4.55388,4.67931
20254198,SF,Entire home/apt,5.69709,5.62943
14716155,NYC,Entire home/apt,5.52146,5.58292
10524983,LA,Private room,4.12713,4.42743
14989350,NYC,Entire home/apt,5.63479,5.04401
10075415,SF,Private room,5.01064,4.61094
3965658,NYC,Entire home/apt,4.86753,4.83320
20014895,NYC,Shared room,4.70048,4.28885
7397958,LA,Shared room,3.85015,3.72928
18311551,NYC,Private room,4.63473,4.37614
8598222,NYC,Private room,4.38203,4.08469
20827821,LA,Entire home/apt,6.47697,6.34246
2187766,NYC,Private room,5.01064,4.79561
7115041,LA,Private room,4.59512,4.63637
4279381,DC,Entire home/apt,4.44265,4.90857
10433460,LA,Private room,4.24850,4.54123
9269473,LA,Private room,3.55535,3.82805
9115627,NYC,Private room,5.68698,4.89896
17459490,NYC,Private room,4.70048,5.30475
15052259,DC,Entire home/apt,4.38203,5.35025
7733236,NYC,Entire home/apt,4.60517,4.75207
1226155,LA,Entire home/apt,6.54391,6.73924
13992908,NYC,Private room,4.40672,4.16032
4957681,LA,Entire home/apt,4.38203,4.69688
590957,NYC,Entire home/apt,5.34711,5.47347
15266605,NYC,Entire home/apt,5.16479,5.26613
18250909,SF,Private room,4.31749,4.37560
16783828,LA,Entire home/apt,4.82831,4.94284
16323837,DC,Private room,4.20469,4.46586
4132116,NYC,Private room,4.17439,4.19050
6868055,Chicago,Entire home/apt,5.99146,5.71453
15007465,LA,Entire home/apt,4.78749,4.62395
6834158,NYC,Private room,3.68888,4.32194
14744143,LA,Entire home/apt,4.85981,4.60920
16928346,DC,Entire home/apt,4.90527,5.23615
16685950,LA,Entire home/apt,4.62497,4.61086
6629645,SF,Private room,4.36945,4.44075
6676751,NYC,Entire home/apt,5.01064,4.63314
17794240,NYC,Entire home/apt,5.41610,5.05464
16256877,DC,Entire home/apt,5.16479,5.78929
8803473,SF,Entire home/apt,5.99146,5.62862
4525604,LA,Private room,4.36945,4.30186
4455301,LA,Private room,3.68888,4.44365
20419844,LA,Entire home/apt,5.10595,5.10572
1121953,LA,Private room,4.09434,4.34484
8901064,SF,Entire home/apt,6.55108,6.17640
11858737,Boston,Entire home/apt,5.52146,5.25261
14531631,Boston,Entire home/apt,4.90527,4.75317
5295,NYC,Private room,4.24850,4.08465
13735864,NYC,Private room,4.09434,4.55619
14280778,NYC,Private room,4.49981,4.14539
13844302,NYC,Entire home/apt,4.86753,5.11686
9750460,NYC,Entire home/apt,5.17048,5.41644
9332643,LA,Entire home/apt,5.52146,5.36246
1917762,NYC,Entire home/apt,4.70048,4.92902
696593,NYC,Entire home/apt,5.13580,5.26428
13046581,NYC,Private room,4.59512,4.54921
13648819,LA,Private room,3.87120,4.02765
2291943,NYC,Private room,3.80666,4.03687
2457182,NYC,Private room,5.01064,4.63689
14007809,LA,Entire home/apt,4.55388,4.79102
2004123,LA,Entire home/apt,4.36945,4.55247
6784453,NYC,Private room,3.80666,3.73405
2778349,NYC,Private room,4.00733,4.08114
4270149,DC,Entire home/apt,4.86753,4.84988
23540,LA,Entire home/apt,4.60517,4.81119
19756,Boston,Entire home/apt,5.12990,5.23619
10814731,SF,Private room,4.59512,4.37309
10634442,NYC,Private room,4.60517,4.22714
504394,DC,Private room,6.90776,5.24574
6591918,SF,Entire home/apt,6.62007,6.79080
16466322,Chicago,Private room,5.01064,4.54884
1587410,Chicago,Entire home/apt,4.60517,5.04621
19803197,SF,Private room,5.00395,4.83946
16237780,Chicago,Private room,5.01064,4.73274
9653533,NYC,Private room,4.44265,4.17925
12424526,LA,Private room,3.46574,3.37778
15981898,NYC,Entire home/apt,4.65396,4.60564
20616369,LA,Private room,4.12713,4.16513
18273791,LA,Entire home/apt,5.06890,4.72801
19209016,Boston,Private room,4.49981,4.42893
13396413,NYC,Entire home/apt,5.16479,5.26364
667375,LA,Entire home/apt,6.15273,5.67845
6387077,SF,Entire home/apt,5.11199,5.07487
20835498,LA,Entire home/apt,6.04025,6.19271
6488243,NYC,Entire home/apt,5.70378,5.44634
497961,Boston,Private room,5.07517,4.12496
8419216,DC,Entire home/apt,4.62497,4.95522
4401193,LA,Entire home/apt,5.00395,5.27086
16394571,LA,Entire home/apt,5.02388,4.92111
21025083,LA,Entire home/apt,4.47734,4.92562
13153856,SF,Entire home/apt,5.27300,5.69944
5849991,NYC,Private room,4.17439,4.44458
15161662,DC,Entire home/apt,6.80128,5.70721
8257036,LA,Private room,4.09434,4.48356
16913314,NYC,Private room,4.65396,4.36503
17669867,NYC,Entire home/apt,5.19296,5.51554
14519275,LA,Entire home/apt,5.16479,5.24645
14335179,NYC,Entire home/apt,5.41610,5.08216
3172778,LA,Entire home/apt,4.36945,4.45331
12191318,LA,Private room,4.31749,4.33772
3171598,LA,Entire home/apt,4.78749,4.92496
7224956,NYC,Entire home/apt,6.21261,5.87929
13003265,NYC,Private room,4.17439,3.85603
16804336,Boston,Entire home/apt,5.41610,5.22089
3232204,DC,Entire home/apt,4.94164,4.85950
16595848,NYC,Private room,4.44265,4.78606
16206860,LA,Private room,3.91202,4.30179
9976536,Chicago,Entire home/apt,5.70378,5.35016
14699186,NYC,Private room,4.69135,4.53935
18699534,SF,Entire home/apt,5.61677,5.97835
8081193,LA,Private room,4.29046,4.30009
9137533,NYC,Entire home/apt,4.69135,4.65142
11261675,NYC,Private room,3.97029,4.24488
13447302,NYC,Entire home/apt,4.70048,4.65491
19584064,LA,Entire home/apt,4.77068,4.44093
13224934,LA,Private room,3.66356,3.73823
7494057,LA,Private room,4.07754,4.27223
14473091,DC,Entire home/apt,4.78749,4.84225
18752914,DC,Entire home/apt,7.17012,5.97672
4447904,NYC,Shared room,4.17439,3.84821
7735580,NYC,Private room,4.36945,4.11252
1732621,LA,Entire home/apt,5.12990,5.29993
6795900,LA,Shared room,4.00733,3.91417
36647,NYC,Shared room,4.35671,4.01164
6641990,DC,Entire home/apt,4.31749,4.57611
16027606,LA,Entire home/apt,4.74493,4.97400
13395511,NYC,Entire home/apt,4.90527,4.83538
9885501,NYC,Private room,4.24850,4.37826
12388762,SF,Entire home/apt,5.41610,5.55394
2259215,LA,Entire home/apt,4.82831,4.99578
2020928,NYC,Private room,4.60517,4.48614
8967193,NYC,Entire home/apt,6.62007,5.98885
5683308,LA,Entire home/apt,5.63479,5.41656
1163602,NYC,Entire home/apt,4.77068,4.81741
12274833,SF,Private room,5.29832,4.69242
2323541,NYC,Private room,4.38203,4.31955
4358790,LA,Entire home/apt,5.22036,5.18620
19291761,LA,Entire home/apt,5.79606,5.84248
13698365,NYC,Entire home/apt,6.68461,6.64359
5132526,LA,Entire home/apt,4.93447,5.29144
6153831,LA,Entire home/apt,5.63121,5.43316
3121325,Chicago,Private room,4.31749,4.05735
9937558,Chicago,Entire home/apt,4.56435,4.55894
13754604,NYC,Private room,4.17439,4.21071
17107311,LA,Private room,4.24850,4.40022
11256649,NYC,Entire home/apt,5.29832,5.35050
8552784,Chicago,Entire home/apt,4.60517,4.90903
20861300,DC,Private room,3.91202,4.30423
17025788,NYC,Private room,4.36945,4.16398
4605739,DC,Entire home/apt,5.82895,5.86427
13744807,LA,Entire home/apt,4.55388,4.75985
19891602,NYC,Entire home/apt,5.13580,5.24667
5061730,NYC,Private room,3.55535,3.85126
15599967,NYC,Private room,3.68888,4.20088
15100144,LA,Private room,4.55388,4.33260
16172970,NYC,Private room,4.17439,4.23846
16679147,SF,Entire home/apt,5.16479,4.95635
4311648,SF,Entire home/apt,7.04752,6.35988
5228102,LA,Private room,4.38203,4.24128
776594,LA,Private room,4.86753,4.34117
10048789,LA,Private room,4.44265,4.54812
4013746,NYC,Private room,4.17439,4.30672
9110718,NYC,Private room,4.17439,4.33353
13883968,NYC,Entire home/apt,4.59512,4.97759
16555609,NYC,Private room,3.91202,4.23880
13991754,NYC,Entire home/apt,5.12990,4.96004
4479112,LA,Entire home/apt,4.97673,4.90125
13220623,NYC,Entire home/apt,5.41610,5.27017
18562291,NYC,Entire home/apt,5.27300,5.12659
18655599,DC,Private room,5.70378,4.53936
16600670,LA,Shared room,3.21888,3.49929
7732053,NYC,Entire home/apt,4.44265,4.71363
6433637,NYC,Private room,4.48864,4.49202
5495901,SF,Private room,5.69709,5.04400
13885247,LA,Entire home/apt,4.48864,4.91977
17462454,NYC,Entire home/apt,5.52146,5.55757
12276503,NYC,Entire home/apt,4.85981,4.93980
3485728,NYC,Entire home/apt,4.38203,4.69388
18638339,NYC,Private room,5.00395,4.22398
19698510,NYC,Entire home/apt,5.16479,4.99086
11459929,NYC,Entire home/apt,6.35784,5.52908
16363747,NYC,Entire home/apt,5.00395,5.20650
463903,NYC,Private room,5.01064,4.68611
2320581,NYC,Entire home/apt,4.60517,4.84389
3695300,LA,Entire home/apt,4.78749,5.02133
18375685,LA,Private room,3.98898,4.10576
15464357,NYC,Private room,4.59512,4.73341
12868718,NYC,Private room,4.31749,4.09862
13319043,NYC,Private room,3.80666,4.28470
18254959,LA,Entire home/apt,7.09008,5.84190
5353347,DC,Entire home/apt,6.39693,6.24333
13640384,LA,Private room,4.44265,4.22910
19332928,SF,Entire home/apt,5.16479,4.91314
1823141,SF,Private room,4.60517,4.76153
8967721,NYC,Entire home/apt,5.01064,4.70402
11193874,DC,Entire home/apt,6.10925,5.80870
1232133,LA,Private room,4.31749,4.20454
9157483,SF,Private room,5.19296,4.93517
13362357,NYC,Entire home/apt,5.52146,5.24577
4310757,NYC,Entire home/apt,4.94164,4.90843
18948131,DC,Private room,4.82831,4.21788
13691078,NYC,Entire home/apt,5.07517,4.89756
17362807,NYC,Private room,3.80666,3.92775
7155442,NYC,Private room,3.68888,4.03688
16395297,SF,Entire home/apt,5.11799,5.72032
17175619,NYC,Entire home/apt,5.52146,5.18546
8627596,LA,Shared room,5.85793,3.69376
9446716,Chicago,Entire home/apt,4.24850,4.78936
9899004,LA,Private room,4.09434,3.85448
15974117,Chicago,Entire home/apt,5.01064,5.17772
7844269,LA,Entire home/apt,6.62007,5.79144
13971865,NYC,Private room,4.15888,4.31885
11652981,LA,Entire home/apt,6.21461,5.78745
584663,NYC,Private room,3.91202,4.08086
15517432,SF,Private room,4.41884,4.50858
19021718,LA,Entire home/apt,4.48864,4.81773
1860933,LA,Entire home/apt,5.49717,5.43549
16490732,NYC,Private room,4.26268,4.31047
5661232,DC,Shared room,4.00733,4.23511
2050406,LA,Entire home/apt,4.90527,5.03163
7220035,NYC,Private room,4.02535,4.26354
17572429,NYC,Entire home/apt,5.41610,5.41240
486915,NYC,Entire home/apt,5.16479,5.30556
19224791,DC,Private room,4.59512,5.10067
20813866,LA,Entire home/apt,4.60517,4.93938
13238716,NYC,Entire home/apt,5.16479,5.36835
14472582,NYC,Entire home/apt,5.24702,4.73177
10032842,NYC,Private room,3.71357,3.85106
315504,LA,Private room,4.17439,3.77699
15390431,LA,Entire home/apt,5.29832,5.03327
9899167,NYC,Private room,3.68888,3.81037
17810176,NYC,Private room,4.09434,4.03159
15399503,LA,Entire home/apt,5.52146,5.15387
16831201,SF,Entire home/apt,5.97889,5.91511
11201204,NYC,Private room,3.68888,4.13025
19737908,NYC,Entire home/apt,5.01064,4.95930
10550470,LA,Entire home/apt,6.19236,5.24184
8499719,NYC,Entire home/apt,5.22036,5.01236
4052091,NYC,Entire home/apt,4.86753,4.78725
7109178,LA,Entire home/apt,4.85981,4.74417
1477036,LA,Private room,3.78419,4.81910
16165498,SF,Entire home/apt,4.85981,5.00799
3228606,NYC,Private room,4.52179,4.15424
20946693,NYC,Private room,4.48864,4.56665
19246490,LA,Private room,3.80666,4.13545
11080468,NYC,Private room,4.60517,4.72385
4211510,Boston,Private room,6.21461,5.38470
7003788,SF,Private room,4.31749,4.35789
13466168,NYC,Private room,3.68888,3.94761
7678756,SF,Entire home/apt,4.78749,4.66138
7244923,NYC,Entire home/apt,5.29832,5.14031
8884999,DC,Entire home/apt,6.16331,6.35844
15070065,NYC,Entire home/apt,5.06890,4.73098
8481134,LA,Entire home/apt,4.74493,4.63554
3265392,LA,Private room,4.09434,4.34326
6957168,Boston,Entire home/apt,5.78383,5.33686
10142045,NYC,Entire home/apt,5.22036,5.21625
13156998,SF,Private room,4.55388,4.52389
9062929,LA,Entire home/apt,5.22036,5.02258
18717845,LA,Entire home/apt,4.93447,5.12168
7805051,SF,Private room,5.01064,4.96008
17156975,LA,Entire home/apt,4.94164,4.63056
20582092,NYC,Private room,4.09434,4.18063
429504,Boston,Entire home/apt,5.13580,5.21099
18057770,SF,Entire home/apt,4.82831,4.95810
14842323,Chicago,Private room,5.01064,4.13246
11573941,DC,Entire home/apt,4.78749,4.25687
17638756,LA,Private room,3.68888,4.29952
19176565,NYC,Entire home/apt,5.60212,5.39172
13767610,NYC,Entire home/apt,5.22036,5.41820
17122853,LA,Entire home/apt,4.97673,5.15786
17971822,LA,Entire home/apt,5.10595,4.86777
8186531,LA,Private room,5.29832,4.31633
833860,Boston,Entire home/apt,5.70378,6.18719
8327493,SF,Entire home/apt,5.27300,5.18006
7095818,NYC,Private room,5.19296,4.65313
14372570,Boston,Private room,4.09434,4.81961
7200167,Chicago,Private room,4.69135,4.40898
18344655,Boston,Entire home/apt,5.08140,5.09385
16613946,NYC,Entire home/apt,4.46591,4.66527
1869467,LA,Shared room,4.09434,3.71903
3283339,LA,Private room,4.49981,4.41002
16032651,DC,Private room,4.09434,4.25769
15672672,NYC,Private room,4.07754,4.05643
14965582,NYC,Entire home/apt,5.85793,5.67933
13058154,NYC,Entire home/apt,5.41610,5.29509
13083030,LA,Entire home/apt,5.85507,5.95654
14983474,LA,Entire home/apt,4.74493,4.83822
6560210,LA,Entire home/apt,5.61677,5.19706
9092331,NYC,Private room,4.60517,4.62580
446474,LA,Private room,4.09434,4.24845
15839956,Chicago,Private room,3.33220,3.95140
14053085,LA,Entire home/apt,4.82831,5.30974
16341239,Boston,Private room,3.91202,3.96371
2135871,NYC,Private room,4.49981,4.72132
13308300,LA,Entire home/apt,4.44265,4.61294
8208091,LA,Entire home/apt,4.60517,4.63827
18151142,NYC,Private room,4.31749,4.77735
16442548,LA,Entire home/apt,5.04343,4.94494
16148792,NYC,Private room,4.17439,4.15034
1083801,LA,Entire home/apt,4.77912,5.45867
16326939,SF,Private room,4.65396,4.56311
16422477,LA,Entire home/apt,4.09434,4.84063
20032605,NYC,Private room,4.17439,4.33625
16189546,Chicago,Entire home/apt,5.45959,5.85122
11802237,NYC,Entire home/apt,5.52146,5.81494
1867834,NYC,Entire home/apt,5.00395,4.67621
16829409,SF,Private room,4.40672,4.65451
8613427,NYC,Private room,3.95124,4.03322
17173474,Chicago,Entire home/apt,5.01064,4.83447
15831698,NYC,Private room,5.40717,4.46596
863321,NYC,Entire home/apt,4.60517,4.63683
17097407,LA,Entire home/apt,4.38203,4.53703
14760041,NYC,Private room,3.93183,4.07705
10035581,NYC,Entire home/apt,4.91998,4.89726
1776027,LA,Private room,4.23411,4.17983
6447693,NYC,Private room,3.33220,3.72798
4685985,NYC,Private room,4.38203,4.40553
17508940,NYC,Private room,3.82864,4.00190
17280114,Boston,Private room,4.21951,4.44766
3458594,Boston,Entire home/apt,4.82831,4.83899
6730535,NYC,Entire home/apt,5.00395,4.81513
17420600,DC,Entire home/apt,4.77912,6.13824
301073,DC,Entire home/apt,5.99146,5.71355
6685682,NYC,Entire home/apt,4.47734,4.87858
17671768,NYC,Private room,4.17439,4.30480
9415225,NYC,Private room,4.24850,4.40255
8702690,NYC,Private room,4.49981,4.50221
12071038,NYC,Entire home/apt,5.52146,5.42707
19164049,Boston,Entire home/apt,5.45532,5.95551
19449006,NYC,Private room,4.39445,4.24706
13939008,LA,Entire home/apt,4.82831,4.81099
12581875,NYC,Private room,4.38203,4.13498
15957904,NYC,Entire home/apt,4.38203,4.64763
11325619,DC,Entire home/apt,4.59512,4.76778
18560282,LA,Entire home/apt,5.29832,5.23946
289288,NYC,Entire home/apt,4.60517,5.03191
2882753,NYC,Private room,5.01064,3.97094
7348959,NYC,Private room,4.04305,4.20298
14843930,LA,Private room,3.55535,4.07744
12175060,NYC,Entire home/apt,5.19296,4.98573
15182188,NYC,Entire home/apt,5.68698,5.48882
19213967,NYC,Entire home/apt,6.02345,6.35472
8602519,NYC,Entire home/apt,4.60517,4.86716
16215067,NYC,Entire home/apt,4.74493,5.15578
20870782,NYC,Entire home/apt,5.41610,5.32551
13769692,DC,Entire home/apt,4.65396,4.80331
3331453,LA,Private room,4.17439,4.21374
3488763,NYC,Private room,4.31749,4.18599
13830827,NYC,Private room,4.17439,3.99973
2454709,NYC,Entire home/apt,4.59512,4.98340
16332139,NYC,Entire home/apt,5.10595,5.00519
4595746,LA,Private room,4.31749,4.14216
14219316,NYC,Private room,3.73767,3.95704
8056611,NYC,Private room,3.87120,4.12670
11355476,NYC,Private room,4.97673,4.58028
18559482,NYC,Private room,4.78749,4.39138
11017282,DC,Entire home/apt,4.90527,4.87858
3386658,NYC,Entire home/apt,5.22036,5.25588
16381046,SF,Private room,4.70048,4.87881
8535332,LA,Entire home/apt,4.60517,4.63236
8323183,NYC,Entire home/apt,5.58725,5.64635
15378856,SF,Private room,4.36945,4.58855
13130565,SF,Entire home/apt,4.97673,5.00089
18777830,NYC,Entire home/apt,4.55388,4.82630
18227762,NYC,Entire home/apt,4.55388,4.55073
21140860,LA,Entire home/apt,4.59512,4.78829
3894674,LA,Entire home/apt,6.54965,6.36784
11693129,DC,Entire home/apt,6.68461,6.47716
17680767,NYC,Entire home/apt,4.78749,4.84503
3095503,NYC,Entire home/apt,5.16479,5.33364
414001,Boston,Private room,4.07754,3.92292
12409508,Chicago,Entire home/apt,5.41610,5.01468
16830306,NYC,Private room,4.00733,4.20921
2517989,NYC,Entire home/apt,5.54126,5.27654
18486298,Boston,Entire home/apt,6.21461,5.51559
6636906,SF,Entire home/apt,7.00307,6.53186
8471007,SF,Private room,4.71850,4.82640
5471082,LA,Private room,3.91202,3.93645
1698479,NYC,Private room,3.89182,3.98868
20360770,SF,Entire home/apt,5.41610,5.27714
13155319,NYC,Entire home/apt,5.76832,6.08915
17481615,LA,Entire home/apt,4.85203,4.98553
17063804,NYC,Entire home/apt,5.45959,5.11472
21054490,SF,Private room,5.07517,5.13412
11042240,NYC,Entire home/apt,5.28827,5.31309
20016469,NYC,Private room,3.91202,4.91932
18824820,LA,Shared room,3.68888,4.36932
217498,SF,Entire home/apt,5.16479,4.99584
13085857,NYC,Entire home/apt,5.52146,5.49490
19768115,NYC,Private room,4.44265,4.06402
16114153,NYC,Entire home/apt,4.74493,4.73626
15734994,NYC,Entire home/apt,5.12990,5.07814
17882545,SF,Entire home/apt,4.70048,5.00283
591565,SF,Entire home/apt,5.88888,6.13537
10814297,LA,Private room,5.01064,4.79072
7810784,LA,Entire home/apt,5.37064,5.58798
13508867,LA,Private room,4.09434,4.04683
109538,LA,Entire home/apt,5.59471,5.41461
11825566,LA,Private room,4.07754,4.46372
7810030,NYC,Entire home/apt,4.74493,5.40041
6554317,SF,Entire home/apt,6.21461,5.85706
5115372,NYC,Entire home/apt,4.59512,4.75235
17189484,Boston,Private room,4.86753,4.73544
351859,Chicago,Entire home/apt,4.55388,5.02836
15839869,NYC,Entire home/apt,4.48864,4.75445
9445180,NYC,Entire home/apt,4.23411,4.87087
18590903,NYC,Entire home/apt,4.70048,4.45492
9227929,Chicago,Private room,3.36730,3.85705
13169508,SF,Private room,4.49981,4.88788
19295911,LA,Entire home/apt,4.74493,4.80232
822309,LA,Private room,3.91202,4.02199
3431816,SF,Private room,5.01064,4.87770
2102344,Chicago,Entire home/apt,5.61677,5.46681
16176333,Chicago,Private room,4.09434,3.79229
5726867,NYC,Private room,4.36945,4.63303
14293886,NYC,Entire home/apt,6.10925,5.65295
8034764,Chicago,Entire home/apt,4.78749,4.71664
1974128,LA,Entire home/apt,5.75257,5.81436
4136207,LA,Private room,3.89182,3.72413
13564452,Boston,Entire home/apt,5.55683,5.39131
3766069,NYC,Entire home/apt,5.07517,4.99211
4133737,DC,Entire home/apt,6.90776,7.04452
15582871,NYC,Private room,4.39445,4.19457
2736911,NYC,Entire home/apt,5.16479,5.49780
5726060,NYC,Entire home/apt,4.09434,5.07928
16163018,NYC,Entire home/apt,5.29330,5.56393
15072401,NYC,Private room,4.38203,4.56842
5325551,LA,Private room,3.80666,3.96105
1157522,NYC,Private room,4.82831,4.37393
6271643,LA,Private room,4.27667,4.24945
6894620,SF,Entire home/apt,5.99146,5.98504
501693,LA,Private room,4.60517,4.11164
12736361,SF,Entire home/apt,4.93447,5.00087
5798058,NYC,Entire home/apt,6.10925,5.46716
10700058,LA,Entire home/apt,6.55108,5.31362
14485668,DC,Entire home/apt,5.34233,5.08055
4350361,NYC,Entire home/apt,5.07517,5.28158
4628804,NYC,Entire home/apt,4.79579,4.70935
3341385,SF,Entire home/apt,5.22036,5.05244
10413353,DC,Shared room,2.99573,3.64896
14950152,NYC,Entire home/apt,5.52146,5.44591
5572565,SF,Entire home/apt,5.98896,6.55292
20870095,NYC,Private room,3.82864,4.37421
4996958,NYC,Entire home/apt,6.05209,5.48279
7728010,SF,Entire home/apt,5.29832,5.59620
3843612,DC,Private room,6.39693,4.96924
14095941,NYC,Entire home/apt,4.44265,5.24106
9711313,LA,Private room,4.24850,4.35911
13724932,SF,Entire home/apt,6.90776,5.98087
19720832,LA,Entire home/apt,4.21951,4.40654
19303637,LA,Entire home/apt,4.49981,4.82557
7986697,SF,Entire home/apt,6.39526,6.06621
18329172,SF,Entire home/apt,5.52146,5.77336
9230738,NYC,Entire home/apt,4.24850,4.44459
8354383,LA,Entire home/apt,5.00395,5.19264
1865336,Chicago,Entire home/apt,4.09434,4.34094
6400081,NYC,Private room,4.36945,4.23232
13170847,LA,Entire home/apt,6.19441,6.07012
17545550,LA,Entire home/apt,4.82831,5.14422
576227,NYC,Entire home/apt,4.44265,4.38232
1220548,Boston,Entire home/apt,5.70044,5.91169
2367852,Boston,Entire home/apt,5.68698,5.30671
9878803,NYC,Private room,4.12713,4.16579
19212370,LA,Private room,3.91202,4.45363
13623226,LA,Entire home/apt,5.52146,5.38312
15462217,NYC,Private room,4.73620,4.27092
1789045,DC,Entire home/apt,4.07754,4.66268
9390970,DC,Private room,3.91202,4.19918
17178203,SF,Private room,4.20469,5.60967
6238514,NYC,Entire home/apt,4.78749,4.68633
17032703,NYC,Private room,4.00733,4.22409
19157481,NYC,Entire home/apt,5.27300,5.13561
8801867,Chicago,Shared room,3.17805,3.31191
4511654,NYC,Entire home/apt,5.01064,5.16579
15888625,LA,Private room,4.31749,3.80155
14185610,LA,Private room,4.60517,4.16682
1346003,NYC,Entire home/apt,5.18739,5.43158
12764005,NYC,Entire home/apt,5.16479,5.09663
6848771,SF,Private room,4.48864,4.99384
16150461,NYC,Private room,7.37463,6.09772
15189027,NYC,Private room,4.17439,4.12000
8521199,NYC,Private room,4.55388,4.56598
5684147,LA,Entire home/apt,4.46591,5.26028
13434962,NYC,Private room,3.89182,4.04253
16764685,LA,Entire home/apt,4.69135,4.57414
17436829,Boston,Entire home/apt,5.51745,4.96084
14057753,SF,Private room,4.38203,4.39682
7247033,LA,Private room,6.90776,4.12239
4879310,LA,Entire home/apt,5.56068,5.53792
18235200,NYC,Entire home/apt,4.52179,4.77586
5384977,NYC,Entire home/apt,5.19850,5.15834
7746284,DC,Entire home/apt,6.62007,5.71009
4579642,NYC,Private room,5.52146,4.33514
14588464,NYC,Entire home/apt,5.01064,5.27078
16423731,NYC,Entire home/apt,5.04343,4.89799
18432454,LA,Private room,4.00733,4.15852
20072910,LA,Entire home/apt,5.98896,5.84614
12050886,NYC,Entire home/apt,4.38203,5.04122
4390865,LA,Private room,3.91202,4.51164
8525172,NYC,Private room,4.24850,4.41118
14697707,LA,Entire home/apt,5.34233,5.05339
16259807,DC,Entire home/apt,4.82831,4.97387
9211969,Chicago,Entire home/apt,5.82895,5.60684
20171599,Boston,Entire home/apt,6.39526,6.01023
5948146,Boston,Entire home/apt,4.75359,5.34324
16296934,NYC,Private room,3.89182,4.06510
13912832,NYC,Entire home/apt,5.01064,4.92856
577368,NYC,Private room,4.17439,3.94188
10098593,NYC,Private room,4.57471,4.30634
12307040,NYC,Private room,4.58497,4.96328
3074927,NYC,Entire home/apt,4.60517,4.97679
3039110,NYC,Private room,4.44265,4.17851
20331431,LA,Entire home/apt,4.59512,4.62175
13811008,NYC,Private room,4.31749,4.14538
17497776,NYC,Private room,4.38203,4.55028
5395679,NYC,Entire home/apt,4.69135,4.75809
19197983,NYC,Private room,4.31749,4.49601
14092239,DC,Entire home/apt,4.60517,4.78610
14649116,LA,Entire home/apt,5.27300,4.81616
1252752,NYC,Private room,3.87120,3.96616
18231802,LA,Private room,3.68888,3.96602
16193498,SF,Entire home/apt,5.29330,5.43460
8174297,NYC,Private room,5.01064,4.40195
14202325,Chicago,Entire home/apt,5.61677,5.57115
15379632,NYC,Private room,4.60517,4.75300
14053273,LA,Shared room,3.17805,3.31331
14091733,NYC,Private room,5.99146,5.13411
13563330,NYC,Entire home/apt,6.21461,5.99497
12147125,DC,Private room,4.44265,4.64066
7969535,LA,Private room,3.91202,3.82828
1035762,Boston,Entire home/apt,5.01064,4.83058
19873470,LA,Private room,4.47734,4.11029
7292675,NYC,Entire home/apt,4.82831,4.80582
9967046,LA,Entire home/apt,3.91202,4.19204
18610544,LA,Entire home/apt,4.82831,4.85285
9944596,NYC,Entire home/apt,5.50126,5.39488
12525236,Chicago,Entire home/apt,4.94164,4.45680
16066401,NYC,Entire home/apt,5.27300,5.46527
1810751,NYC,Private room,3.91202,4.02021
226609,Boston,Private room,4.52179,4.32057
2882707,NYC,Private room,4.60517,4.34056
17892401,SF,Entire home/apt,6.29157,5.88305
9298133,NYC,Entire home/apt,4.82831,4.86290
15552032,Boston,Private room,4.09434,4.49633
20504207,DC,Entire home/apt,4.46591,4.81552
17125665,DC,Entire home/apt,4.29046,4.52262
12835123,LA,Private room,4.17439,4.33567
6071651,LA,Entire home/apt,5.81413,5.68455
13682508,NYC,Private room,3.89182,4.47724
14823338,NYC,Private room,4.60517,4.48908
11717344,NYC,Entire home/apt,5.02388,5.32267
7010414,SF,Private room,4.23411,4.52975
18414310,LA,Entire home/apt,4.48864,4.52224
11787179,Boston,Private room,4.38203,4.30749
13882044,NYC,Private room,4.38203,4.09768
18412989,NYC,Private room,4.49981,4.18768
10839007,LA,Entire home/apt,5.01064,4.98709
13080685,LA,Private room,4.17439,4.44410
6227810,NYC,Entire home/apt,6.80239,5.80057
12520674,NYC,Private room,3.89182,3.72100
14330598,NYC,Entire home/apt,5.28827,4.99803
9936553,DC,Entire home/apt,4.14313,4.67548
1620411,LA,Entire home/apt,4.94876,5.06752
6705158,Boston,Private room,4.70048,4.36327
4052819,LA,Entire home/apt,4.44265,4.54967
5354217,NYC,Private room,4.00733,4.45910
11775838,NYC,Entire home/apt,5.19296,5.25147
6957382,LA,Private room,4.17439,4.02328
17853353,NYC,Private room,4.44265,4.41785
18549367,LA,Entire home/apt,5.07517,5.14431
6151035,SF,Private room,5.70044,4.93115
12890857,LA,Private room,4.07754,3.92221
437005,NYC,Private room,3.71357,3.71318
17536549,NYC,Entire home/apt,4.69135,4.49379
634390,LA,Entire home/apt,4.90527,5.04511
19221008,LA,Entire home/apt,4.36945,4.43248
2781747,NYC,Entire home/apt,5.27300,5.51942
14372503,NYC,Entire home/apt,4.97673,5.07704
8646618,SF,Private room,4.69135,4.61255
4271029,SF,Entire home/apt,6.90776,5.50382
985292,NYC,Private room,3.87120,3.94984
4257889,NYC,Entire home/apt,5.78383,5.42190
16558002,NYC,Private room,4.69135,4.75794
4862441,NYC,Entire home/apt,4.82831,4.66999
16412264,Chicago,Entire home/apt,5.52146,5.49526
930925,DC,Private room,4.44265,4.77756
16567124,NYC,Private room,4.17439,4.35924
2210561,DC,Private room,5.01064,4.81718
16089,LA,Entire home/apt,5.39816,6.21083
15484888,LA,Entire home/apt,7.16627,7.09298
6069703,LA,Entire home/apt,4.97673,5.03804
1975103,Boston,Private room,4.38203,4.09279
15280645,NYC,Private room,4.07754,4.21678
20652378,NYC,Private room,3.52636,3.94534
14334544,LA,Shared room,3.21888,3.63743
1212226,Boston,Entire home/apt,4.82831,4.91238
12974423,NYC,Private room,5.16479,4.71399
18617195,LA,Private room,4.36945,3.80911
17535839,Boston,Entire home/apt,5.29832,5.15941
11530962,LA,Entire home/apt,4.58497,4.50648
16978709,DC,Private room,4.31749,4.22983
15904104,LA,Entire home/apt,5.28827,5.11967
6452279,LA,Private room,4.31749,4.06630
2824585,NYC,Entire home/apt,4.70048,4.77365
7517454,LA,Entire home/apt,4.82831,4.98640
6495015,DC,Entire home/apt,4.94164,5.11442
2065101,LA,Entire home/apt,4.15888,4.41482
5199814,LA,Entire home/apt,4.94164,4.95026
1828084,NYC,Entire home/apt,5.29832,5.09825
206772,LA,Entire home/apt,4.12713,4.10107
13707380,LA,Entire home/apt,6.10925,6.35551
15311154,DC,Entire home/apt,5.12990,5.16323
13682365,LA,Private room,4.09434,4.29657
12071153,NYC,Private room,3.91202,5.06479
3969321,NYC,Private room,4.38203,4.15992
18959331,Boston,Private room,4.17439,4.27555
17160967,NYC,Private room,4.40672,4.36255
15828883,NYC,Private room,5.01064,4.83524
15237230,LA,Private room,4.15888,4.23861
1137999,NYC,Entire home/apt,5.01064,5.00265
3693762,LA,Private room,4.41884,4.20444
916729,LA,Entire home/apt,4.21951,4.24471
18616756,NYC,Entire home/apt,5.41610,5.30600
13494293,LA,Private room,4.55388,4.73265
2136200,NYC,Entire home/apt,3.91202,4.26089
1997483,Chicago,Entire home/apt,5.24175,5.51922
6420850,NYC,Entire home/apt,5.24175,5.07185
10783862,Chicago,Shared room,4.35671,4.04313
261344,LA,Private room,4.09434,4.23319
16660899,NYC,Private room,4.21951,4.26409
13390494,Chicago,Private room,3.91202,4.30230
13251558,SF,Entire home/apt,5.52146,5.31277
8439145,LA,Private room,3.66356,3.90602
6991910,NYC,Private room,4.85981,4.58448
20554347,NYC,Private room,4.36945,4.46018
8761630,NYC,Entire home/apt,5.91080,6.00654
14953903,LA,Private room,4.09434,4.21325
8472317,Chicago,Entire home/apt,5.68698,5.69999
313405,LA,Entire home/apt,4.94876,4.79033
3282171,LA,Entire home/apt,4.33073,4.43046
16449570,NYC,Entire home/apt,4.78749,5.31496
14157002,LA,Entire home/apt,5.32301,4.92557
14450414,NYC,Entire home/apt,5.78383,5.65450
19633815,LA,Entire home/apt,4.17439,4.72146
18294853,LA,Private room,3.68888,4.35823
14388916,NYC,Entire home/apt,4.60517,4.94162
11985061,LA,Entire home/apt,4.60517,4.66420
14994649,LA,Entire home/apt,5.24175,5.50167
413504,LA,Private room,4.17439,4.28171
13659214,LA,Private room,3.95124,4.11697
1125142,NYC,Private room,3.68888,4.01264
15422566,LA,Entire home/apt,4.18965,4.53320
19281846,NYC,Shared room,4.24850,3.99173
15707075,NYC,Private room,4.82831,4.52585
12857222,NYC,Private room,4.74493,4.42515
13207526,NYC,Private room,4.24850,4.05096
19887942,NYC,Private room,4.55388,4.19773
15475331,LA,Entire home/apt,5.51745,5.46528
14086442,NYC,Entire home/apt,4.74493,5.20960
19824550,LA,Private room,4.00733,3.99246
9282691,NYC,Private room,4.38203,4.57716
6000714,NYC,Entire home/apt,4.55388,4.85890
16637954,LA,Private room,3.66356,3.70450
9331238,NYC,Private room,3.68888,3.92581
20535577,LA,Entire home/apt,4.38203,4.92784
13095358,NYC,Private room,4.20469,4.11921
6103761,LA,Entire home/apt,5.01064,4.56830
1949996,NYC,Entire home/apt,5.68698,6.25122
8776479,SF,Entire home/apt,5.29832,5.62010
344092,NYC,Entire home/apt,6.02828,5.30019
9484866,NYC,Private room,4.46591,4.46239
16288982,NYC,Entire home/apt,4.48864,4.99766
9219429,LA,Entire home/apt,4.48864,4.37519
14196610,Chicago,Entire home/apt,4.24850,4.35071
6968141,NYC,Private room,4.04305,4.48713
1465446,NYC,Private room,4.09434,4.03928
14948024,NYC,Private room,3.91202,4.13250
17254855,Boston,Entire home/apt,5.75257,5.03489
14293057,LA,Private room,4.49981,4.52623
16642424,NYC,Entire home/apt,5.04343,4.95484
826087,NYC,Private room,3.89182,4.08246
14220831,NYC,Entire home/apt,5.41610,5.29444
15507436,LA,Entire home/apt,4.77912,4.97147
7181422,LA,Private room,4.07754,3.98292
1428553,NYC,Entire home/apt,6.21461,6.21601
7967003,Boston,Private room,3.80666,4.37170
10389552,SF,Private room,4.86753,4.66405
17588460,LA,Private room,4.09434,4.16610
12068178,LA,Entire home/apt,4.82831,4.66466
9943628,NYC,Entire home/apt,5.70378,4.89774
8539318,LA,Entire home/apt,5.61677,5.57152
7899965,Chicago,Shared room,3.21888,3.69723
8552387,NYC,Private room,3.68888,3.92681
16778558,NYC,Private room,4.23411,4.07795
4519757,NYC,Entire home/apt,5.70044,5.80672
15486268,NYC,Entire home/apt,5.22036,5.07420
6914067,NYC,Private room,4.57471,4.65323
3626609,NYC,Entire home/apt,5.85507,5.63195
14683118,SF,Entire home/apt,5.37990,5.87296
481321,LA,Entire home/apt,5.70044,5.76751
15873997,LA,Entire home/apt,4.78749,4.50748
13804104,DC,Entire home/apt,5.19296,4.73566
16332208,LA,Entire home/apt,5.85793,5.20398
2094314,LA,Entire home/apt,7.08590,7.24187
6888991,NYC,Entire home/apt,5.65249,5.45702
3030917,NYC,Entire home/apt,5.00395,4.91755
12815098,NYC,Entire home/apt,5.00395,5.19253
4511426,LA,Private room,4.09434,4.03035
4276762,DC,Entire home/apt,4.24850,4.74224
13045400,DC,Entire home/apt,4.59512,4.63453
17478889,LA,Entire home/apt,4.69135,4.78388
735813,LA,Entire home/apt,4.69135,4.66820
2942975,LA,Entire home/apt,5.45959,5.33282
1455223,NYC,Private room,5.01064,3.99933
3265407,DC,Entire home/apt,6.90776,5.46286
18522607,DC,Private room,4.55388,4.48114
14078683,NYC,Entire home/apt,5.24702,5.22127
14838304,LA,Private room,4.09434,3.99194
3457697,NYC,Entire home/apt,4.70048,4.85364
6924626,Boston,Entire home/apt,5.01064,5.32354
212783,LA,Private room,4.52179,4.26901
16533580,NYC,Private room,4.49981,4.13405
6311748,NYC,Private room,3.91202,4.03660
20534562,SF,Private room,3.93183,4.06372
20607322,NYC,Private room,4.17439,4.07741
15378469,LA,Shared room,3.97029,4.04279
14757742,NYC,Entire home/apt,5.10595,5.24570
20851319,Chicago,Entire home/apt,4.09434,4.69687
17908056,NYC,Private room,4.38203,4.72982
17839631,NYC,Private room,4.60517,3.95930
11343020,SF,Entire home/apt,4.90527,5.06134
1520734,NYC,Private room,3.71357,3.87429
13313528,DC,Private room,4.60517,4.55108
10792863,LA,Private room,4.38203,4.37085
17253841,NYC,Private room,3.85015,4.17692
19474100,NYC,Private room,4.49981,4.28699
3489352,NYC,Entire home/apt,5.07517,5.06942
6373790,NYC,Entire home/apt,5.07517,5.20175
9184888,NYC,Entire home/apt,5.29832,5.37948
16812781,LA,Entire home/apt,4.55388,4.58763
2887581,NYC,Private room,5.37064,5.24622
14091800,SF,Private room,5.78074,5.57676
8548407,NYC,Entire home/apt,5.01064,4.95438
6627752,LA,Private room,5.39363,4.57274
16734307,SF,Private room,4.77912,4.82096
10496738,NYC,Entire home/apt,4.76217,4.57597
4756578,DC,Private room,5.22036,4.59452
4964355,LA,Entire home/apt,5.70044,5.60435
18002758,NYC,Private room,3.80666,3.97265
3624544,LA,Entire home/apt,4.70953,4.81741
1790356,LA,Private room,4.36945,4.16897
15028724,Boston,Private room,3.55535,3.98907
16029078,Chicago,Private room,4.17439,3.91005
6072414,NYC,Private room,3.95124,4.02898
13674357,NYC,Entire home/apt,4.60517,4.87334
15130794,LA,Entire home/apt,4.65396,4.76842
17144596,NYC,Private room,3.73767,4.26287
4900481,DC,Entire home/apt,4.90527,4.92705
584885,NYC,Private room,4.44265,4.09563
6429921,NYC,Entire home/apt,5.41610,5.29682
20055409,NYC,Private room,4.36945,4.27464
19914226,SF,Private room,5.27300,4.57343
8428885,NYC,Entire home/apt,5.01064,5.28920
3386746,NYC,Entire home/apt,5.52146,5.27190
2165604,SF,Entire home/apt,5.92693,5.67178
16888580,SF,Entire home/apt,5.29832,4.93088
16561335,LA,Private room,4.60517,4.34900
15478933,LA,Entire home/apt,4.65396,4.92395
18498991,LA,Entire home/apt,5.24702,5.01486
20997260,NYC,Private room,4.00733,4.19160
15326344,LA,Entire home/apt,5.85793,5.13636
7393920,DC,Entire home/apt,5.85793,5.70874
5078973,NYC,Entire home/apt,5.19296,4.98777
18485149,NYC,Private room,4.41884,4.49740
15114569,NYC,Entire home/apt,5.61677,5.44970
16462566,NYC,Private room,4.17439,4.43681
9119456,LA,Entire home/apt,4.36945,4.43908
16812324,NYC,Private room,4.17439,4.36467
10357730,NYC,Entire home/apt,6.35437,5.68857
5007358,NYC,Private room,4.82831,4.53167
460076,LA,Private room,4.21951,4.37992
2256925,Chicago,Entire home/apt,4.70048,4.67187
20929467,Boston,Entire home/apt,6.54965,5.20632
5020770,Boston,Private room,4.69135,4.41398
12115392,NYC,Entire home/apt,5.52146,5.26914
18826214,NYC,Entire home/apt,5.10595,5.07848
13859123,DC,Entire home/apt,5.78383,5.60810
16768336,LA,Entire home/apt,4.82831,4.78835
17193761,LA,Entire home/apt,5.78383,5.24047
18179110,LA,Shared room,3.21888,3.32620
17902755,LA,Private room,4.60517,4.35904
13410317,NYC,Shared room,4.38203,4.04678
16247503,LA,Private room,4.09434,4.24377
4397455,NYC,Private room,4.74493,4.94078
5659180,NYC,Entire home/apt,5.01064,5.06169
18432714,DC,Private room,4.17439,3.86311
15179994,DC,Entire home/apt,5.51745,5.96989
13769064,SF,Entire home/apt,5.07517,5.47847
14200668,LA,Entire home/apt,5.99146,5.81340
16322134,NYC,Entire home/apt,6.47697,6.03419
7090512,NYC,Entire home/apt,4.78749,5.05284
2021489,NYC,Private room,3.89182,4.24264
12683378,DC,Entire home/apt,5.01064,5.35659
5441,NYC,Private room,3.68888,4.07876
12008497,Chicago,Private room,3.91202,3.97998
13344056,NYC,Private room,3.82864,4.16201
6004052,NYC,Private room,4.17439,4.35563
594732,NYC,Entire home/apt,5.29832,5.08923
14929615,NYC,Entire home/apt,4.17439,4.40170
18107141,LA,Entire home/apt,4.90527,5.43099
16721299,LA,Private room,3.66356,3.65428
4025325,NYC,Entire home/apt,5.01064,4.81130
2082670,NYC,Private room,3.55535,4.10080
17656743,NYC,Entire home/apt,5.98896,5.76932
1717215,Boston,Private room,4.86753,4.64329
10633270,Boston,Entire home/apt,5.07517,5.10423
18636769,LA,Private room,4.23411,4.48962
15771050,LA,Entire home/apt,4.49981,4.85627
1779146,NYC,Entire home/apt,4.97673,4.84488
19172885,LA,Private room,3.91202,3.88464
20095379,Boston,Entire home/apt,5.01064,5.26570
15194176,LA,Entire home/apt,7.24423,6.13102
8192636,NYC,Private room,3.93183,4.28139
11553508,NYC,Entire home/apt,5.29832,5.04183
15300771,LA,Entire home/apt,4.82831,4.73002
15843519,NYC,Entire home/apt,5.19296,5.09832
11903082,LA,Private room,4.00733,4.55978
20495999,LA,Entire home/apt,4.60517,4.71109
11676286,NYC,Private room,3.85015,4.14770
65255,Boston,Private room,4.17439,4.22523
7792528,NYC,Entire home/apt,5.34711,5.07567
19413691,NYC,Private room,4.49981,4.65189
17982726,NYC,Entire home/apt,4.69135,4.85911
11098587,LA,Private room,3.61092,3.96142
17655567,NYC,Private room,4.49981,5.10604
12181485,NYC,Entire home/apt,4.90527,5.17965
6074975,LA,Entire home/apt,6.90776,5.95848
10366970,NYC,Entire home/apt,4.49981,4.61570
12206316,NYC,Entire home/apt,5.72031,5.25927
5601520,LA,Entire home/apt,5.16479,4.99479
4709399,SF,Private room,5.41610,5.35456
4824211,NYC,Private room,4.31749,4.51878
16029428,LA,Private room,4.27667,4.48380
16587776,NYC,Entire home/apt,4.93447,4.81091
534840,NYC,Shared room,3.91202,4.15747
18517598,Chicago,Private room,4.17439,4.28147
3544273,Chicago,Private room,4.31749,4.11174
2942149,NYC,Entire home/apt,5.10595,5.05911
9237276,Boston,Entire home/apt,4.97673,4.75963
3426028,LA,Shared room,3.21888,3.96795
6197217,LA,Entire home/apt,5.00395,4.77634
12150082,NYC,Private room,4.74493,4.33941
2250621,SF,Shared room,4.09434,4.26558
14232919,NYC,Entire home/apt,5.07517,5.17466
17280847,Boston,Private room,3.93183,4.43225
6202973,NYC,Entire home/apt,4.78749,4.99594
9152795,NYC,Entire home/apt,4.78749,4.48880
17404187,NYC,Private room,3.68888,4.22237
16321376,NYC,Private room,4.60517,4.37073
288038,Boston,Private room,4.77068,4.84653
5883831,LA,Entire home/apt,5.41610,4.98920
19787770,NYC,Entire home/apt,5.61677,5.28155
18371333,NYC,Private room,4.17439,4.30338
16754712,NYC,Private room,4.00733,4.03602
13084210,DC,Private room,3.89182,4.19377
444425,DC,Private room,4.26268,4.43235
18240963,Boston,Private room,4.34381,4.34328
20121957,LA,Entire home/apt,5.09987,5.12503
6300809,SF,Entire home/apt,5.04343,4.84324
14282491,Chicago,Private room,2.70805,3.35664
17654749,NYC,Entire home/apt,5.07517,5.07096
16047780,LA,Private room,4.54329,4.47103
13703611,NYC,Entire home/apt,5.01064,5.07466
4409537,DC,Entire home/apt,4.90527,4.97418
20729357,LA,Entire home/apt,5.70378,5.89723
17767119,NYC,Private room,4.93447,4.70788
19525377,LA,Private room,4.58497,4.14129
15606255,NYC,Entire home/apt,5.29832,5.38157
7461654,LA,Entire home/apt,4.85981,4.94168
10734370,NYC,Private room,3.55535,3.93668
16013708,LA,Shared room,3.58352,3.90642
14297542,NYC,Entire home/apt,5.18739,4.93060
18461866,SF,Entire home/apt,5.25750,5.34177
17071635,LA,Entire home/apt,5.52146,5.80031
848853,LA,Entire home/apt,5.98896,6.02157
4540731,LA,Entire home/apt,7.24423,6.57791
16652059,LA,Entire home/apt,4.77912,4.80148
4700567,NYC,Entire home/apt,5.70378,5.34338
7623005,DC,Entire home/apt,5.07517,4.64893
19943457,LA,Entire home/apt,5.01064,4.91482
4650725,LA,Entire home/apt,4.48864,4.90828
2544363,NYC,Entire home/apt,5.17615,4.87461
7837408,DC,Entire home/apt,4.74493,5.45659
16861297,SF,Entire home/apt,4.95583,5.21886
15470724,NYC,Private room,4.23411,3.97486
11472498,LA,Entire home/apt,4.80402,5.07469
16892806,LA,Entire home/apt,5.98896,6.06809
5113842,LA,Entire home/apt,5.41610,5.25944
14351665,LA,Entire home/apt,4.26268,4.75194
9821024,LA,Entire home/apt,7.49554,6.86180
11513505,NYC,Private room,3.68888,3.95831
14234561,LA,Shared room,6.21461,3.82567
12388279,NYC,Shared room,3.91202,4.24510
4856290,NYC,Entire home/apt,5.19850,5.28239
9356726,NYC,Private room,3.89182,4.13678
8993302,NYC,Entire home/apt,5.24702,5.31271
1629577,NYC,Entire home/apt,4.95583,4.69559
163941,NYC,Entire home/apt,5.16479,4.89189
16478914,NYC,Entire home/apt,5.29832,5.18006
20816979,NYC,Entire home/apt,5.16479,4.91953
8274301,NYC,Private room,3.80666,3.95862
12882037,LA,Entire home/apt,4.70048,4.83284
14217308,LA,Entire home/apt,5.31321,5.42458
17601173,Boston,Private room,4.86753,4.71589
17772925,NYC,Entire home/apt,5.70378,5.20073
3857180,Boston,Entire home/apt,5.85507,6.11980
10490263,NYC,Entire home/apt,4.59512,5.12018
14109505,NYC,Private room,4.09434,4.46721
10972127,SF,Private room,5.70378,4.94456
8797232,NYC,Shared room,4.00733,3.62631
15124436,NYC,Private room,4.36945,4.18699
8460304,NYC,Entire home/apt,5.59471,5.31411
21079975,NYC,Private room,4.17439,4.20175
5358354,LA,Entire home/apt,4.94164,4.93101
2601313,Chicago,Entire home/apt,4.56435,4.85367
18346252,LA,Entire home/apt,5.18739,5.11959
5685156,DC,Entire home/apt,4.31749,5.07371
2954956,NYC,Entire home/apt,5.27300,5.18651
1546261,LA,Entire home/apt,4.38203,4.51105
14918531,NYC,Shared room,3.80666,3.79766
8117667,NYC,Entire home/apt,6.38012,5.98956
18478134,SF,Private room,4.90527,4.73120
18139782,Boston,Private room,4.12713,4.14225
19965042,NYC,Private room,4.38203,4.04862
7128734,LA,Private room,4.09434,3.78466
8166617,NYC,Private room,3.76120,4.11873
8505959,NYC,Private room,3.89182,4.02479
17626340,NYC,Private room,4.60517,4.47908
10173489,NYC,Entire home/apt,5.16479,5.78637
7257311,NYC,Entire home/apt,5.13580,4.72262
17880479,LA,Entire home/apt,4.55388,4.72165
4554000,DC,Private room,3.68888,4.43163
17831345,DC,Entire home/apt,5.85793,5.65445
16974911,LA,Private room,4.60517,4.42159
16148190,NYC,Private room,4.00733,4.13505
15940328,LA,Entire home/apt,4.83628,4.80189
1148452,DC,Private room,4.78749,4.67051
6327730,LA,Entire home/apt,6.01616,5.54178
3946997,NYC,Entire home/apt,5.45959,5.39211
13116793,NYC,Entire home/apt,5.01064,4.83597
19911711,LA,Entire home/apt,4.49981,4.66025
10342448,LA,Entire home/apt,5.01064,4.75771
16837941,LA,Entire home/apt,4.49981,4.86488
21148625,LA,Entire home/apt,5.13580,4.50920
13548234,LA,Entire home/apt,4.74493,4.89538
18523843,Chicago,Private room,4.55388,4.38384
17734044,SF,Private room,4.59512,5.04019
15326713,NYC,Entire home/apt,5.00395,5.39610
2369310,LA,Entire home/apt,5.01064,5.26713
18928482,SF,Entire home/apt,5.92693,6.04774
5205253,NYC,Entire home/apt,5.29832,5.75110
16040117,LA,Shared room,3.91202,3.83382
18412997,LA,Entire home/apt,6.35437,5.62024
10998170,DC,Entire home/apt,4.55388,4.75419
18329000,SF,Entire home/apt,5.59842,5.41964
18828134,LA,Entire home/apt,4.85981,5.10592
16929810,Chicago,Entire home/apt,5.41610,5.16485
3903520,NYC,Entire home/apt,5.01728,5.16485
5410140,Boston,Entire home/apt,4.86753,5.14174
15436493,NYC,Entire home/apt,4.97673,4.71013
5172959,NYC,Private room,4.00733,4.35058
854515,NYC,Private room,4.57471,4.29349
238204,DC,Private room,4.82831,4.76043
16001987,NYC,Entire home/apt,4.60517,4.87795
16855668,DC,Entire home/apt,4.78749,4.81268
4811433,NYC,Private room,4.00733,4.37333
18012893,LA,Private room,4.69135,4.05178
5233385,NYC,Private room,4.48864,4.53240
14522334,NYC,Private room,4.38203,4.57563
6559926,NYC,Entire home/apt,5.41610,5.88061
6686012,DC,Private room,3.78419,4.04593
14714654,LA,Entire home/apt,5.01064,4.80446
20745608,NYC,Private room,4.59512,4.36302
6053918,LA,Private room,4.00733,4.11653
20799137,DC,Private room,4.17439,4.33502
6881472,NYC,Private room,4.40672,4.20742
17380737,LA,Private room,4.35671,4.01896
13757434,NYC,Entire home/apt,5.07517,4.86115
17844037,NYC,Entire home/apt,6.10925,6.12253
13526170,LA,Private room,3.82864,4.50197
3569374,LA,Shared room,4.09434,4.46709
8016489,NYC,Private room,3.87120,4.26167
17681277,LA,Entire home/apt,4.77912,4.86728
12004848,NYC,Entire home/apt,5.37064,5.24451
6955761,DC,Entire home/apt,5.70044,5.20842
15772057,Boston,Entire home/apt,5.63121,5.41301
19385783,NYC,Private room,4.55388,4.75406
17528025,DC,Entire home/apt,6.55108,5.96612
6461553,LA,Entire home/apt,6.04025,5.98177
11435349,SF,Private room,4.78749,4.89211
14841388,NYC,Entire home/apt,4.53260,5.13483
4753866,Boston,Entire home/apt,4.99043,5.25386
13012890,NYC,Private room,4.09434,4.33098
12349171,LA,Entire home/apt,4.86753,4.94237
5833140,NYC,Entire home/apt,4.82831,4.92177
7931059,NYC,Entire home/apt,4.29046,4.64869
9731879,DC,Entire home/apt,5.99146,5.59823
18199830,NYC,Entire home/apt,5.01064,4.95379
8300958,LA,Entire home/apt,4.82831,4.94743
20187433,LA,Entire home/apt,4.55388,5.10071
14889818,DC,Entire home/apt,5.37064,5.07444
17908963,SF,Entire home/apt,6.90776,5.92347
2487848,Chicago,Entire home/apt,4.31749,4.21021
8637381,Boston,Private room,4.31749,4.02524
2244409,NYC,Private room,3.95124,4.23785
6693403,LA,Entire home/apt,5.52146,5.43940
1267215,LA,Entire home/apt,5.52146,5.80193
7966742,NYC,Entire home/apt,5.07517,5.16194
14428745,NYC,Private room,4.09434,3.98116
1431246,DC,Entire home/apt,4.55388,4.86317
13078902,NYC,Entire home/apt,6.38856,5.87439
16043793,NYC,Entire home/apt,4.88280,4.99769
808809,LA,Entire home/apt,5.03044,4.95774
6437396,NYC,Private room,3.91202,4.41839
6413511,LA,Entire home/apt,5.52146,5.06412
18154633,NYC,Entire home/apt,4.97673,4.91913
15421279,LA,Entire home/apt,4.62497,5.03522
19604123,DC,Entire home/apt,4.31749,4.29151
1484310,SF,Private room,4.70048,4.98189
5361901,SF,Private room,4.78749,5.12882
14430336,LA,Private room,4.44265,4.48560
12628318,NYC,Private room,4.60517,4.49308
6285844,Chicago,Entire home/apt,5.01064,5.42955
13098930,NYC,Entire home/apt,5.37064,4.92703
14279748,LA,Entire home/apt,4.44265,4.53349
3962349,LA,Entire home/apt,5.32788,5.42406
8652541,LA,Entire home/apt,4.78749,5.00374
16082687,LA,Entire home/apt,4.48864,4.57927
12149510,NYC,Entire home/apt,5.29832,5.57297
15073747,SF,Private room,4.86753,5.35892
15847347,NYC,Entire home/apt,5.01064,4.96731
17266190,NYC,Entire home/apt,4.78749,4.93556
19359041,NYC,Private room,4.49981,4.38455
19072407,NYC,Entire home/apt,4.94164,5.47799
13461289,SF,Entire home/apt,5.16479,5.37680
19069048,NYC,Entire home/apt,6.61874,5.39158
11564960,LA,Private room,4.17439,4.10861
18008121,LA,Private room,4.55388,4.27077
17600925,NYC,Entire home/apt,5.99146,5.46705
1736474,NYC,Private room,4.60517,4.90585
15844631,NYC,Private room,4.60517,4.81910
10766365,DC,Entire home/apt,6.55108,5.82501
18569489,Boston,Entire home/apt,4.59512,5.30061
17042587,NYC,Private room,4.38203,4.37359
5135861,LA,Private room,4.59512,4.34042
15590672,NYC,Entire home/apt,5.01064,4.70327
7418369,DC,Private room,4.17439,4.19008
8065272,LA,Private room,4.59512,4.33910
9709799,NYC,Entire home/apt,4.31749,5.38443
20817313,NYC,Entire home/apt,5.92693,5.41773
14744559,SF,Shared room,3.73767,5.19910
7205542,NYC,Entire home/apt,5.99146,6.04002
737075,NYC,Private room,4.77912,4.44475
17753649,SF,Private room,5.41610,5.28106
13675602,LA,Private room,4.00733,3.87040
19798661,SF,Entire home/apt,5.68698,5.76024
19136705,DC,Entire home/apt,4.77912,5.01664
10719039,NYC,Entire home/apt,4.60517,4.79212
12870380,LA,Private room,3.55535,3.87299
9585339,NYC,Shared room,4.60517,4.31805
4364924,NYC,Entire home/apt,5.01064,4.80788
13042201,LA,Entire home/apt,5.29330,4.78960
20981430,NYC,Private room,4.17439,4.25118
14359793,NYC,Private room,5.94017,5.01048
875460,LA,Private room,4.36945,4.00695
4024981,NYC,Private room,4.38203,4.21883
4558483,NYC,Entire home/apt,4.48864,4.77240
14024887,LA,Entire home/apt,4.69135,4.87985
11873789,NYC,Private room,4.48864,4.56822
6800858,NYC,Private room,4.24850,4.26086
8030646,LA,Entire home/apt,5.50126,5.97003
20898258,NYC,Entire home/apt,5.13580,5.06618
10189605,Boston,Entire home/apt,5.29330,4.98867
11299682,NYC,Entire home/apt,5.01064,5.18307
7030296,LA,Private room,4.44265,4.51439
1256768,NYC,Private room,4.21951,4.36726
15437132,LA,Entire home/apt,5.00395,4.90086
17777475,NYC,Entire home/apt,5.07517,5.22409
20608117,Chicago,Entire home/apt,5.52146,5.53570
8195032,DC,Entire home/apt,4.38203,4.48050
7984226,SF,Entire home/apt,5.70378,5.87408
12987777,LA,Entire home/apt,5.63121,5.20235
3962085,NYC,Entire home/apt,5.39363,5.32200
10071225,LA,Private room,3.89182,3.93044
5045601,NYC,Entire home/apt,4.23411,4.81115
15484380,LA,Entire home/apt,5.01064,4.90717
10480018,DC,Entire home/apt,6.21461,5.70063
10685825,LA,Private room,5.70378,5.22276
16110341,LA,Entire home/apt,4.82831,5.12390
5028135,NYC,Private room,4.78749,4.26373
6198188,NYC,Private room,4.09434,4.07610
13464348,Chicago,Private room,3.25810,3.69222
11803487,SF,Private room,5.10595,4.68615
18466538,NYC,Entire home/apt,5.24702,5.03272
5432178,NYC,Private room,4.09434,4.53682
4143561,LA,Private room,4.17439,4.01746
4247890,LA,Entire home/apt,4.31749,4.83595
17666289,NYC,Private room,4.90527,4.68867
6208796,NYC,Entire home/apt,7.31322,5.43506
18343590,SF,Entire home/apt,5.75257,5.87626
17017418,NYC,Entire home/apt,6.20456,5.50018
9184982,LA,Entire home/apt,4.09434,4.62351
886378,DC,Private room,4.60517,4.39816
3081324,NYC,Private room,3.91202,3.76726
14818363,NYC,Entire home/apt,5.43808,5.05570
12326309,LA,Entire home/apt,5.27300,5.24151
6731847,NYC,Entire home/apt,5.07517,5.12937
2845438,NYC,Private room,4.31749,4.09377
13342206,DC,Entire home/apt,5.99146,5.29537
20255158,Boston,Entire home/apt,4.60517,4.81814
65556,DC,Private room,4.09434,4.41901
3095477,LA,Private room,4.31749,4.07805
16425155,LA,Entire home/apt,5.01064,5.18601
16654131,LA,Entire home/apt,4.44265,4.48233
17380431,DC,Entire home/apt,7.31322,6.03626
4581255,NYC,Private room,4.44265,4.27018
16614431,NYC,Entire home/apt,5.82600,6.07474
11524783,Chicago,Entire home/apt,5.99146,5.87327
163814,NYC,Entire home/apt,5.55296,5.23752
2426798,NYC,Private room,2.70805,4.02394
2276603,DC,Entire home/apt,4.94164,5.44651
12703003,LA,Private room,3.29584,4.04587
14963271,NYC,Private room,4.09434,4.57086
16508501,NYC,Private room,5.41610,4.71564
5578513,LA,Entire home/apt,4.59512,4.59586
11609852,LA,Entire home/apt,5.70378,6.08603
13512004,SF,Private room,4.78749,4.60404
20516711,LA,Entire home/apt,4.52179,4.58192
6854372,NYC,Entire home/apt,5.23644,5.35270
7711899,NYC,Shared room,3.91202,3.90425
18226054,DC,Entire home/apt,5.01064,4.51010
16701051,LA,Entire home/apt,6.47697,6.35601
11679859,Boston,Entire home/apt,5.10595,4.61704
7085490,NYC,Private room,4.27667,4.29386
17858346,NYC,Private room,4.69135,5.04888
19327327,LA,Private room,4.00733,4.24252
14574479,LA,Entire home/apt,4.53260,4.42828
13940243,Chicago,Entire home/apt,5.01064,4.78665
5880532,SF,Entire home/apt,5.85793,5.23421
16586966,Boston,Entire home/apt,5.94017,5.53359
8863216,DC,Entire home/apt,5.65249,5.49919
7341276,SF,Private room,4.06044,4.74925
16596868,NYC,Entire home/apt,5.16479,5.17244
12542544,NYC,Entire home/apt,5.61677,5.41847
8012793,LA,Private room,3.80666,4.09824
7234578,LA,Private room,4.82831,4.27986
17142023,NYC,Entire home/apt,5.20401,5.18746
11791225,NYC,Entire home/apt,5.01064,4.85255
17370714,LA,Private room,4.17439,4.08451
14472272,Chicago,Private room,3.91202,3.97771
7272492,LA,Private room,3.66356,4.21307
9248049,LA,Private room,4.17439,4.15554
16230221,NYC,Entire home/apt,6.10925,6.01066
14810289,LA,Private room,3.73767,4.18907
16815167,NYC,Private room,4.17439,3.88432
19162211,LA,Private room,4.82831,4.91969
1482697,NYC,Entire home/apt,5.14749,4.67160
13884263,LA,Entire home/apt,5.23644,4.90317
9616042,NYC,Entire home/apt,5.75257,5.09356
4094503,LA,Entire home/apt,5.01064,5.14869
21136103,NYC,Entire home/apt,4.55388,5.10331
15644082,SF,Entire home/apt,5.01064,4.97618
19808834,NYC,Private room,4.23411,4.21363
19190801,LA,Entire home/apt,5.43372,5.34700
12452121,NYC,Entire home/apt,5.27811,5.23908
12735111,Chicago,Private room,3.21888,3.76543
2192641,NYC,Private room,4.24850,3.85350
768161,NYC,Entire home/apt,4.60517,5.14285
1113230,NYC,Entire home/apt,4.44265,4.66620
16272025,DC,Entire home/apt,6.39693,5.74169
11484445,LA,Private room,4.14313,4.36129
6288004,NYC,Entire home/apt,5.52146,5.58466
15875133,DC,Private room,4.06044,4.53310
20895079,LA,Private room,4.20469,3.60770
15327360,NYC,Entire home/apt,5.52146,5.86977
8174646,NYC,Private room,4.15888,4.05319
14529768,SF,Private room,4.27667,4.78888
20623570,NYC,Entire home/apt,5.95324,5.74266
19985392,LA,Private room,4.48864,4.00570
1332786,NYC,Private room,4.07754,4.01593
20287051,SF,Entire home/apt,6.05209,5.95539
18609242,NYC,Private room,4.78749,4.13955
4470166,LA,Entire home/apt,4.17439,4.48656
17437023,NYC,Private room,4.24850,4.52890
16814011,NYC,Entire home/apt,4.52179,4.60607
16553544,LA,Entire home/apt,4.59512,4.86183
19554177,Chicago,Entire home/apt,5.16479,5.16558
7897016,LA,Entire home/apt,6.21461,6.30015
16261506,NYC,Private room,3.89182,3.95620
20542010,NYC,Entire home/apt,4.94164,5.01170
9978348,LA,Entire home/apt,5.68698,4.78854
14967994,NYC,Entire home/apt,4.82831,5.10978
16202553,LA,Private room,4.00733,3.93251
4540852,NYC,Private room,4.24850,4.19473
19169,NYC,Private room,3.91202,3.76541
7562913,LA,Private room,3.33220,3.75195
5019306,SF,Private room,5.27300,4.48569
20884977,SF,Entire home/apt,4.94164,4.96690
17267668,NYC,Entire home/apt,5.16479,4.77956
10840414,LA,Entire home/apt,5.66988,5.24879
17734426,NYC,Entire home/apt,5.01064,4.93162
18080483,DC,Entire home/apt,5.01064,5.54448
9991265,SF,Entire home/apt,4.74493,4.67954
15270120,Chicago,Entire home/apt,5.00395,5.41694
8445595,SF,Entire home/apt,5.99146,6.12428
17643854,NYC,Private room,5.52146,4.74490
13326411,Boston,Private room,3.93183,3.98101
9335892,NYC,Entire home/apt,5.00395,5.00230
17404757,LA,Entire home/apt,5.01064,4.82318
10859573,Boston,Private room,4.20469,4.54616
10282315,NYC,Shared room,3.85015,3.90679
14748391,SF,Private room,5.29832,4.78891
21107701,NYC,Private room,4.48864,4.52817
16722560,LA,Private room,3.89182,4.43875
20548646,NYC,Private room,5.16479,4.25379
20998098,NYC,Private room,3.98898,4.21747
14375661,LA,Entire home/apt,6.90274,6.74923
9255725,NYC,Entire home/apt,4.60517,4.67849
3111849,LA,Entire home/apt,5.27300,5.93338
2815280,LA,Private room,3.91202,3.87506
2045727,Chicago,Entire home/apt,4.17439,4.98436
6493737,LA,Entire home/apt,5.56068,5.94610
15144508,NYC,Entire home/apt,6.73102,6.14574
20900400,LA,Private room,4.31749,4.38488
6845613,SF,Private room,4.58497,4.44420
14695936,LA,Private room,4.59512,4.58623
4469178,LA,Entire home/apt,4.59512,4.62747
3228100,LA,Entire home/apt,4.55388,4.68994
15023760,DC,Entire home/apt,4.78749,5.51482
18738360,SF,Entire home/apt,5.70378,5.73349
16011299,NYC,Private room,4.00733,4.12606
17610618,Chicago,Entire home/apt,4.82831,4.47177
17495862,LA,Private room,4.07754,3.94428
4907207,NYC,Entire home/apt,5.52146,5.59275
13673021,NYC,Private room,4.86753,4.84115
9091930,NYC,Entire home/apt,4.85203,5.12865
19239064,LA,Entire home/apt,6.82979,6.62306
15770878,NYC,Private room,3.91202,3.94095
10588426,NYC,Entire home/apt,5.07517,5.16574
13280390,Chicago,Entire home/apt,4.47734,4.58817
13247674,NYC,Entire home/apt,6.68461,6.39772
681805,DC,Private room,5.07517,4.89087
1810486,LA,Entire home/apt,4.59512,5.11987
11601670,SF,Private room,4.38203,4.66548
2065706,LA,Private room,4.17439,4.51836
12749145,LA,Private room,4.78749,4.35206
6999056,NYC,Private room,3.80666,4.13025
11774449,LA,Private room,4.07754,4.20915
15733592,NYC,Private room,4.49981,4.23790
15464275,NYC,Entire home/apt,4.82831,4.70689
7460924,LA,Private room,4.23411,4.18216
898543,NYC,Private room,4.14313,4.14089
15655443,NYC,Entire home/apt,5.39363,5.21962
2117550,DC,Entire home/apt,4.78749,4.77541
4969766,NYC,Private room,3.55535,4.10709
14249185,Boston,Entire home/apt,5.29832,5.40993
13636622,LA,Entire home/apt,4.70048,4.76423
12075499,NYC,Private room,4.44265,4.49788
15588469,NYC,Entire home/apt,5.68358,5.33052
7526972,LA,Private room,4.00733,4.18428
13885255,DC,Private room,4.21951,4.22390
13992082,NYC,Private room,4.30407,4.11066
738298,LA,Entire home/apt,4.58497,4.62138
15176061,DC,Entire home/apt,5.51745,6.03362
15067461,LA,Entire home/apt,5.12990,4.85441
668400,LA,Private room,4.59512,4.37325
1101458,Chicago,Entire home/apt,5.29832,5.47365
12201796,LA,Entire home/apt,5.19296,5.12758
6346746,LA,Private room,4.07754,3.90887
11016175,SF,Private room,4.69135,4.73664
5270394,Boston,Private room,4.17439,4.35726
4350952,LA,Entire home/apt,4.77912,5.04814
18447945,NYC,Entire home/apt,4.24850,4.53938
8473623,NYC,Entire home/apt,5.24175,4.87855
17670856,NYC,Entire home/apt,5.16479,5.34144
10594703,LA,Entire home/apt,4.38203,4.79965
7401408,DC,Shared room,4.31749,3.94202
17157735,SF,Entire home/apt,5.52146,5.62556
15099391,LA,Entire home/apt,4.78749,4.99631
238085,NYC,Entire home/apt,4.59512,4.95820
16720662,NYC,Entire home/apt,5.21494,4.99267
426336,SF,Private room,4.93447,4.83665
19194530,NYC,Entire home/apt,5.00395,5.00969
6452967,LA,Private room,3.68888,4.14203
9541666,SF,Entire home/apt,5.41610,5.52590
16267006,NYC,Private room,3.91202,4.06965
18325068,DC,Private room,4.38203,4.65365
18432875,NYC,Entire home/apt,4.60517,4.81987
5631683,NYC,Entire home/apt,4.94164,4.87283
16271435,SF,Entire home/apt,5.29832,5.46997
17842647,LA,Private room,4.65396,4.14860
5796625,NYC,Private room,4.82831,4.47412
6361956,NYC,Private room,3.55535,4.09251
18476058,Chicago,Entire home/apt,4.94164,5.05448
4365466,NYC,Entire home/apt,4.60517,5.21236
8627949,NYC,Private room,3.80666,4.67606
15397275,LA,Private room,4.38203,4.47896
10792256,LA,Entire home/apt,4.49981,5.00757
18082349,LA,Private room,4.44265,4.37200
14843338,NYC,Private room,4.02535,4.23953
13793651,NYC,Entire home/apt,4.82831,4.96224
17369361,NYC,Private room,4.90527,4.60211
2818072,DC,Entire home/apt,5.50126,5.10587
18395212,LA,Entire home/apt,5.07517,4.68929
12105805,Boston,Entire home/apt,4.86753,5.05817
12867950,NYC,Entire home/apt,4.74493,4.80960
19843731,NYC,Private room,3.89182,4.54102
5394755,LA,Private room,4.00733,3.91525
18992110,LA,Entire home/apt,5.01064,5.43889
470709,LA,Entire home/apt,5.70378,5.34932
160565,LA,Entire home/apt,4.55388,4.72705
990269,NYC,Private room,3.80666,4.01212
6452230,LA,Private room,4.17439,4.28594
9391206,LA,Shared room,3.36730,3.69404
19296720,LA,Entire home/apt,6.90776,6.53262
15253432,DC,Entire home/apt,5.61677,6.11241
8606596,Chicago,Entire home/apt,4.94164,4.82702
5164711,NYC,Entire home/apt,5.65249,5.26581
17144320,NYC,Private room,3.80666,4.15055
850338,NYC,Private room,4.60517,4.20546
5354313,SF,Entire home/apt,5.52146,5.31979
6661170,NYC,Private room,3.91202,3.78506
4606513,LA,Entire home/apt,4.77912,4.63740
4981192,SF,Entire home/apt,5.34711,5.40563
12733742,LA,Entire home/apt,4.60517,4.73554
17487730,Boston,Entire home/apt,5.70378,5.51406
14667926,NYC,Private room,3.40120,4.07826
2098334,NYC,Entire home/apt,3.91202,4.46230
9180537,LA,Entire home/apt,5.58725,6.11973
9407921,LA,Private room,4.60517,4.10206
15236476,NYC,Private room,3.91202,4.37604
1233065,NYC,Private room,3.55535,4.12911
19729805,NYC,Private room,4.82831,4.53830
2685750,NYC,Private room,5.70378,4.81416
16634965,NYC,Entire home/apt,6.01372,5.96975
6767603,SF,Private room,4.55388,4.74225
19144259,DC,Private room,4.31749,4.24866
16911368,LA,Private room,4.60517,4.72917
17641480,NYC,Entire home/apt,5.43808,5.12305
8352020,LA,Private room,4.59512,4.26092
18601040,Chicago,Entire home/apt,4.23411,4.51059
11890794,NYC,Private room,4.17439,4.00074
14009936,DC,Entire home/apt,5.41610,5.44249
53758,NYC,Private room,5.07517,4.62978
19909329,LA,Private room,4.60517,4.27483
19933657,NYC,Entire home/apt,4.17439,4.55069
8540473,SF,Entire home/apt,4.94164,4.95286
4890995,DC,Entire home/apt,5.16479,5.17119
16322899,LA,Entire home/apt,4.85981,5.14321
17436116,NYC,Entire home/apt,4.75359,4.83865
13315551,DC,Private room,3.87120,4.36895
15615256,Boston,Private room,4.60517,4.41958
16841568,NYC,Private room,4.38203,4.32892
14400725,NYC,Entire home/apt,4.99043,5.16216
16151037,NYC,Entire home/apt,5.24175,5.01605
13688739,SF,Private room,4.38203,4.53955
15705370,DC,Private room,4.55388,4.62623
16812557,NYC,Private room,4.38203,4.34001
9737805,NYC,Private room,4.60517,4.86616
12704360,Boston,Entire home/apt,5.01064,5.02010
18412056,LA,Private room,4.17439,4.06229
16882145,Boston,Entire home/apt,4.85981,4.99191
17418581,SF,Entire home/apt,5.97889,5.49633
9979796,NYC,Entire home/apt,4.60517,4.91231
7086310,LA,Entire home/apt,6.90776,5.34761
6063050,SF,Private room,4.17439,4.60078
3177497,SF,Private room,5.01064,5.08258
9859155,NYC,Entire home/apt,5.84354,5.26877
4075541,DC,Entire home/apt,4.65396,4.99165
2128761,NYC,Private room,4.17439,4.01554
14777684,LA,Entire home/apt,4.47734,4.78807
538590,DC,Entire home/apt,4.90527,5.46169
14091525,LA,Private room,4.60517,4.70341
18074943,NYC,Private room,4.31749,4.11152
4236013,NYC,Entire home/apt,5.01064,4.88161
13346113,Chicago,Entire home/apt,4.70048,5.24365
19228330,DC,Entire home/apt,4.94876,4.88054
8626913,NYC,Private room,3.68888,4.14283
16515193,NYC,Entire home/apt,4.38203,4.68638
15239590,NYC,Private room,3.91202,3.98003
11496210,NYC,Private room,4.70048,4.61310
20026998,LA,Entire home/apt,4.55388,4.61857
5651075,LA,Private room,4.27667,4.21049
2915375,NYC,Private room,4.60517,4.38701
16176701,LA,Private room,4.58497,4.33063
18090681,LA,Shared room,4.11087,3.51131
4784498,SF,Entire home/apt,5.13580,5.39306
4033228,Chicago,Entire home/apt,4.35671,4.91491
12684394,LA,Private room,4.24850,4.03439
11989532,NYC,Private room,4.60517,4.90237
20652462,LA,Entire home/apt,5.04343,5.27341
12380210,NYC,Entire home/apt,5.22036,5.21588
19533966,NYC,Entire home/apt,5.27300,5.41311
18507240,LA,Entire home/apt,4.85203,4.73180
